ISO-10303-21;
HEADER;
FILE_DESCRIPTION (( 'STEP AP214' ),
    '1' );
FILE_NAME ('epaper-screen-2.STEP',
    '2026-08-22T22:07:14',
    ( '' ),
    ( '' ),
    'SwSTEP 2.0',
    'SolidWorks 2019',
    '' );
FILE_SCHEMA (( 'AUTOMOTIVE_DESIGN' ));
ENDSEC;

DATA;
#1 = DIRECTION ( 'NONE',  ( -1.000000000000000000, 0.000000000000000000, 0.000000000000000000 ) ) ;
#2 = CARTESIAN_POINT ( 'NONE',  ( -88.00000000000001421, -59.00000000000000000, -24.00000000000000000 ) ) ;
#3 = EDGE_CURVE ( 'NONE', #2828, #1650, #652, .T. ) ;
#4 = VERTEX_POINT ( 'NONE', #1992 ) ;
#5 = ORIENTED_EDGE ( 'NONE', *, *, #1583, .F. ) ;
#6 = DIRECTION ( 'NONE',  ( 0.000000000000000000, 0.000000000000000000, 1.000000000000000000 ) ) ;
#7 = VERTEX_POINT ( 'NONE', #668 ) ;
#8 = CARTESIAN_POINT ( 'NONE',  ( -87.99999999999998579, 59.00000000000000000, -24.00000000000000000 ) ) ;
#9 = CARTESIAN_POINT ( 'NONE',  ( 90.00100000000001899, -1.500000000000000000, -10.50000000000000000 ) ) ;
#10 = CARTESIAN_POINT ( 'NONE',  ( 90.00100000000001899, -50.20000000000002416, -5.000000000000000000 ) ) ;
#11 = ORIENTED_EDGE ( 'NONE', *, *, #2489, .F. ) ;
#12 = DIRECTION ( 'NONE',  ( 0.000000000000000000, 1.000000000000000000, 0.000000000000000000 ) ) ;
#13 = ORIENTED_EDGE ( 'NONE', *, *, #972, .T. ) ;
#14 = ORIENTED_EDGE ( 'NONE', *, *, #1040, .T. ) ;
#15 = DIRECTION ( 'NONE',  ( 1.000000000000000000, 0.000000000000000000, 0.000000000000000000 ) ) ;
#16 = DIRECTION ( 'NONE',  ( 0.000000000000000000, 0.000000000000000000, 1.000000000000000000 ) ) ;
#17 = DIRECTION ( 'NONE',  ( 0.000000000000000000, 0.000000000000000000, 1.000000000000000000 ) ) ;
#18 = VECTOR ( 'NONE', #1878, 1000.000000000000000 ) ;
#19 = EDGE_CURVE ( 'NONE', #7, #1867, #769, .T. ) ;
#20 = EDGE_CURVE ( 'NONE', #2324, #1065, #1342, .T. ) ;
#21 = ORIENTED_EDGE ( 'NONE', *, *, #2452, .F. ) ;
#22 = VERTEX_POINT ( 'NONE', #2237 ) ;
#23 = FACE_OUTER_BOUND ( 'NONE', #2184, .T. ) ;
#24 = ORIENTED_EDGE ( 'NONE', *, *, #911, .T. ) ;
#25 = DIRECTION ( 'NONE',  ( 0.000000000000000000, 0.000000000000000000, -1.000000000000000000 ) ) ;
#26 = CARTESIAN_POINT ( 'NONE',  ( 1.500000000000000000, -60.00100000000002609, -12.50000000000000000 ) ) ;
#27 = DIRECTION ( 'NONE',  ( -0.000000000000000000, -1.000000000000000000, -0.000000000000000000 ) ) ;
#28 = ORIENTED_EDGE ( 'NONE', *, *, #2700, .F. ) ;
#29 = DIRECTION ( 'NONE',  ( 0.000000000000000000, 0.000000000000000000, 1.000000000000000000 ) ) ;
#30 = AXIS2_PLACEMENT_3D ( 'NONE', #1371, #713, #1628 ) ;
#31 = VERTEX_POINT ( 'NONE', #867 ) ;
#32 = CIRCLE ( 'NONE', #2193, 2.000000000000001776 ) ;
#33 = CARTESIAN_POINT ( 'NONE',  ( 89.00000000000000000, 57.99999999999998579, -24.00000000000000000 ) ) ;
#34 = ORIENTED_EDGE ( 'NONE', *, *, #535, .F. ) ;
#35 = CARTESIAN_POINT ( 'NONE',  ( 90.00000000000000000, -57.99999999999999289, -23.00000000000000000 ) ) ;
#36 = ORIENTED_EDGE ( 'NONE', *, *, #401, .F. ) ;
#37 = ORIENTED_EDGE ( 'NONE', *, *, #1661, .T. ) ;
#38 = FACE_OUTER_BOUND ( 'NONE', #357, .T. ) ;
#39 = EDGE_CURVE ( 'NONE', #1153, #1610, #2274, .T. ) ;
#40 = DIRECTION ( 'NONE',  ( -1.000000000000000000, 2.392722035830078479E-16, 0.000000000000000000 ) ) ;
#41 = EDGE_CURVE ( 'NONE', #2353, #2506, #88, .T. ) ;
#42 = DIRECTION ( 'NONE',  ( -0.000000000000000000, 1.000000000000000000, -0.000000000000000000 ) ) ;
#43 = LINE ( 'NONE', #2299, #1151 ) ;
#44 = ORIENTED_EDGE ( 'NONE', *, *, #1896, .T. ) ;
#45 = CARTESIAN_POINT ( 'NONE',  ( 79.10000000000000853, 58.00000000000000000, -21.19999999999999929 ) ) ;
#46 = EDGE_CURVE ( 'NONE', #2522, #1903, #211, .T. ) ;
#47 = ORIENTED_EDGE ( 'NONE', *, *, #1168, .F. ) ;
#48 = EDGE_LOOP ( 'NONE', ( #1930, #2264, #14, #2425 ) ) ;
#49 = AXIS2_PLACEMENT_3D ( 'NONE', #1799, #441, #2269 ) ;
#50 = FACE_BOUND ( 'NONE', #1258, .T. ) ;
#51 = CIRCLE ( 'NONE', #2404, 2.000000000000001776 ) ;
#52 = ORIENTED_EDGE ( 'NONE', *, *, #1808, .F. ) ;
#53 = VERTEX_POINT ( 'NONE', #2490 ) ;
#54 = CARTESIAN_POINT ( 'NONE',  ( 88.00000000000001421, 0.1999999999999790279, -6.000000000000000888 ) ) ;
#55 = EDGE_LOOP ( 'NONE', ( #1067, #639, #1148, #2286 ) ) ;
#56 = AXIS2_PLACEMENT_3D ( 'NONE', #148, #1968, #2405 ) ;
#57 = DIRECTION ( 'NONE',  ( -1.000000000000000000, -0.000000000000000000, -0.000000000000000000 ) ) ;
#58 = CARTESIAN_POINT ( 'NONE',  ( 88.99999999999998579, -57.99999999999999289, -24.00000000000000000 ) ) ;
#59 = ORIENTED_EDGE ( 'NONE', *, *, #2887, .T. ) ;
#60 = ADVANCED_FACE ( 'NONE', ( #913 ), #2446, .F. ) ;
#61 = DIRECTION ( 'NONE',  ( 0.000000000000000000, -1.000000000000000000, 0.000000000000000000 ) ) ;
#62 = ORIENTED_EDGE ( 'NONE', *, *, #78, .T. ) ;
#63 = DIRECTION ( 'NONE',  ( 0.000000000000000000, -0.000000000000000000, -1.000000000000000000 ) ) ;
#64 = ORIENTED_EDGE ( 'NONE', *, *, #1311, .F. ) ;
#65 = EDGE_LOOP ( 'NONE', ( #2819, #1213, #1601, #1887 ) ) ;
#66 = ORIENTED_EDGE ( 'NONE', *, *, #224, .T. ) ;
#67 = VECTOR ( 'NONE', #205, 1000.000000000000000 ) ;
#68 = DIRECTION ( 'NONE',  ( 1.000000000000000000, 0.000000000000000000, 0.000000000000000000 ) ) ;
#69 = CARTESIAN_POINT ( 'NONE',  ( -82.00000000000000000, 52.00000000000000000, 0.000000000000000000 ) ) ;
#70 = CYLINDRICAL_SURFACE ( 'NONE', #2966, 0.5000000000000004441 ) ;
#71 = EDGE_LOOP ( 'NONE', ( #208, #2965, #576, #2769 ) ) ;
#72 = STYLED_ITEM ( 'NONE', ( #1157 ), #1963 ) ;
#73 = DIRECTION ( 'NONE',  ( 0.000000000000000000, 0.000000000000000000, -1.000000000000000000 ) ) ;
#74 = EDGE_CURVE ( 'NONE', #223, #1402, #2220, .T. ) ;
#75 = EDGE_CURVE ( 'NONE', #1883, #2721, #1383, .T. ) ;
#76 = ORIENTED_EDGE ( 'NONE', *, *, #2720, .T. ) ;
#77 = LINE ( 'NONE', #1211, #469 ) ;
#78 = EDGE_CURVE ( 'NONE', #974, #1851, #1774, .T. ) ;
#79 = CIRCLE ( 'NONE', #2715, 0.5000000000000008882 ) ;
#80 = ORIENTED_EDGE ( 'NONE', *, *, #2959, .F. ) ;
#81 = ORIENTED_EDGE ( 'NONE', *, *, #2752, .T. ) ;
#82 = FACE_BOUND ( 'NONE', #1706, .T. ) ;
#83 = DIRECTION ( 'NONE',  ( -1.000000000000000000, 2.392722035830078479E-16, 0.000000000000000000 ) ) ;
#84 = AXIS2_PLACEMENT_3D ( 'NONE', #2750, #454, #403 ) ;
#85 = DIRECTION ( 'NONE',  ( -0.000000000000000000, -0.000000000000000000, -1.000000000000000000 ) ) ;
#86 = VERTEX_POINT ( 'NONE', #1782 ) ;
#87 = DIRECTION ( 'NONE',  ( 0.000000000000000000, 0.000000000000000000, 1.000000000000000000 ) ) ;
#88 = CIRCLE ( 'NONE', #2827, 0.8999999999999962474 ) ;
#89 = DIRECTION ( 'NONE',  ( -1.000000000000000000, 0.000000000000000000, 0.000000000000000000 ) ) ;
#90 = ORIENTED_EDGE ( 'NONE', *, *, #1881, .T. ) ;
#91 = CARTESIAN_POINT ( 'NONE',  ( 80.00000000000000000, 58.00000000000000000, -18.70000000000000284 ) ) ;
#92 = ORIENTED_EDGE ( 'NONE', *, *, #303, .F. ) ;
#93 = DIRECTION ( 'NONE',  ( -1.000000000000000000, -0.000000000000000000, -0.000000000000000000 ) ) ;
#94 = ORIENTED_EDGE ( 'NONE', *, *, #739, .F. ) ;
#95 = PLANE ( 'NONE',  #190 ) ;
#96 = AXIS2_PLACEMENT_3D ( 'NONE', #2428, #377, #1993 ) ;
#97 = AXIS2_PLACEMENT_3D ( 'NONE', #99, #1292, #800 ) ;
#98 = PLANE ( 'NONE',  #2613 ) ;
#99 = CARTESIAN_POINT ( 'NONE',  ( -79.10000000000000853, 60.00099999999999767, -18.70000000000000284 ) ) ;
#100 = DIRECTION ( 'NONE',  ( -1.000000000000000000, 0.000000000000000000, 0.000000000000000000 ) ) ;
#101 = PLANE ( 'NONE',  #233 ) ;
#102 = VERTEX_POINT ( 'NONE', #2694 ) ;
#103 = DIRECTION ( 'NONE',  ( 1.000000000000000000, 0.000000000000000000, 0.000000000000000000 ) ) ;
#104 = EDGE_LOOP ( 'NONE', ( #2510, #2005, #2094, #881 ) ) ;
#105 = CARTESIAN_POINT ( 'NONE',  ( 4.099999999999992539, -60.00100000000002609, -20.30000000000000426 ) ) ;
#106 = ORIENTED_EDGE ( 'NONE', *, *, #2029, .T. ) ;
#107 = DIRECTION ( 'NONE',  ( -0.000000000000000000, -1.000000000000000000, -0.000000000000000000 ) ) ;
#108 = EDGE_CURVE ( 'NONE', #1964, #1665, #695, .T. ) ;
#109 = EDGE_CURVE ( 'NONE', #2546, #2350, #1056, .T. ) ;
#110 = ADVANCED_FACE ( 'NONE', ( #680 ), #2872, .T. ) ;
#111 = CIRCLE ( 'NONE', #2131, 0.8000000000000020428 ) ;
#112 = CARTESIAN_POINT ( 'NONE',  ( 90.00000000000000000, -50.20000000000002416, -14.20000000000000462 ) ) ;
#113 = VECTOR ( 'NONE', #2026, 1000.000000000000000 ) ;
#114 = VECTOR ( 'NONE', #289, 1000.000000000000000 ) ;
#115 = DIRECTION ( 'NONE',  ( 1.000000000000000000, 6.938893903907222067E-15, 0.000000000000000000 ) ) ;
#116 = CARTESIAN_POINT ( 'NONE',  ( 88.00000000000000000, -57.99999999999999289, -23.00000000000000000 ) ) ;
#117 = DIRECTION ( 'NONE',  ( -0.000000000000000000, -1.000000000000000000, -0.000000000000000000 ) ) ;
#118 = VERTEX_POINT ( 'NONE', #712 ) ;
#119 = DIRECTION ( 'NONE',  ( 1.000000000000000000, 0.000000000000000000, 0.000000000000000000 ) ) ;
#120 = ORIENTED_EDGE ( 'NONE', *, *, #1951, .F. ) ;
#121 = FACE_OUTER_BOUND ( 'NONE', #1905, .T. ) ;
#122 = ORIENTED_EDGE ( 'NONE', *, *, #266, .F. ) ;
#123 = LINE ( 'NONE', #612, #676 ) ;
#124 = VECTOR ( 'NONE', #929, 1000.000000000000000 ) ;
#125 = DIRECTION ( 'NONE',  ( -0.000000000000000000, -0.000000000000000000, -1.000000000000000000 ) ) ;
#126 = AXIS2_PLACEMENT_3D ( 'NONE', #1416, #1641, #29 ) ;
#127 = DIRECTION ( 'NONE',  ( 1.000000000000000000, -0.000000000000000000, -0.000000000000000000 ) ) ;
#128 = ADVANCED_FACE ( 'NONE', ( #2512 ), #248, .F. ) ;
#129 = DIRECTION ( 'NONE',  ( 0.000000000000000000, -1.000000000000000000, 0.000000000000000000 ) ) ;
#130 = LINE ( 'NONE', #2227, #641 ) ;
#131 = ADVANCED_FACE ( 'NONE', ( #2771 ), #230, .F. ) ;
#132 = AXIS2_PLACEMENT_3D ( 'NONE', #307, #2132, #1910 ) ;
#133 = DIRECTION ( 'NONE',  ( -0.000000000000000000, 1.000000000000000000, -0.000000000000000000 ) ) ;
#134 = ORIENTED_EDGE ( 'NONE', *, *, #1146, .T. ) ;
#135 = AXIS2_PLACEMENT_3D ( 'NONE', #262, #2288, #2738 ) ;
#136 = CARTESIAN_POINT ( 'NONE',  ( 88.00000000000001421, -18.00000000000002132, -13.00000000000000178 ) ) ;
#137 = ORIENTED_EDGE ( 'NONE', *, *, #761, .F. ) ;
#138 = CARTESIAN_POINT ( 'NONE',  ( -90.00000000000000000, 57.99999999999997868, 1.000000000000000000 ) ) ;
#139 = CIRCLE ( 'NONE', #1967, 0.8999999999999980238 ) ;
#140 = VERTEX_POINT ( 'NONE', #2980 ) ;
#141 = CARTESIAN_POINT ( 'NONE',  ( -80.00000000000000000, 58.00000000000000000, -20.30000000000000426 ) ) ;
#142 = ORIENTED_EDGE ( 'NONE', *, *, #1916, .T. ) ;
#143 = ORIENTED_EDGE ( 'NONE', *, *, #710, .F. ) ;
#144 = ORIENTED_EDGE ( 'NONE', *, *, #535, .T. ) ;
#145 = CYLINDRICAL_SURFACE ( 'NONE', #2496, 1.000000000000000000 ) ;
#146 = CARTESIAN_POINT ( 'NONE',  ( -80.00000000000000000, 60.00099999999999767, -20.30000000000000426 ) ) ;
#147 = VECTOR ( 'NONE', #107, 1000.000000000000000 ) ;
#148 = CARTESIAN_POINT ( 'NONE',  ( -89.00000000000000000, 57.99999999999998579, -23.00000000000000000 ) ) ;
#149 = CARTESIAN_POINT ( 'NONE',  ( -89.00000000000000000, -57.99999999999997868, 2.000000000000000000 ) ) ;
#150 = EDGE_CURVE ( 'NONE', #1065, #1355, #667, .T. ) ;
#151 = ADVANCED_FACE ( 'NONE', ( #1838 ), #1439, .T. ) ;
#152 = LINE ( 'NONE', #2394, #1959 ) ;
#153 = ORIENTED_EDGE ( 'NONE', *, *, #1478, .F. ) ;
#154 = DIRECTION ( 'NONE',  ( 0.000000000000000000, 1.000000000000000000, 0.000000000000000000 ) ) ;
#155 = CARTESIAN_POINT ( 'NONE',  ( 90.00000000000000000, -18.00000000000002132, -6.000000000000000888 ) ) ;
#156 = DIRECTION ( 'NONE',  ( 1.000000000000000000, 0.000000000000000000, -0.000000000000000000 ) ) ;
#157 = DIRECTION ( 'NONE',  ( 0.000000000000000000, -0.000000000000000000, 1.000000000000000000 ) ) ;
#158 = ORIENTED_EDGE ( 'NONE', *, *, #1491, .F. ) ;
#159 = CARTESIAN_POINT ( 'NONE',  ( 70.00000000000000000, 60.00000000000000000, -18.69999999999999929 ) ) ;
#160 = CIRCLE ( 'NONE', #939, 2.000000000000001776 ) ;
#161 = CARTESIAN_POINT ( 'NONE',  ( -87.99999999999998579, -59.00000000000000000, -23.00000000000000000 ) ) ;
#162 = FACE_OUTER_BOUND ( 'NONE', #1078, .T. ) ;
#163 = CIRCLE ( 'NONE', #209, 0.8000000000000020428 ) ;
#164 = FACE_OUTER_BOUND ( 'NONE', #1608, .T. ) ;
#165 = ORIENTED_EDGE ( 'NONE', *, *, #468, .F. ) ;
#166 = CARTESIAN_POINT ( 'NONE',  ( 90.00100000000003320, -18.00000000000002132, -5.000000000000000888 ) ) ;
#167 = EDGE_CURVE ( 'NONE', #349, #1493, #2079, .T. ) ;
#168 = EDGE_CURVE ( 'NONE', #1902, #494, #2408, .T. ) ;
#169 = CARTESIAN_POINT ( 'NONE',  ( -4.100000000000007638, -60.00100000000002609, -21.19999999999999929 ) ) ;
#170 = EDGE_CURVE ( 'NONE', #140, #4, #912, .T. ) ;
#171 = DIRECTION ( 'NONE',  ( -0.000000000000000000, -0.000000000000000000, -1.000000000000000000 ) ) ;
#172 = CARTESIAN_POINT ( 'NONE',  ( -87.99999999999998579, -59.00000000000000000, -23.00000000000000000 ) ) ;
#173 = ORIENTED_EDGE ( 'NONE', *, *, #575, .T. ) ;
#174 = CARTESIAN_POINT ( 'NONE',  ( 88.00000000000000000, 57.99999999999999289, 2.000000000000000000 ) ) ;
#175 = CARTESIAN_POINT ( 'NONE',  ( -82.00000000000000000, -48.00000000000000000, 2.001000000000000334 ) ) ;
#176 = VECTOR ( 'NONE', #1956, 1000.000000000000000 ) ;
#177 = DIRECTION ( 'NONE',  ( 0.000000000000000000, 0.000000000000000000, -1.000000000000000000 ) ) ;
#178 = LINE ( 'NONE', #1087, #1338 ) ;
#179 = VERTEX_POINT ( 'NONE', #1476 ) ;
#180 = DIRECTION ( 'NONE',  ( -0.000000000000000000, -0.000000000000000000, -1.000000000000000000 ) ) ;
#181 = DIRECTION ( 'NONE',  ( -1.000000000000000000, 0.000000000000000000, 0.000000000000000000 ) ) ;
#182 = VECTOR ( 'NONE', #647, 1000.000000000000000 ) ;
#183 = ORIENTED_EDGE ( 'NONE', *, *, #2154, .F. ) ;
#184 = PLANE ( 'NONE',  #1809 ) ;
#185 = ORIENTED_EDGE ( 'NONE', *, *, #1709, .T. ) ;
#186 = EDGE_CURVE ( 'NONE', #2544, #884, #2840, .T. ) ;
#187 = DIRECTION ( 'NONE',  ( 0.000000000000000000, 0.000000000000000000, -1.000000000000000000 ) ) ;
#188 = CARTESIAN_POINT ( 'NONE',  ( 90.00000000000000000, -18.00000000000002132, -13.00000000000000178 ) ) ;
#189 = CARTESIAN_POINT ( 'NONE',  ( 90.00000000000000000, -50.20000000000002416, -5.000000000000000000 ) ) ;
#190 = AXIS2_PLACEMENT_3D ( 'NONE', #1214, #2115, #569 ) ;
#191 = DIRECTION ( 'NONE',  ( 1.000000000000000000, -1.269309860470834477E-16, 0.000000000000000000 ) ) ;
#192 = ORIENTED_EDGE ( 'NONE', *, *, #1599, .T. ) ;
#193 = CARTESIAN_POINT ( 'NONE',  ( 4.099999999999992539, -60.00100000000002609, -18.69999999999999929 ) ) ;
#194 = CIRCLE ( 'NONE', #1414, 0.8999999999999989120 ) ;
#195 = ORIENTED_EDGE ( 'NONE', *, *, #2061, .F. ) ;
#196 = CARTESIAN_POINT ( 'NONE',  ( 89.00000000000000000, 57.99999999999997868, 1.000000000000000000 ) ) ;
#197 = LINE ( 'NONE', #948, #270 ) ;
#198 = ORIENTED_EDGE ( 'NONE', *, *, #1025, .F. ) ;
#199 = CARTESIAN_POINT ( 'NONE',  ( 70.00000000000000000, 58.00000000000000000, -18.69999999999999574 ) ) ;
#200 = ORIENTED_EDGE ( 'NONE', *, *, #1040, .F. ) ;
#201 = EDGE_CURVE ( 'NONE', #994, #892, #2901, .T. ) ;
#202 = CARTESIAN_POINT ( 'NONE',  ( 0.000000000000000000, 0.000000000000000000, 0.000000000000000000 ) ) ;
#203 = ADVANCED_FACE ( 'NONE', ( #1938 ), #835, .F. ) ;
#204 = ADVANCED_FACE ( 'NONE', ( #574 ), #1723, .T. ) ;
#205 = DIRECTION ( 'NONE',  ( -1.000000000000000000, 0.000000000000000000, 0.000000000000000000 ) ) ;
#206 = DIRECTION ( 'NONE',  ( -1.000000000000000000, 2.392722035830078479E-16, 0.000000000000000000 ) ) ;
#207 = DIRECTION ( 'NONE',  ( 0.000000000000000000, 1.000000000000000000, 0.000000000000000000 ) ) ;
#208 = ORIENTED_EDGE ( 'NONE', *, *, #1521, .T. ) ;
#209 = AXIS2_PLACEMENT_3D ( 'NONE', #1100, #2010, #2928 ) ;
#210 = LINE ( 'NONE', #2511, #2862 ) ;
#211 = LINE ( 'NONE', #1766, #1014 ) ;
#212 = DIRECTION ( 'NONE',  ( 0.000000000000000000, 0.000000000000000000, 1.000000000000000000 ) ) ;
#213 = ADVANCED_FACE ( 'NONE', ( #1029, #1488, #1296 ), #356, .F. ) ;
#214 = CARTESIAN_POINT ( 'NONE',  ( -60.00000000000000000, 58.00000000000000000, -20.00000000000000000 ) ) ;
#215 = EDGE_LOOP ( 'NONE', ( #935, #2939, #961, #2059 ) ) ;
#216 =( GEOMETRIC_REPRESENTATION_CONTEXT ( 3 ) GLOBAL_UNCERTAINTY_ASSIGNED_CONTEXT ( ( #1944 ) ) GLOBAL_UNIT_ASSIGNED_CONTEXT ( ( #670, #2514, #930 ) ) REPRESENTATION_CONTEXT ( 'NONE', 'WORKASPACE' ) );
#217 = CYLINDRICAL_SURFACE ( 'NONE', #2882, 2.000000000000001776 ) ;
#218 = DIRECTION ( 'NONE',  ( 1.182766006347823109E-16, 1.000000000000000000, 0.000000000000000000 ) ) ;
#219 = CARTESIAN_POINT ( 'NONE',  ( -40.00000000000000000, 60.00099999999999767, -4.000000000000000000 ) ) ;
#220 = EDGE_CURVE ( 'NONE', #1482, #895, #152, .T. ) ;
#221 = CIRCLE ( 'NONE', #517, 0.8999999999999980238 ) ;
#222 = CARTESIAN_POINT ( 'NONE',  ( -89.00000000000000000, -57.99999999999998579, -24.00000000000000000 ) ) ;
#223 = VERTEX_POINT ( 'NONE', #605 ) ;
#224 = EDGE_CURVE ( 'NONE', #1353, #417, #2104, .T. ) ;
#225 = DIRECTION ( 'NONE',  ( -1.000000000000000000, 2.392722035830078479E-16, -0.000000000000000000 ) ) ;
#226 = VECTOR ( 'NONE', #2932, 1000.000000000000000 ) ;
#227 = ORIENTED_EDGE ( 'NONE', *, *, #2023, .F. ) ;
#228 = AXIS2_PLACEMENT_3D ( 'NONE', #852, #2219, #2665 ) ;
#229 = ORIENTED_EDGE ( 'NONE', *, *, #19, .T. ) ;
#230 = PLANE ( 'NONE',  #2728 ) ;
#231 = DIRECTION ( 'NONE',  ( 0.000000000000000000, 0.000000000000000000, -1.000000000000000000 ) ) ;
#232 = DIRECTION ( 'NONE',  ( 0.000000000000000000, 0.000000000000000000, -1.000000000000000000 ) ) ;
#233 = AXIS2_PLACEMENT_3D ( 'NONE', #387, #803, #2870 ) ;
#234 = ORIENTED_EDGE ( 'NONE', *, *, #2864, .F. ) ;
#235 = ORIENTED_EDGE ( 'NONE', *, *, #1621, .F. ) ;
#236 = FILL_AREA_STYLE ('',( #1125 ) ) ;
#237 = DIRECTION ( 'NONE',  ( -0.000000000000000000, 1.000000000000000000, -0.000000000000000000 ) ) ;
#238 = MECHANICAL_DESIGN_GEOMETRIC_PRESENTATION_REPRESENTATION (  '', ( #2451 ), #437 ) ;
#239 = CARTESIAN_POINT ( 'NONE',  ( -70.00000000000000000, 60.00099999999999767, -18.70000000000000639 ) ) ;
#240 = DIRECTION ( 'NONE',  ( 2.392722035830078479E-16, 1.000000000000000000, -0.000000000000000000 ) ) ;
#241 = ORIENTED_EDGE ( 'NONE', *, *, #1640, .T. ) ;
#242 = CARTESIAN_POINT ( 'NONE',  ( 88.00000000000000000, -50.20000000000002416, -5.000000000000000000 ) ) ;
#243 = VECTOR ( 'NONE', #2894, 1000.000000000000000 ) ;
#244 = EDGE_CURVE ( 'NONE', #494, #2522, #342, .T. ) ;
#245 = ADVANCED_FACE ( 'NONE', ( #2164 ), #101, .F. ) ;
#246 = ADVANCED_FACE ( 'NONE', ( #1504 ), #849, .T. ) ;
#247 = ORIENTED_EDGE ( 'NONE', *, *, #2229, .F. ) ;
#248 = PLANE ( 'NONE',  #1962 ) ;
#249 = DIRECTION ( 'NONE',  ( 0.000000000000000000, 1.000000000000000000, 0.000000000000000000 ) ) ;
#250 = CARTESIAN_POINT ( 'NONE',  ( -90.00000000000000000, -1.500000000000000000, -10.50000000000000000 ) ) ;
#251 = EDGE_CURVE ( 'NONE', #2801, #86, #1257, .T. ) ;
#252 = ORIENTED_EDGE ( 'NONE', *, *, #1755, .F. ) ;
#253 = VERTEX_POINT ( 'NONE', #621 ) ;
#254 = FACE_OUTER_BOUND ( 'NONE', #1719, .T. ) ;
#255 = LINE ( 'NONE', #1300, #1051 ) ;
#256 = CARTESIAN_POINT ( 'NONE',  ( -82.00000000000001421, -46.00000000000000000, 2.001000000000000334 ) ) ;
#257 = CARTESIAN_POINT ( 'NONE',  ( 84.00000000000001421, -46.00000000000000711, 2.001000000000000334 ) ) ;
#258 = ORIENTED_EDGE ( 'NONE', *, *, #244, .F. ) ;
#259 = DIRECTION ( 'NONE',  ( 0.000000000000000000, 0.000000000000000000, -1.000000000000000000 ) ) ;
#260 = VERTEX_POINT ( 'NONE', #1043 ) ;
#261 = AXIS2_PLACEMENT_3D ( 'NONE', #2351, #1868, #87 ) ;
#262 = CARTESIAN_POINT ( 'NONE',  ( 70.90000000000000568, 60.00000000000000000, -20.30000000000000071 ) ) ;
#263 = DIRECTION ( 'NONE',  ( -0.000000000000000000, -1.000000000000000000, -0.000000000000000000 ) ) ;
#264 = DIRECTION ( 'NONE',  ( -0.000000000000000000, -1.000000000000000000, -0.000000000000000000 ) ) ;
#265 = VECTOR ( 'NONE', #2103, 1000.000000000000000 ) ;
#266 = EDGE_CURVE ( 'NONE', #717, #1792, #431, .T. ) ;
#267 = ORIENTED_EDGE ( 'NONE', *, *, #488, .T. ) ;
#268 = ORIENTED_EDGE ( 'NONE', *, *, #2101, .F. ) ;
#269 = ORIENTED_EDGE ( 'NONE', *, *, #2558, .T. ) ;
#270 = VECTOR ( 'NONE', #964, 1000.000000000000000 ) ;
#271 = CARTESIAN_POINT ( 'NONE',  ( 1.500000000000000000, 57.99999999999999289, -12.00000000000000000 ) ) ;
#272 = CARTESIAN_POINT ( 'NONE',  ( 90.00100000000001899, -51.00000000000002132, -14.20000000000000462 ) ) ;
#273 = DIRECTION ( 'NONE',  ( -0.000000000000000000, -0.000000000000000000, -1.000000000000000000 ) ) ;
#274 = ORIENTED_EDGE ( 'NONE', *, *, #529, .F. ) ;
#275 = DIRECTION ( 'NONE',  ( -0.000000000000000000, -0.000000000000000000, -1.000000000000000000 ) ) ;
#276 = CIRCLE ( 'NONE', #657, 1.000000000000000888 ) ;
#277 = ORIENTED_EDGE ( 'NONE', *, *, #928, .F. ) ;
#278 = AXIS2_PLACEMENT_3D ( 'NONE', #2381, #310, #2092 ) ;
#279 = ORIENTED_EDGE ( 'NONE', *, *, #975, .T. ) ;
#280 = CARTESIAN_POINT ( 'NONE',  ( -87.99999999999998579, 60.00000000000000000, 1.000000000000000000 ) ) ;
#281 =( NAMED_UNIT ( * ) SI_UNIT ( $, .STERADIAN. ) SOLID_ANGLE_UNIT ( ) );
#282 = VERTEX_POINT ( 'NONE', #820 ) ;
#283 = EDGE_LOOP ( 'NONE', ( #1593, #1971, #1611, #1011, #490, #1598, #2206, #268 ) ) ;
#284 = LINE ( 'NONE', #2624, #538 ) ;
#285 = AXIS2_PLACEMENT_3D ( 'NONE', #2662, #789, #1701 ) ;
#286 = EDGE_CURVE ( 'NONE', #2267, #1153, #2645, .T. ) ;
#287 = EDGE_CURVE ( 'NONE', #282, #223, #571, .T. ) ;
#288 = AXIS2_PLACEMENT_3D ( 'NONE', #2478, #2463, #407 ) ;
#289 = DIRECTION ( 'NONE',  ( -0.000000000000000000, -0.000000000000000000, -1.000000000000000000 ) ) ;
#290 = DIRECTION ( 'NONE',  ( 0.000000000000000000, 1.000000000000000000, 0.000000000000000000 ) ) ;
#291 = AXIS2_PLACEMENT_3D ( 'NONE', #594, #1509, #347 ) ;
#292 = ORIENTED_EDGE ( 'NONE', *, *, #684, .T. ) ;
#293 = CARTESIAN_POINT ( 'NONE',  ( -4.100000000000006750, -60.00100000000002609, -17.79999999999999716 ) ) ;
#294 = EDGE_CURVE ( 'NONE', #7, #53, #178, .T. ) ;
#295 = ORIENTED_EDGE ( 'NONE', *, *, #329, .F. ) ;
#296 = CARTESIAN_POINT ( 'NONE',  ( -90.00000000000000000, 57.99999999999997868, -23.00000000000000000 ) ) ;
#297 = ORIENTED_EDGE ( 'NONE', *, *, #1521, .F. ) ;
#298 = AXIS2_PLACEMENT_3D ( 'NONE', #765, #782, #2803 ) ;
#299 = EDGE_LOOP ( 'NONE', ( #950, #2922, #1911, #1928 ) ) ;
#300 = EDGE_LOOP ( 'NONE', ( #1233, #773, #1133, #1397 ) ) ;
#301 = CARTESIAN_POINT ( 'NONE',  ( 82.00000000000000000, -48.00000000000002132, 2.000000000000000000 ) ) ;
#302 = AXIS2_PLACEMENT_3D ( 'NONE', #155, #1496, #1990 ) ;
#303 = EDGE_CURVE ( 'NONE', #140, #2384, #677, .T. ) ;
#304 = FACE_OUTER_BOUND ( 'NONE', #2543, .T. ) ;
#305 = EDGE_CURVE ( 'NONE', #2505, #2277, #1102, .T. ) ;
#306 = VECTOR ( 'NONE', #1392, 1000.000000000000000 ) ;
#307 = CARTESIAN_POINT ( 'NONE',  ( 90.00000000000000000, -50.20000000000002416, -5.800000000000001599 ) ) ;
#308 = VERTEX_POINT ( 'NONE', #907 ) ;
#309 = EDGE_CURVE ( 'NONE', #2327, #253, #815, .T. ) ;
#310 = DIRECTION ( 'NONE',  ( -1.000000000000000000, 2.392722035830078479E-16, -0.000000000000000000 ) ) ;
#311 = EDGE_CURVE ( 'NONE', #2063, #1482, #416, .T. ) ;
#312 = EDGE_LOOP ( 'NONE', ( #504, #1406, #1297, #165 ) ) ;
#313 = VERTEX_POINT ( 'NONE', #2973 ) ;
#314 = CARTESIAN_POINT ( 'NONE',  ( -90.00000000000000000, -1.500000000000000000, -10.00000000000000000 ) ) ;
#315 = EDGE_CURVE ( 'NONE', #1264, #568, #1198, .T. ) ;
#316 = ORIENTED_EDGE ( 'NONE', *, *, #819, .T. ) ;
#317 = ADVANCED_FACE ( 'NONE', ( #1147, #2498, #1323 ), #1366, .T. ) ;
#318 = VERTEX_POINT ( 'NONE', #2459 ) ;
#319 = DIRECTION ( 'NONE',  ( -0.000000000000000000, 0.000000000000000000, -1.000000000000000000 ) ) ;
#320 = ORIENTED_EDGE ( 'NONE', *, *, #1009, .F. ) ;
#321 = AXIS2_PLACEMENT_3D ( 'NONE', #1776, #453, #2468 ) ;
#322 = FACE_OUTER_BOUND ( 'NONE', #2083, .T. ) ;
#323 = DIRECTION ( 'NONE',  ( 0.000000000000000000, 0.000000000000000000, 1.000000000000000000 ) ) ;
#324 = ORIENTED_EDGE ( 'NONE', *, *, #2816, .F. ) ;
#325 = EDGE_CURVE ( 'NONE', #4, #740, #633, .T. ) ;
#326 = CARTESIAN_POINT ( 'NONE',  ( -70.90000000000000568, 58.00000000000000000, -20.29999999999999716 ) ) ;
#327 = DIRECTION ( 'NONE',  ( 0.000000000000000000, -0.000000000000000000, 1.000000000000000000 ) ) ;
#328 = VERTEX_POINT ( 'NONE', #1309 ) ;
#329 = EDGE_CURVE ( 'NONE', #1166, #1443, #2716, .T. ) ;
#330 = DIRECTION ( 'NONE',  ( 0.000000000000000000, 1.000000000000000000, 0.000000000000000000 ) ) ;
#331 = VERTEX_POINT ( 'NONE', #2259 ) ;
#332 = AXIS2_PLACEMENT_3D ( 'NONE', #1525, #2218, #1541 ) ;
#333 = CARTESIAN_POINT ( 'NONE',  ( -1.500000000000000000, -60.00100000000002609, -11.50000000000000000 ) ) ;
#334 = VERTEX_POINT ( 'NONE', #1998 ) ;
#335 = ORIENTED_EDGE ( 'NONE', *, *, #186, .F. ) ;
#336 = FACE_BOUND ( 'NONE', #1689, .T. ) ;
#337 = PRODUCT_DEFINITION_SHAPE ( 'NONE', 'NONE',  #2033 ) ;
#338 = DIRECTION ( 'NONE',  ( 0.000000000000000000, 0.000000000000000000, 1.000000000000000000 ) ) ;
#339 = VECTOR ( 'NONE', #354, 1000.000000000000000 ) ;
#340 = LINE ( 'NONE', #1688, #1013 ) ;
#341 = LINE ( 'NONE', #2673, #1033 ) ;
#342 = LINE ( 'NONE', #1246, #665 ) ;
#343 = ORIENTED_EDGE ( 'NONE', *, *, #2441, .T. ) ;
#344 = EDGE_CURVE ( 'NONE', #539, #1402, #2202, .T. ) ;
#345 = FACE_OUTER_BOUND ( 'NONE', #299, .T. ) ;
#346 = ORIENTED_EDGE ( 'NONE', *, *, #1494, .T. ) ;
#347 = DIRECTION ( 'NONE',  ( -1.000000000000000000, 0.000000000000000000, 0.000000000000000000 ) ) ;
#348 = AXIS2_PLACEMENT_3D ( 'NONE', #175, #2713, #1831 ) ;
#349 = VERTEX_POINT ( 'NONE', #2943 ) ;
#350 = LINE ( 'NONE', #2170, #2788 ) ;
#351 = VECTOR ( 'NONE', #2921, 1000.000000000000000 ) ;
#352 = CIRCLE ( 'NONE', #2644, 1.000000000000000888 ) ;
#353 = CYLINDRICAL_SURFACE ( 'NONE', #2805, 0.5000000000000004441 ) ;
#354 = DIRECTION ( 'NONE',  ( -0.000000000000000000, -0.000000000000000000, -1.000000000000000000 ) ) ;
#355 = LINE ( 'NONE', #400, #1411 ) ;
#356 = PLANE ( 'NONE',  #2919 ) ;
#357 = EDGE_LOOP ( 'NONE', ( #2341, #2888, #47, #2387 ) ) ;
#358 = PLANE ( 'NONE',  #2861 ) ;
#359 = ORIENTED_EDGE ( 'NONE', *, *, #1377, .F. ) ;
#360 = DIRECTION ( 'NONE',  ( 0.000000000000000000, 0.000000000000000000, 1.000000000000000000 ) ) ;
#361 = ORIENTED_EDGE ( 'NONE', *, *, #527, .T. ) ;
#362 = FACE_OUTER_BOUND ( 'NONE', #2093, .T. ) ;
#363 = EDGE_CURVE ( 'NONE', #850, #2505, #2485, .T. ) ;
#364 = VECTOR ( 'NONE', #2659, 1000.000000000000000 ) ;
#365 = FACE_OUTER_BOUND ( 'NONE', #1623, .T. ) ;
#366 = DIRECTION ( 'NONE',  ( 1.000000000000000000, 0.000000000000000000, 0.000000000000000000 ) ) ;
#367 = AXIS2_PLACEMENT_3D ( 'NONE', #112, #127, #1243 ) ;
#368 = FACE_OUTER_BOUND ( 'NONE', #1195, .T. ) ;
#369 = CARTESIAN_POINT ( 'NONE',  ( 4.999999999999988454, -58.00000000000001421, -20.30000000000000426 ) ) ;
#370 = DIRECTION ( 'NONE',  ( -0.000000000000000000, -0.000000000000000000, -1.000000000000000000 ) ) ;
#371 = ORIENTED_EDGE ( 'NONE', *, *, #1828, .T. ) ;
#372 = VECTOR ( 'NONE', #2321, 1000.000000000000000 ) ;
#373 = LINE ( 'NONE', #136, #1191 ) ;
#374 = ORIENTED_EDGE ( 'NONE', *, *, #2121, .F. ) ;
#375 = FACE_OUTER_BOUND ( 'NONE', #804, .T. ) ;
#376 = VERTEX_POINT ( 'NONE', #891 ) ;
#377 = DIRECTION ( 'NONE',  ( 1.000000000000000000, -0.000000000000000000, -0.000000000000000000 ) ) ;
#378 = ORIENTED_EDGE ( 'NONE', *, *, #1714, .T. ) ;
#379 = EDGE_LOOP ( 'NONE', ( #144, #1426, #1049, #1367 ) ) ;
#380 = CARTESIAN_POINT ( 'NONE',  ( 88.00000000000000000, -51.00000000000002132, -14.20000000000000462 ) ) ;
#381 = AXIS2_PLACEMENT_3D ( 'NONE', #924, #1134, #1822 ) ;
#382 = CARTESIAN_POINT ( 'NONE',  ( -60.00000000000000000, 58.00000000000000000, -4.000000000000000000 ) ) ;
#383 = CARTESIAN_POINT ( 'NONE',  ( -89.00000000000000000, 57.99999999999998579, 1.000000000000000000 ) ) ;
#384 = VERTEX_POINT ( 'NONE', #1339 ) ;
#385 = CARTESIAN_POINT ( 'NONE',  ( -40.00000000000000000, 60.00000000000000000, -4.000000000000000000 ) ) ;
#386 = AXIS2_PLACEMENT_3D ( 'NONE', #2440, #327, #2886 ) ;
#387 = CARTESIAN_POINT ( 'NONE',  ( -60.00000000000000000, 60.00099999999999767, -4.000000000000000000 ) ) ;
#388 = ORIENTED_EDGE ( 'NONE', *, *, #433, .T. ) ;
#389 = VECTOR ( 'NONE', #637, 1000.000000000000000 ) ;
#390 = CARTESIAN_POINT ( 'NONE',  ( 90.00100000000001899, -51.00000000000002132, -14.20000000000000462 ) ) ;
#391 = APPLICATION_CONTEXT ( 'automotive_design' ) ;
#392 = FACE_OUTER_BOUND ( 'NONE', #2427, .T. ) ;
#393 = COLOUR_RGB ( '',0.7921568627450980005, 0.8196078431372548767, 0.9333333333333333481 ) ;
#394 = DIRECTION ( 'NONE',  ( 0.000000000000000000, -0.000000000000000000, 1.000000000000000000 ) ) ;
#395 = CARTESIAN_POINT ( 'NONE',  ( 87.99999999999998579, -59.00000000000000000, 1.000000000000000000 ) ) ;
#396 = ORIENTED_EDGE ( 'NONE', *, *, #466, .T. ) ;
#397 = CARTESIAN_POINT ( 'NONE',  ( 82.00000000000001421, -46.00000000000002132, 2.000000000000000000 ) ) ;
#398 = CARTESIAN_POINT ( 'NONE',  ( 84.00000000000001421, -46.00000000000000711, 2.000000000000000000 ) ) ;
#399 = ADVANCED_FACE ( 'NONE', ( #2930 ), #1352, .F. ) ;
#400 = CARTESIAN_POINT ( 'NONE',  ( 88.00000000000000000, -51.00000000000002132, -14.20000000000000462 ) ) ;
#401 = EDGE_CURVE ( 'NONE', #2559, #1166, #1869, .T. ) ;
#402 = ADVANCED_FACE ( 'NONE', ( #1592 ), #2690, .F. ) ;
#403 = DIRECTION ( 'NONE',  ( 0.000000000000000000, 0.000000000000000000, -1.000000000000000000 ) ) ;
#404 = ORIENTED_EDGE ( 'NONE', *, *, #752, .F. ) ;
#405 = CARTESIAN_POINT ( 'NONE',  ( 90.00100000000003320, -25.00000000000002132, -5.800000000000001599 ) ) ;
#406 = CARTESIAN_POINT ( 'NONE',  ( 80.00000000000000000, 60.00099999999999767, -20.29999999999999716 ) ) ;
#407 = DIRECTION ( 'NONE',  ( 0.000000000000000000, 0.000000000000000000, 1.000000000000000000 ) ) ;
#408 = LINE ( 'NONE', #1037, #1972 ) ;
#409 = ORIENTED_EDGE ( 'NONE', *, *, #1642, .F. ) ;
#410 = DIRECTION ( 'NONE',  ( -0.000000000000000000, 0.000000000000000000, -1.000000000000000000 ) ) ;
#411 = CIRCLE ( 'NONE', #741, 1.000000000000000888 ) ;
#412 = DIRECTION ( 'NONE',  ( 0.000000000000000000, -1.000000000000000000, 0.000000000000000000 ) ) ;
#413 = DIRECTION ( 'NONE',  ( 1.182766006347823109E-16, 1.000000000000000000, -0.000000000000000000 ) ) ;
#414 = AXIS2_PLACEMENT_3D ( 'NONE', #1115, #847, #674 ) ;
#415 = AXIS2_PLACEMENT_3D ( 'NONE', #2837, #1966, #2417 ) ;
#416 = LINE ( 'NONE', #1833, #1437 ) ;
#417 = VERTEX_POINT ( 'NONE', #222 ) ;
#418 = CARTESIAN_POINT ( 'NONE',  ( -90.00000000000000000, -57.99999999999997868, 1.000000000000000000 ) ) ;
#419 = CARTESIAN_POINT ( 'NONE',  ( 1.500000000000000000, 57.99999999999999289, -11.50000000000000000 ) ) ;
#420 = ORIENTED_EDGE ( 'NONE', *, *, #2579, .T. ) ;
#421 = LINE ( 'NONE', #2414, #1248 ) ;
#422 = ORIENTED_EDGE ( 'NONE', *, *, #186, .T. ) ;
#423 = CARTESIAN_POINT ( 'NONE',  ( 79.10000000000000853, 60.00099999999999767, -20.29999999999999716 ) ) ;
#424 = VECTOR ( 'NONE', #838, 1000.000000000000000 ) ;
#425 = LINE ( 'NONE', #2009, #2476 ) ;
#426 = DIRECTION ( 'NONE',  ( -1.000000000000000000, 0.000000000000000000, 0.000000000000000000 ) ) ;
#427 = CARTESIAN_POINT ( 'NONE',  ( 88.00000000000002842, 58.00000000000000000, 0.000000000000000000 ) ) ;
#428 = ORIENTED_EDGE ( 'NONE', *, *, #2302, .F. ) ;
#429 = CYLINDRICAL_SURFACE ( 'NONE', #904, 0.8999999999999998002 ) ;
#430 = ADVANCED_FACE ( 'NONE', ( #164 ), #2915, .F. ) ;
#431 = CIRCLE ( 'NONE', #1381, 0.8999999999999998002 ) ;
#432 = EDGE_LOOP ( 'NONE', ( #1897, #324, #908, #1679 ) ) ;
#433 = EDGE_CURVE ( 'NONE', #895, #1201, #965, .T. ) ;
#434 = CARTESIAN_POINT ( 'NONE',  ( 84.00000000000001421, -46.00000000000000711, 0.000000000000000000 ) ) ;
#435 = DIRECTION ( 'NONE',  ( -0.000000000000000000, -1.000000000000000000, -0.000000000000000000 ) ) ;
#436 = EDGE_CURVE ( 'NONE', #31, #983, #1206, .T. ) ;
#437 =( GEOMETRIC_REPRESENTATION_CONTEXT ( 3 ) GLOBAL_UNCERTAINTY_ASSIGNED_CONTEXT ( ( #985 ) ) GLOBAL_UNIT_ASSIGNED_CONTEXT ( ( #2039, #2268, #900 ) ) REPRESENTATION_CONTEXT ( 'NONE', 'WORKASPACE' ) );
#438 = EDGE_CURVE ( 'NONE', #1153, #1673, #2633, .T. ) ;
#439 = ORIENTED_EDGE ( 'NONE', *, *, #2399, .T. ) ;
#440 = CYLINDRICAL_SURFACE ( 'NONE', #2062, 1.000000000000000000 ) ;
#441 = DIRECTION ( 'NONE',  ( 1.000000000000000000, 0.000000000000000000, 0.000000000000000000 ) ) ;
#442 = LINE ( 'NONE', #2497, #886 ) ;
#443 = AXIS2_PLACEMENT_3D ( 'NONE', #2204, #2878, #827 ) ;
#444 = DIRECTION ( 'NONE',  ( 0.000000000000000000, 0.000000000000000000, 1.000000000000000000 ) ) ;
#445 = EDGE_LOOP ( 'NONE', ( #2303, #1939, #80, #1169, #153, #2845, #2802, #2138 ) ) ;
#446 = DIRECTION ( 'NONE',  ( 0.000000000000000000, 0.000000000000000000, -1.000000000000000000 ) ) ;
#447 = DIRECTION ( 'NONE',  ( 1.000000000000000000, 0.000000000000000000, 0.000000000000000000 ) ) ;
#448 = DIRECTION ( 'NONE',  ( 0.000000000000000000, 0.000000000000000000, 1.000000000000000000 ) ) ;
#449 = EDGE_CURVE ( 'NONE', #884, #2937, #2105, .T. ) ;
#450 = ORIENTED_EDGE ( 'NONE', *, *, #75, .F. ) ;
#451 = ADVANCED_FACE ( 'NONE', ( #2364, #1654, #2567 ), #2075, .F. ) ;
#452 = CYLINDRICAL_SURFACE ( 'NONE', #2262, 0.8999999999999989120 ) ;
#453 = DIRECTION ( 'NONE',  ( -0.000000000000000000, -1.000000000000000000, -0.000000000000000000 ) ) ;
#454 = DIRECTION ( 'NONE',  ( 1.000000000000000000, 0.000000000000000000, 0.000000000000000000 ) ) ;
#455 = VERTEX_POINT ( 'NONE', #1000 ) ;
#456 = CIRCLE ( 'NONE', #2474, 1.000000000000000000 ) ;
#457 = CARTESIAN_POINT ( 'NONE',  ( 90.00000000000000000, -50.20000000000002416, -15.00000000000000533 ) ) ;
#458 = ORIENTED_EDGE ( 'NONE', *, *, #2322, .F. ) ;
#459 = DIRECTION ( 'NONE',  ( -0.000000000000000000, -1.000000000000000000, -0.000000000000000000 ) ) ;
#460 = FILL_AREA_STYLE_COLOUR ( '', #1271 ) ;
#461 = ORIENTED_EDGE ( 'NONE', *, *, #1916, .F. ) ;
#462 = FACE_OUTER_BOUND ( 'NONE', #836, .T. ) ;
#463 = ORIENTED_EDGE ( 'NONE', *, *, #1753, .T. ) ;
#464 = CARTESIAN_POINT ( 'NONE',  ( -1.500000000000000000, 57.99999999999999289, -12.00000000000000000 ) ) ;
#465 = EDGE_CURVE ( 'NONE', #2536, #2896, #2581, .T. ) ;
#466 = EDGE_CURVE ( 'NONE', #1853, #1680, #2535, .T. ) ;
#467 = DIRECTION ( 'NONE',  ( -0.000000000000000000, 1.000000000000000000, -0.000000000000000000 ) ) ;
#468 = EDGE_CURVE ( 'NONE', #2536, #2167, #1892, .T. ) ;
#469 = VECTOR ( 'NONE', #506, 1000.000000000000000 ) ;
#470 = CARTESIAN_POINT ( 'NONE',  ( 79.10000000000000853, 60.00000000000000000, -18.70000000000000284 ) ) ;
#471 = ORIENTED_EDGE ( 'NONE', *, *, #855, .T. ) ;
#472 = LINE ( 'NONE', #2500, #1715 ) ;
#473 = AXIS2_PLACEMENT_3D ( 'NONE', #271, #1190, #25 ) ;
#474 = ORIENTED_EDGE ( 'NONE', *, *, #1714, .F. ) ;
#475 = DIRECTION ( 'NONE',  ( -1.000000000000000000, 0.000000000000000000, -0.000000000000000000 ) ) ;
#476 = CARTESIAN_POINT ( 'NONE',  ( 79.10000000000000853, 58.00000000000000000, -18.70000000000000284 ) ) ;
#477 = VECTOR ( 'NONE', #191, 1000.000000000000000 ) ;
#478 = ORIENTED_EDGE ( 'NONE', *, *, #1120, .F. ) ;
#479 = ORIENTED_EDGE ( 'NONE', *, *, #2596, .F. ) ;
#480 = VERTEX_POINT ( 'NONE', #2582 ) ;
#481 = VECTOR ( 'NONE', #156, 1000.000000000000000 ) ;
#482 = CARTESIAN_POINT ( 'NONE',  ( 88.00000000000002842, 58.00000000000000000, -24.00000000000000000 ) ) ;
#483 = DIRECTION ( 'NONE',  ( 0.000000000000000000, 0.000000000000000000, 1.000000000000000000 ) ) ;
#484 = DIRECTION ( 'NONE',  ( 0.000000000000000000, 0.000000000000000000, -1.000000000000000000 ) ) ;
#485 = ORIENTED_EDGE ( 'NONE', *, *, #109, .F. ) ;
#486 = DIRECTION ( 'NONE',  ( 0.000000000000000000, 0.000000000000000000, 1.000000000000000000 ) ) ;
#487 = AXIS2_PLACEMENT_3D ( 'NONE', #2608, #1931, #1456 ) ;
#488 = EDGE_CURVE ( 'NONE', #760, #2432, #1879, .T. ) ;
#489 = EDGE_LOOP ( 'NONE', ( #648, #2607, #2409, #2924 ) ) ;
#490 = ORIENTED_EDGE ( 'NONE', *, *, #872, .F. ) ;
#491 = DIRECTION ( 'NONE',  ( 0.000000000000000000, 0.000000000000000000, -1.000000000000000000 ) ) ;
#492 = CARTESIAN_POINT ( 'NONE',  ( -4.100000000000006750, -60.00000000000000000, -17.79999999999999716 ) ) ;
#493 = CARTESIAN_POINT ( 'NONE',  ( 88.00000000000000000, -59.00000000000000000, 1.000000000000000000 ) ) ;
#494 = VERTEX_POINT ( 'NONE', #2807 ) ;
#495 = ORIENTED_EDGE ( 'NONE', *, *, #970, .T. ) ;
#496 = SURFACE_SIDE_STYLE ('',( #2545 ) ) ;
#497 = ORIENTED_EDGE ( 'NONE', *, *, #704, .T. ) ;
#498 = EDGE_CURVE ( 'NONE', #672, #2546, #43, .T. ) ;
#499 = CARTESIAN_POINT ( 'NONE',  ( 80.00000000000000000, 58.00000000000000000, -20.29999999999999716 ) ) ;
#500 = DIRECTION ( 'NONE',  ( -1.000000000000000000, -0.000000000000000000, -0.000000000000000000 ) ) ;
#501 = CARTESIAN_POINT ( 'NONE',  ( 90.00100000000003320, -19.00000000000002132, -12.00000000000000000 ) ) ;
#502 = ORIENTED_EDGE ( 'NONE', *, *, #1399, .F. ) ;
#503 = CARTESIAN_POINT ( 'NONE',  ( 87.99999999999998579, 59.00000000000000000, -24.00000000000000000 ) ) ;
#504 = ORIENTED_EDGE ( 'NONE', *, *, #465, .T. ) ;
#505 = TOROIDAL_SURFACE ( 'NONE', #2176, 1.000000000000001776, 1.000000000000000000 ) ;
#506 = DIRECTION ( 'NONE',  ( 1.182766006347823109E-16, 1.000000000000000000, -0.000000000000000000 ) ) ;
#507 = ORIENTED_EDGE ( 'NONE', *, *, #1478, .T. ) ;
#508 = AXIS2_PLACEMENT_3D ( 'NONE', #558, #2143, #366 ) ;
#509 = ADVANCED_FACE ( 'NONE', ( #1165 ), #1866, .F. ) ;
#510 = ORIENTED_EDGE ( 'NONE', *, *, #1906, .F. ) ;
#511 = EDGE_LOOP ( 'NONE', ( #901, #547, #1825, #495 ) ) ;
#512 = FACE_OUTER_BOUND ( 'NONE', #2246, .T. ) ;
#513 = DIRECTION ( 'NONE',  ( 0.000000000000000000, 0.000000000000000000, -1.000000000000000000 ) ) ;
#514 = DIRECTION ( 'NONE',  ( 0.000000000000000000, 0.000000000000000000, 1.000000000000000000 ) ) ;
#515 = VERTEX_POINT ( 'NONE', #2551 ) ;
#516 = CARTESIAN_POINT ( 'NONE',  ( -60.00000000000000000, 60.00099999999999767, -20.00000000000000000 ) ) ;
#517 = AXIS2_PLACEMENT_3D ( 'NONE', #476, #1568, #231 ) ;
#518 = ORIENTED_EDGE ( 'NONE', *, *, #2363, .F. ) ;
#519 = AXIS2_PLACEMENT_3D ( 'NONE', #635, #2735, #1341 ) ;
#520 = DIRECTION ( 'NONE',  ( -0.000000000000000000, -1.000000000000000000, -0.000000000000000000 ) ) ;
#521 = ADVANCED_FACE ( 'NONE', ( #1850 ), #70, .F. ) ;
#522 = ORIENTED_EDGE ( 'NONE', *, *, #2302, .T. ) ;
#523 = ORIENTED_EDGE ( 'NONE', *, *, #2121, .T. ) ;
#524 = DIRECTION ( 'NONE',  ( 0.000000000000000000, 1.000000000000000000, 0.000000000000000000 ) ) ;
#525 = EDGE_CURVE ( 'NONE', #1883, #313, #707, .T. ) ;
#526 = AXIS2_PLACEMENT_3D ( 'NONE', #2521, #973, #1670 ) ;
#527 = EDGE_CURVE ( 'NONE', #790, #1630, #1396, .T. ) ;
#528 = VECTOR ( 'NONE', #1854, 1000.000000000000000 ) ;
#529 = EDGE_CURVE ( 'NONE', #2267, #1564, #1431, .T. ) ;
#530 = DIRECTION ( 'NONE',  ( -0.000000000000000000, -0.000000000000000000, -1.000000000000000000 ) ) ;
#531 = DIRECTION ( 'NONE',  ( -1.000000000000000000, 2.392722035830078479E-16, -0.000000000000000000 ) ) ;
#532 = AXIS2_PLACEMENT_3D ( 'NONE', #2670, #628, #1098 ) ;
#533 = ORIENTED_EDGE ( 'NONE', *, *, #1168, .T. ) ;
#534 = DIRECTION ( 'NONE',  ( -1.000000000000000000, 0.000000000000000000, 0.000000000000000000 ) ) ;
#535 = EDGE_CURVE ( 'NONE', #2556, #1353, #958, .T. ) ;
#536 = VERTEX_POINT ( 'NONE', #735 ) ;
#537 = DIRECTION ( 'NONE',  ( 1.000000000000000000, -0.000000000000000000, -0.000000000000000000 ) ) ;
#538 = VECTOR ( 'NONE', #1225, 1000.000000000000000 ) ;
#539 = VERTEX_POINT ( 'NONE', #2794 ) ;
#540 = ORIENTED_EDGE ( 'NONE', *, *, #2340, .F. ) ;
#541 = CARTESIAN_POINT ( 'NONE',  ( 88.00000000000000000, 57.99999999999999289, -23.00000000000000000 ) ) ;
#542 = EDGE_CURVE ( 'NONE', #1851, #2126, #1935, .T. ) ;
#543 = EDGE_LOOP ( 'NONE', ( #1886, #1097, #359, #598 ) ) ;
#544 = LINE ( 'NONE', #2296, #114 ) ;
#545 = VECTOR ( 'NONE', #1863, 1000.000000000000000 ) ;
#546 = CARTESIAN_POINT ( 'NONE',  ( -79.10000000000000853, 58.00000000000000000, -18.70000000000000284 ) ) ;
#547 = ORIENTED_EDGE ( 'NONE', *, *, #2395, .F. ) ;
#548 = CARTESIAN_POINT ( 'NONE',  ( -88.00000000000001421, -58.00000000000000000, 0.000000000000000000 ) ) ;
#549 = ORIENTED_EDGE ( 'NONE', *, *, #784, .F. ) ;
#550 = DIRECTION ( 'NONE',  ( -1.000000000000000000, 2.392722035830078479E-16, 0.000000000000000000 ) ) ;
#551 = EDGE_CURVE ( 'NONE', #740, #349, #2658, .T. ) ;
#552 = AXIS2_PLACEMENT_3D ( 'NONE', #999, #500, #1429 ) ;
#553 = FACE_OUTER_BOUND ( 'NONE', #1626, .T. ) ;
#554 = ORIENTED_EDGE ( 'NONE', *, *, #2942, .F. ) ;
#555 = ORIENTED_EDGE ( 'NONE', *, *, #1009, .T. ) ;
#556 = CARTESIAN_POINT ( 'NONE',  ( -4.100000000000007638, -60.00000000000000000, -21.19999999999999929 ) ) ;
#557 = AXIS2_PLACEMENT_3D ( 'NONE', #2391, #2848, #570 ) ;
#558 = CARTESIAN_POINT ( 'NONE',  ( -88.00000000000000000, -57.99999999999999289, -24.00000000000000000 ) ) ;
#559 = EDGE_CURVE ( 'NONE', #1166, #1330, #1727, .T. ) ;
#560 = CARTESIAN_POINT ( 'NONE',  ( 1.500000000000000000, 57.99999999999999289, -12.00000000000000000 ) ) ;
#561 = CYLINDRICAL_SURFACE ( 'NONE', #2231, 0.5000000000000004441 ) ;
#562 = EDGE_CURVE ( 'NONE', #2727, #1964, #2824, .T. ) ;
#563 = CARTESIAN_POINT ( 'NONE',  ( -90.00000000000000000, -57.99999999999997868, 2.000000000000000000 ) ) ;
#564 = EDGE_LOOP ( 'NONE', ( #1600, #2084, #899, #1304 ) ) ;
#565 = CARTESIAN_POINT ( 'NONE',  ( 1.500000000000000000, 60.00000000000000000, -12.00000000000000000 ) ) ;
#566 = EDGE_LOOP ( 'NONE', ( #2717, #2516, #269, #479 ) ) ;
#567 = CARTESIAN_POINT ( 'NONE',  ( 87.99999999999998579, -59.00000000000000000, 2.000000000000000000 ) ) ;
#568 = VERTEX_POINT ( 'NONE', #771 ) ;
#569 = DIRECTION ( 'NONE',  ( -1.416100796715761356E-16, 1.000000000000000000, 0.000000000000000000 ) ) ;
#570 = DIRECTION ( 'NONE',  ( -1.000000000000000000, 1.182766006347823109E-16, 0.000000000000000000 ) ) ;
#571 = CIRCLE ( 'NONE', #2868, 0.5000000000000004441 ) ;
#572 = CARTESIAN_POINT ( 'NONE',  ( -87.99999999999998579, 60.00000000000000000, 2.000000000000000000 ) ) ;
#573 = LINE ( 'NONE', #848, #1558 ) ;
#574 = FACE_OUTER_BOUND ( 'NONE', #996, .T. ) ;
#575 = EDGE_CURVE ( 'NONE', #1829, #1353, #340, .T. ) ;
#576 = ORIENTED_EDGE ( 'NONE', *, *, #2749, .T. ) ;
#577 = LINE ( 'NONE', #405, #706 ) ;
#578 = EDGE_LOOP ( 'NONE', ( #2598, #11, #2934, #1771, #235, #1805, #2877, #1332 ) ) ;
#579 = ADVANCED_FACE ( 'NONE', ( #1923 ), #1255, .F. ) ;
#580 = CARTESIAN_POINT ( 'NONE',  ( -70.00000000000000000, 60.00000000000000000, -20.29999999999999716 ) ) ;
#581 = ORIENTED_EDGE ( 'NONE', *, *, #872, .T. ) ;
#582 = LINE ( 'NONE', #1767, #243 ) ;
#583 = VECTOR ( 'NONE', #68, 1000.000000000000000 ) ;
#584 = DIRECTION ( 'NONE',  ( 0.000000000000000000, 1.000000000000000000, 0.000000000000000000 ) ) ;
#585 = DIRECTION ( 'NONE',  ( 1.182766006347823109E-16, 1.000000000000000000, -0.000000000000000000 ) ) ;
#586 = ADVANCED_FACE ( 'NONE', ( #2174 ), #1520, .F. ) ;
#587 = CARTESIAN_POINT ( 'NONE',  ( -60.00000000000000000, 60.00099999999999767, -20.00000000000000000 ) ) ;
#588 = DIRECTION ( 'NONE',  ( -1.000000000000000000, 0.000000000000000000, 4.231032868236114925E-16 ) ) ;
#589 = CARTESIAN_POINT ( 'NONE',  ( -1.500000000000000000, 57.99999999999999289, -12.00000000000000000 ) ) ;
#590 = ORIENTED_EDGE ( 'NONE', *, *, #1459, .T. ) ;
#591 = CARTESIAN_POINT ( 'NONE',  ( 81.99999999999998579, 53.99999999999997868, 2.000000000000000000 ) ) ;
#592 = ORIENTED_EDGE ( 'NONE', *, *, #294, .F. ) ;
#593 = APPLICATION_CONTEXT ( 'automotive_design' ) ;
#594 = CARTESIAN_POINT ( 'NONE',  ( -88.00000000000000000, -57.99999999999999289, 2.000000000000000000 ) ) ;
#595 = ORIENTED_EDGE ( 'NONE', *, *, #2395, .T. ) ;
#596 = CARTESIAN_POINT ( 'NONE',  ( 90.00000000000000000, -51.00000000000002132, -14.20000000000000462 ) ) ;
#597 = ADVANCED_FACE ( 'NONE', ( #368 ), #2601, .F. ) ;
#598 = ORIENTED_EDGE ( 'NONE', *, *, #666, .F. ) ;
#599 = AXIS2_PLACEMENT_3D ( 'NONE', #877, #426, #483 ) ;
#600 = FACE_BOUND ( 'NONE', #2203, .T. ) ;
#601 = CARTESIAN_POINT ( 'NONE',  ( 88.00000000000000000, 57.99999999999999289, 1.000000000000000000 ) ) ;
#602 = FACE_OUTER_BOUND ( 'NONE', #300, .T. ) ;
#603 = ORIENTED_EDGE ( 'NONE', *, *, #1806, .F. ) ;
#604 = CARTESIAN_POINT ( 'NONE',  ( 88.00000000000000000, -57.99999999999999289, 1.000000000000000000 ) ) ;
#605 = CARTESIAN_POINT ( 'NONE',  ( -1.500000000000000000, 57.99999999999999289, -12.50000000000000000 ) ) ;
#606 = EDGE_LOOP ( 'NONE', ( #982, #1470, #2034, #757 ) ) ;
#607 = CIRCLE ( 'NONE', #749, 0.9000000000000014655 ) ;
#608 = DIRECTION ( 'NONE',  ( 1.000000000000000000, -0.000000000000000000, -0.000000000000000000 ) ) ;
#609 = CIRCLE ( 'NONE', #2811, 1.000000000000000000 ) ;
#610 = CARTESIAN_POINT ( 'NONE',  ( 90.00100000000001899, -1.500000000000000000, -10.00000000000000000 ) ) ;
#611 = CARTESIAN_POINT ( 'NONE',  ( 89.00000000000000000, -57.99999999999999289, 1.000000000000000000 ) ) ;
#612 = CARTESIAN_POINT ( 'NONE',  ( 90.00100000000003320, -18.00000000000002132, -13.00000000000000000 ) ) ;
#613 = EDGE_CURVE ( 'NONE', #1477, #349, #876, .T. ) ;
#614 = ORIENTED_EDGE ( 'NONE', *, *, #2162, .T. ) ;
#615 = DIRECTION ( 'NONE',  ( -1.000000000000000000, 0.000000000000000000, 0.000000000000000000 ) ) ;
#616 = AXIS2_PLACEMENT_3D ( 'NONE', #293, #2826, #2122 ) ;
#617 = EDGE_CURVE ( 'NONE', #1646, #974, #352, .T. ) ;
#618 = PLANE ( 'NONE',  #49 ) ;
#619 = CARTESIAN_POINT ( 'NONE',  ( -70.90000000000000568, 60.00000000000000000, -18.70000000000000639 ) ) ;
#620 = AXIS2_PLACEMENT_3D ( 'NONE', #2228, #2046, #2271 ) ;
#621 = CARTESIAN_POINT ( 'NONE',  ( -70.90000000000000568, 58.00000000000000000, -17.80000000000000071 ) ) ;
#622 = ORIENTED_EDGE ( 'NONE', *, *, #2298, .T. ) ;
#623 = CARTESIAN_POINT ( 'NONE',  ( -88.00000000000000000, 1.500000000000000000, -10.00000000000000000 ) ) ;
#624 = CARTESIAN_POINT ( 'NONE',  ( 88.00000000000002842, 58.00000000000000000, -24.00000000000000000 ) ) ;
#625 = DIRECTION ( 'NONE',  ( -0.000000000000000000, 1.000000000000000000, -0.000000000000000000 ) ) ;
#626 = CARTESIAN_POINT ( 'NONE',  ( -90.00000000000000000, 1.500000000000000000, -10.50000000000000000 ) ) ;
#627 = ORIENTED_EDGE ( 'NONE', *, *, #822, .T. ) ;
#628 = DIRECTION ( 'NONE',  ( 0.000000000000000000, -1.000000000000000000, -0.000000000000000000 ) ) ;
#629 = AXIS2_PLACEMENT_3D ( 'NONE', #1557, #868, #1082 ) ;
#630 = EDGE_CURVE ( 'NONE', #2365, #2505, #1502, .T. ) ;
#631 = CARTESIAN_POINT ( 'NONE',  ( -87.99999999999998579, 60.00000000000000000, -23.00000000000000000 ) ) ;
#632 = DIRECTION ( 'NONE',  ( 0.000000000000000000, 0.000000000000000000, -1.000000000000000000 ) ) ;
#633 = LINE ( 'NONE', #2733, #1484 ) ;
#634 = ORIENTED_EDGE ( 'NONE', *, *, #1704, .F. ) ;
#635 = CARTESIAN_POINT ( 'NONE',  ( -87.99999999999998579, 59.00000000000000000, -23.00000000000000000 ) ) ;
#636 = LINE ( 'NONE', #2918, #1275 ) ;
#637 = DIRECTION ( 'NONE',  ( 0.000000000000000000, 0.000000000000000000, 1.000000000000000000 ) ) ;
#638 = CARTESIAN_POINT ( 'NONE',  ( 90.00000000000000000, -25.80000000000002558, -5.000000000000000888 ) ) ;
#639 = ORIENTED_EDGE ( 'NONE', *, *, #1400, .F. ) ;
#640 = LINE ( 'NONE', #2433, #2355 ) ;
#641 = VECTOR ( 'NONE', #834, 1000.000000000000000 ) ;
#642 = PLANE ( 'NONE',  #348 ) ;
#643 = CARTESIAN_POINT ( 'NONE',  ( -40.00000000000000000, 58.00000000000000000, -20.00000000000000000 ) ) ;
#644 = AXIS2_PLACEMENT_3D ( 'NONE', #734, #2566, #513 ) ;
#645 = ADVANCED_FACE ( 'NONE', ( #602 ), #1272, .F. ) ;
#646 = EDGE_CURVE ( 'NONE', #1792, #2353, #1016, .T. ) ;
#647 = DIRECTION ( 'NONE',  ( -1.000000000000000000, 1.182766006347823109E-16, -0.000000000000000000 ) ) ;
#648 = ORIENTED_EDGE ( 'NONE', *, *, #2360, .T. ) ;
#649 = ADVANCED_FACE ( 'NONE', ( #2145 ), #1027, .F. ) ;
#650 = FACE_OUTER_BOUND ( 'NONE', #1369, .T. ) ;
#651 = AXIS2_PLACEMENT_3D ( 'NONE', #493, #2757, #232 ) ;
#652 = LINE ( 'NONE', #2015, #389 ) ;
#653 = CARTESIAN_POINT ( 'NONE',  ( 79.10000000000000853, 60.00099999999999767, -18.70000000000000284 ) ) ;
#654 = PLANE ( 'NONE',  #2855 ) ;
#655 = VERTEX_POINT ( 'NONE', #1486 ) ;
#656 = DIRECTION ( 'NONE',  ( 0.000000000000000000, -0.000000000000000000, 1.000000000000000000 ) ) ;
#657 = AXIS2_PLACEMENT_3D ( 'NONE', #1479, #1732, #2398 ) ;
#658 = LINE ( 'NONE', #1982, #1317 ) ;
#659 = CIRCLE ( 'NONE', #126, 0.5000000000000004441 ) ;
#660 = DIRECTION ( 'NONE',  ( -0.000000000000000000, -0.000000000000000000, -1.000000000000000000 ) ) ;
#661 = VECTOR ( 'NONE', #1080, 1000.000000000000000 ) ;
#662 = CARTESIAN_POINT ( 'NONE',  ( -88.00000000000000000, 58.00000000000000000, -24.00000000000000000 ) ) ;
#663 = ORIENTED_EDGE ( 'NONE', *, *, #710, .T. ) ;
#664 = DIRECTION ( 'NONE',  ( 0.000000000000000000, 0.000000000000000000, -1.000000000000000000 ) ) ;
#665 = VECTOR ( 'NONE', #370, 1000.000000000000000 ) ;
#666 = EDGE_CURVE ( 'NONE', #1829, #22, #1350, .T. ) ;
#667 = CIRCLE ( 'NONE', #2057, 1.000000000000000888 ) ;
#668 = CARTESIAN_POINT ( 'NONE',  ( 89.00000000000000000, -57.99999999999999289, 2.000000000000000000 ) ) ;
#669 = DIRECTION ( 'NONE',  ( -1.000000000000000000, 2.392722035830078479E-16, -0.000000000000000000 ) ) ;
#670 =( LENGTH_UNIT ( ) NAMED_UNIT ( * ) SI_UNIT ( .MILLI., .METRE. ) );
#671 = AXIS2_PLACEMENT_3D ( 'NONE', #831, #584, #2683 ) ;
#672 = VERTEX_POINT ( 'NONE', #1698 ) ;
#673 = DIRECTION ( 'NONE',  ( -1.000000000000000000, 0.000000000000000000, -0.000000000000000000 ) ) ;
#674 = DIRECTION ( 'NONE',  ( -1.000000000000000000, 0.000000000000000000, -0.000000000000000000 ) ) ;
#675 = FACE_OUTER_BOUND ( 'NONE', #2139, .T. ) ;
#676 = VECTOR ( 'NONE', #812, 1000.000000000000000 ) ;
#677 = LINE ( 'NONE', #2702, #2108 ) ;
#678 = ORIENTED_EDGE ( 'NONE', *, *, #2281, .T. ) ;
#679 = FACE_OUTER_BOUND ( 'NONE', #564, .T. ) ;
#680 = FACE_OUTER_BOUND ( 'NONE', #543, .T. ) ;
#681 = DIRECTION ( 'NONE',  ( -0.000000000000000000, -1.000000000000000000, -0.000000000000000000 ) ) ;
#682 = LINE ( 'NONE', #897, #894 ) ;
#683 = AXIS2_PLACEMENT_3D ( 'NONE', #2565, #2386, #2519 ) ;
#684 = EDGE_CURVE ( 'NONE', #536, #2828, #194, .T. ) ;
#685 = EDGE_CURVE ( 'NONE', #1107, #118, #2328, .T. ) ;
#686 = ORIENTED_EDGE ( 'NONE', *, *, #2517, .T. ) ;
#687 = CARTESIAN_POINT ( 'NONE',  ( 90.00100000000001899, 1.500000000000000000, -10.00000000000000000 ) ) ;
#688 = CARTESIAN_POINT ( 'NONE',  ( 90.00000000000000000, -0.8000000000000213607, -6.000000000000000888 ) ) ;
#689 = CARTESIAN_POINT ( 'NONE',  ( -40.00000000000000000, 60.00000000000000000, -19.99999999999999645 ) ) ;
#690 = DIRECTION ( 'NONE',  ( -1.000000000000000000, 0.000000000000000000, 0.000000000000000000 ) ) ;
#691 = ORIENTED_EDGE ( 'NONE', *, *, #1896, .F. ) ;
#692 = AXIS2_PLACEMENT_3D ( 'NONE', #2553, #2317, #73 ) ;
#693 = FACE_OUTER_BOUND ( 'NONE', #1514, .T. ) ;
#694 = ORIENTED_EDGE ( 'NONE', *, *, #1138, .T. ) ;
#695 = LINE ( 'NONE', #2539, #1917 ) ;
#696 = CARTESIAN_POINT ( 'NONE',  ( 79.10000000000000853, 58.00000000000000000, -20.29999999999999716 ) ) ;
#697 = LINE ( 'NONE', #214, #372 ) ;
#698 = ORIENTED_EDGE ( 'NONE', *, *, #1936, .T. ) ;
#699 = ORIENTED_EDGE ( 'NONE', *, *, #1055, .T. ) ;
#700 = LINE ( 'NONE', #1174, #2116 ) ;
#701 = EDGE_CURVE ( 'NONE', #1680, #1355, #1464, .T. ) ;
#702 = EDGE_CURVE ( 'NONE', #1379, #1955, #1996, .T. ) ;
#703 = LINE ( 'NONE', #2549, #1005 ) ;
#704 = EDGE_CURVE ( 'NONE', #2721, #1154, #2257, .T. ) ;
#705 = LINE ( 'NONE', #1890, #18 ) ;
#706 = VECTOR ( 'NONE', #865, 1000.000000000000000 ) ;
#707 = LINE ( 'NONE', #501, #1242 ) ;
#708 = ORIENTED_EDGE ( 'NONE', *, *, #2596, .T. ) ;
#709 = DIRECTION ( 'NONE',  ( -1.000000000000000000, 0.000000000000000000, 0.000000000000000000 ) ) ;
#710 = EDGE_CURVE ( 'NONE', #1154, #2449, #860, .T. ) ;
#711 = ORIENTED_EDGE ( 'NONE', *, *, #244, .T. ) ;
#712 = CARTESIAN_POINT ( 'NONE',  ( 1.500000000000000000, 57.99999999999999289, -12.50000000000000000 ) ) ;
#713 = DIRECTION ( 'NONE',  ( 0.000000000000000000, 0.000000000000000000, 1.000000000000000000 ) ) ;
#714 = CARTESIAN_POINT ( 'NONE',  ( 90.00100000000001899, -50.20000000000002416, -15.00000000000000533 ) ) ;
#715 = VECTOR ( 'NONE', #1276, 1000.000000000000000 ) ;
#716 = ORIENTED_EDGE ( 'NONE', *, *, #2101, .T. ) ;
#717 = VERTEX_POINT ( 'NONE', #2898 ) ;
#718 = DIRECTION ( 'NONE',  ( -1.000000000000000000, 0.000000000000000000, 0.000000000000000000 ) ) ;
#719 = ORIENTED_EDGE ( 'NONE', *, *, #2171, .T. ) ;
#720 = LINE ( 'NONE', #2313, #1685 ) ;
#721 = DIRECTION ( 'NONE',  ( 0.000000000000000000, -9.035018104045871927E-17, -1.000000000000000000 ) ) ;
#722 = DIRECTION ( 'NONE',  ( -1.000000000000000000, 2.392722035830078479E-16, -0.000000000000000000 ) ) ;
#723 = EDGE_LOOP ( 'NONE', ( #2538, #963 ) ) ;
#724 = EDGE_CURVE ( 'NONE', #2560, #1264, #658, .T. ) ;
#725 = FACE_OUTER_BOUND ( 'NONE', #1389, .T. ) ;
#726 = AXIS2_PLACEMENT_3D ( 'NONE', #2447, #1050, #1961 ) ;
#727 = EDGE_LOOP ( 'NONE', ( #2040, #1207, #2874, #1092 ) ) ;
#728 = FACE_OUTER_BOUND ( 'NONE', #1173, .T. ) ;
#729 = VECTOR ( 'NONE', #2236, 1000.000000000000000 ) ;
#730 = ORIENTED_EDGE ( 'NONE', *, *, #2610, .T. ) ;
#731 = EDGE_LOOP ( 'NONE', ( #2169, #2906, #2442, #510 ) ) ;
#732 = DIRECTION ( 'NONE',  ( 1.000000000000000000, 0.000000000000000000, 0.000000000000000000 ) ) ;
#733 = DIRECTION ( 'NONE',  ( 1.269309860470834724E-16, 1.000000000000000000, -0.000000000000000000 ) ) ;
#734 = CARTESIAN_POINT ( 'NONE',  ( -70.90000000000000568, 60.00099999999999767, -18.70000000000000639 ) ) ;
#735 = CARTESIAN_POINT ( 'NONE',  ( -4.100000000000007638, -58.00000000000001421, -21.19999999999999929 ) ) ;
#736 = ORIENTED_EDGE ( 'NONE', *, *, #2597, .T. ) ;
#737 = DIRECTION ( 'NONE',  ( -1.000000000000000000, 0.000000000000000000, 0.000000000000000000 ) ) ;
#738 = ADVANCED_FACE ( 'NONE', ( #2482 ), #1536, .F. ) ;
#739 = EDGE_CURVE ( 'NONE', #672, #1815, #425, .T. ) ;
#740 = VERTEX_POINT ( 'NONE', #1775 ) ;
#741 = AXIS2_PLACEMENT_3D ( 'NONE', #1398, #534, #2135 ) ;
#742 = CARTESIAN_POINT ( 'NONE',  ( -87.99999999999998579, 60.00000000000000000, 2.000000000000000000 ) ) ;
#743 = ORIENTED_EDGE ( 'NONE', *, *, #2044, .F. ) ;
#744 = AXIS2_PLACEMENT_3D ( 'NONE', #69, #1637, #2347 ) ;
#745 = ORIENTED_EDGE ( 'NONE', *, *, #2360, .F. ) ;
#746 = ORIENTED_EDGE ( 'NONE', *, *, #1345, .F. ) ;
#747 = FACE_OUTER_BOUND ( 'NONE', #1643, .T. ) ;
#748 = ORIENTED_EDGE ( 'NONE', *, *, #315, .F. ) ;
#749 = AXIS2_PLACEMENT_3D ( 'NONE', #2307, #264, #17 ) ;
#750 = DIRECTION ( 'NONE',  ( 0.000000000000000000, -0.000000000000000000, 1.000000000000000000 ) ) ;
#751 = VECTOR ( 'NONE', #237, 1000.000000000000000 ) ;
#752 = EDGE_CURVE ( 'NONE', #1650, #2893, #2563, .T. ) ;
#753 = DIRECTION ( 'NONE',  ( -1.000000000000000000, 0.000000000000000000, 0.000000000000000000 ) ) ;
#754 = EDGE_LOOP ( 'NONE', ( #1391, #736, #2006, #2230 ) ) ;
#755 = DIRECTION ( 'NONE',  ( -0.000000000000000000, -1.000000000000000000, -0.000000000000000000 ) ) ;
#756 = CIRCLE ( 'NONE', #2672, 1.000000000000000888 ) ;
#757 = ORIENTED_EDGE ( 'NONE', *, *, #344, .T. ) ;
#758 = CIRCLE ( 'NONE', #2626, 0.8999999999999980238 ) ;
#759 = DIRECTION ( 'NONE',  ( 1.000000000000000000, 0.000000000000000000, 4.231032868236115418E-16 ) ) ;
#760 = VERTEX_POINT ( 'NONE', #1758 ) ;
#761 = EDGE_CURVE ( 'NONE', #1880, #2126, #2687, .T. ) ;
#762 = VERTEX_POINT ( 'NONE', #1128 ) ;
#763 = ORIENTED_EDGE ( 'NONE', *, *, #2363, .T. ) ;
#764 = EDGE_LOOP ( 'NONE', ( #1671, #2974, #374, #2808, #1790, #743, #2530, #842 ) ) ;
#765 = CARTESIAN_POINT ( 'NONE',  ( 90.00100000000003320, -0.8000000000000221378, -12.00000000000000000 ) ) ;
#766 = ORIENTED_EDGE ( 'NONE', *, *, #1803, .T. ) ;
#767 = ADVANCED_FACE ( 'NONE', ( #2242 ), #1748, .T. ) ;
#768 = AXIS2_PLACEMENT_3D ( 'NONE', #2509, #1539, #1563 ) ;
#769 = CIRCLE ( 'NONE', #2448, 1.000000000000000000 ) ;
#770 = LINE ( 'NONE', #239, #265 ) ;
#771 = CARTESIAN_POINT ( 'NONE',  ( -4.100000000000007638, -60.00000000000000000, -21.19999999999999929 ) ) ;
#772 = AXIS2_PLACEMENT_3D ( 'NONE', #174, #410, #885 ) ;
#773 = ORIENTED_EDGE ( 'NONE', *, *, #1060, .T. ) ;
#774 = EDGE_CURVE ( 'NONE', #1646, #2401, #1548, .T. ) ;
#775 = CARTESIAN_POINT ( 'NONE',  ( 84.00000000000000000, 51.99999999999996447, 0.000000000000000000 ) ) ;
#776 = ORIENTED_EDGE ( 'NONE', *, *, #685, .F. ) ;
#777 = CIRCLE ( 'NONE', #1348, 1.000000000000000888 ) ;
#778 = DIRECTION ( 'NONE',  ( -0.000000000000000000, -1.000000000000000000, -0.000000000000000000 ) ) ;
#779 = ORIENTED_EDGE ( 'NONE', *, *, #975, .F. ) ;
#780 = ORIENTED_EDGE ( 'NONE', *, *, #224, .F. ) ;
#781 = EDGE_LOOP ( 'NONE', ( #64, #81, #766, #1310 ) ) ;
#782 = DIRECTION ( 'NONE',  ( -1.000000000000000000, 2.392722035830078479E-16, -0.000000000000000000 ) ) ;
#783 = ADVANCED_FACE ( 'NONE', ( #1787 ), #452, .F. ) ;
#784 = EDGE_CURVE ( 'NONE', #994, #384, #2591, .T. ) ;
#785 = ADVANCED_FACE ( 'NONE', ( #887 ), #618, .F. ) ;
#786 = DIRECTION ( 'NONE',  ( -1.000000000000000000, -0.000000000000000000, -0.000000000000000000 ) ) ;
#787 = DIRECTION ( 'NONE',  ( -1.416100796715761356E-16, -1.000000000000000000, 0.000000000000000000 ) ) ;
#788 = CARTESIAN_POINT ( 'NONE',  ( 88.00000000000001421, -58.00000000000002132, -24.00000000000000000 ) ) ;
#789 = DIRECTION ( 'NONE',  ( -0.000000000000000000, -1.000000000000000000, -0.000000000000000000 ) ) ;
#790 = VERTEX_POINT ( 'NONE', #398 ) ;
#791 = CARTESIAN_POINT ( 'NONE',  ( -1.500000000000000000, 60.00000000000000000, -12.00000000000000000 ) ) ;
#792 = ADVANCED_FACE ( 'NONE', ( #1306 ), #875, .T. ) ;
#793 = CIRCLE ( 'NONE', #261, 0.5000000000000004441 ) ;
#794 = LINE ( 'NONE', #333, #751 ) ;
#795 = ORIENTED_EDGE ( 'NONE', *, *, #2338, .T. ) ;
#796 = FACE_OUTER_BOUND ( 'NONE', #2396, .T. ) ;
#797 = EDGE_LOOP ( 'NONE', ( #1186, #1658, #2337, #274 ) ) ;
#798 = VECTOR ( 'NONE', #530, 1000.000000000000000 ) ;
#799 = LINE ( 'NONE', #1794, #1513 ) ;
#800 = DIRECTION ( 'NONE',  ( 0.000000000000000000, 0.000000000000000000, -1.000000000000000000 ) ) ;
#801 = ADVANCED_FACE ( 'NONE', ( #1321 ), #642, .F. ) ;
#802 = CARTESIAN_POINT ( 'NONE',  ( -5.000000000000006217, -60.00100000000002609, -20.30000000000000071 ) ) ;
#803 = DIRECTION ( 'NONE',  ( 0.000000000000000000, 0.000000000000000000, 1.000000000000000000 ) ) ;
#804 = EDGE_LOOP ( 'NONE', ( #2125, #2552, #2820, #1447 ) ) ;
#805 = LINE ( 'NONE', #1718, #955 ) ;
#806 = AXIS2_PLACEMENT_3D ( 'NONE', #1170, #669, #2080 ) ;
#807 = ORIENTED_EDGE ( 'NONE', *, *, #201, .T. ) ;
#808 = CIRCLE ( 'NONE', #2439, 1.000000000000000000 ) ;
#809 = DIRECTION ( 'NONE',  ( 0.000000000000000000, 0.000000000000000000, 1.000000000000000000 ) ) ;
#810 = EDGE_CURVE ( 'NONE', #2506, #536, #720, .T. ) ;
#811 = ORIENTED_EDGE ( 'NONE', *, *, #2612, .T. ) ;
#812 = DIRECTION ( 'NONE',  ( -1.000000000000000000, 2.392722035830078479E-16, -0.000000000000000000 ) ) ;
#813 = AXIS2_PLACEMENT_3D ( 'NONE', #1523, #117, #2194 ) ;
#814 = PLANE ( 'NONE',  #557 ) ;
#815 = CIRCLE ( 'NONE', #768, 0.9000000000000014655 ) ;
#816 = DIRECTION ( 'NONE',  ( -2.168404344970998613E-15, -0.000000000000000000, -1.000000000000000000 ) ) ;
#817 = CARTESIAN_POINT ( 'NONE',  ( -79.10000000000000853, 58.00000000000000000, -21.20000000000000639 ) ) ;
#818 = VECTOR ( 'NONE', #1499, 1000.000000000000000 ) ;
#819 = EDGE_CURVE ( 'NONE', #1746, #1778, #1929, .T. ) ;
#820 = CARTESIAN_POINT ( 'NONE',  ( -1.500000000000000000, 57.99999999999999289, -11.50000000000000000 ) ) ;
#821 = ORIENTED_EDGE ( 'NONE', *, *, #2923, .F. ) ;
#822 = EDGE_CURVE ( 'NONE', #790, #2020, #1605, .T. ) ;
#823 = DIRECTION ( 'NONE',  ( 0.000000000000000000, 0.000000000000000000, 1.000000000000000000 ) ) ;
#824 = VERTEX_POINT ( 'NONE', #2088 ) ;
#825 = DIRECTION ( 'NONE',  ( 0.000000000000000000, 0.000000000000000000, 1.000000000000000000 ) ) ;
#826 = ORIENTED_EDGE ( 'NONE', *, *, #2150, .T. ) ;
#827 = DIRECTION ( 'NONE',  ( 1.000000000000000000, 0.000000000000000000, 0.000000000000000000 ) ) ;
#828 = CIRCLE ( 'NONE', #1731, 2.000000000000001776 ) ;
#829 = VERTEX_POINT ( 'NONE', #1163 ) ;
#830 = ORIENTED_EDGE ( 'NONE', *, *, #1494, .F. ) ;
#831 = CARTESIAN_POINT ( 'NONE',  ( -87.99999999999998579, -60.00000000000000000, 2.000000000000000000 ) ) ;
#832 = CARTESIAN_POINT ( 'NONE',  ( -84.00000000000001421, -45.99999999999998579, 2.001000000000000334 ) ) ;
#833 = CARTESIAN_POINT ( 'NONE',  ( -88.00000000000000000, 58.00000000000000000, -24.00000000000000000 ) ) ;
#834 = DIRECTION ( 'NONE',  ( -1.000000000000000000, 1.269309860470834477E-16, -0.000000000000000000 ) ) ;
#835 = CYLINDRICAL_SURFACE ( 'NONE', #285, 0.8999999999999980238 ) ;
#836 = EDGE_LOOP ( 'NONE', ( #691, #2099, #678, #1124 ) ) ;
#837 = EDGE_CURVE ( 'NONE', #282, #539, #794, .T. ) ;
#838 = DIRECTION ( 'NONE',  ( -1.000000000000000000, 2.392722035830078479E-16, -0.000000000000000000 ) ) ;
#839 = VERTEX_POINT ( 'NONE', #1238 ) ;
#840 = EDGE_CURVE ( 'NONE', #1510, #455, #703, .T. ) ;
#841 = LINE ( 'NONE', #406, #661 ) ;
#842 = ORIENTED_EDGE ( 'NONE', *, *, #2399, .F. ) ;
#843 = DIRECTION ( 'NONE',  ( 1.000000000000000000, 0.000000000000000000, 0.000000000000000000 ) ) ;
#844 = VERTEX_POINT ( 'NONE', #1481 ) ;
#845 = AXIS2_PLACEMENT_3D ( 'NONE', #2520, #467, #1376 ) ;
#846 = FACE_OUTER_BOUND ( 'NONE', #1985, .T. ) ;
#847 = DIRECTION ( 'NONE',  ( 0.000000000000000000, 0.000000000000000000, -1.000000000000000000 ) ) ;
#848 = CARTESIAN_POINT ( 'NONE',  ( -88.00000000000000000, 58.00000000000000000, 0.000000000000000000 ) ) ;
#849 = CYLINDRICAL_SURFACE ( 'NONE', #2397, 1.000000000000000888 ) ;
#850 = VERTEX_POINT ( 'NONE', #2294 ) ;
#851 = LINE ( 'NONE', #1298, #1328 ) ;
#852 = CARTESIAN_POINT ( 'NONE',  ( 88.00000000000000000, 59.00000000000000000, 1.000000000000000000 ) ) ;
#853 = CARTESIAN_POINT ( 'NONE',  ( -87.99999999999998579, -60.00000000000000000, -23.00000000000000000 ) ) ;
#854 = DIRECTION ( 'NONE',  ( 0.000000000000000000, 0.000000000000000000, -1.000000000000000000 ) ) ;
#855 = EDGE_CURVE ( 'NONE', #2620, #2544, #609, .T. ) ;
#856 = CIRCLE ( 'NONE', #1374, 1.000000000000000888 ) ;
#857 = VERTEX_POINT ( 'NONE', #2155 ) ;
#858 = PLANE ( 'NONE',  #671 ) ;
#859 = DIRECTION ( 'NONE',  ( 1.000000000000000000, 0.000000000000000000, 0.000000000000000000 ) ) ;
#860 = LINE ( 'NONE', #2279, #2233 ) ;
#861 = CARTESIAN_POINT ( 'NONE',  ( 88.00000000000001421, -25.80000000000002558, -14.20000000000000462 ) ) ;
#862 = VECTOR ( 'NONE', #987, 1000.000000000000000 ) ;
#863 = DIRECTION ( 'NONE',  ( 0.000000000000000000, 0.000000000000000000, -1.000000000000000000 ) ) ;
#864 = ORIENTED_EDGE ( 'NONE', *, *, #2649, .F. ) ;
#865 = DIRECTION ( 'NONE',  ( -1.000000000000000000, 2.392722035830078479E-16, -0.000000000000000000 ) ) ;
#866 = CARTESIAN_POINT ( 'NONE',  ( 88.00000000000000000, 59.00000000000000000, 2.000000000000000000 ) ) ;
#867 = CARTESIAN_POINT ( 'NONE',  ( -70.00000000000000000, 60.00000000000000000, -18.70000000000000284 ) ) ;
#868 = DIRECTION ( 'NONE',  ( -0.000000000000000000, -0.000000000000000000, -1.000000000000000000 ) ) ;
#869 = ORIENTED_EDGE ( 'NONE', *, *, #1684, .T. ) ;
#870 = DIRECTION ( 'NONE',  ( -1.000000000000000000, 0.000000000000000000, 0.000000000000000000 ) ) ;
#871 = TOROIDAL_SURFACE ( 'NONE', #1069, 1.000000000000001776, 1.000000000000000000 ) ;
#872 = EDGE_CURVE ( 'NONE', #179, #2449, #2528, .T. ) ;
#873 = DIRECTION ( 'NONE',  ( 0.000000000000000000, 0.000000000000000000, 1.000000000000000000 ) ) ;
#874 = ADVANCED_FACE ( 'NONE', ( #553 ), #2844, .F. ) ;
#875 = CYLINDRICAL_SURFACE ( 'NONE', #1110, 1.000000000000000888 ) ;
#876 = CIRCLE ( 'NONE', #979, 0.8999999999999980238 ) ;
#877 = CARTESIAN_POINT ( 'NONE',  ( -90.00000000000000000, -1.500000000000000000, -10.00000000000000000 ) ) ;
#878 = CARTESIAN_POINT ( 'NONE',  ( -82.00000000000000000, -48.00000000000000000, 2.000000000000000000 ) ) ;
#879 = EDGE_LOOP ( 'NONE', ( #106, #2777, #1639, #1220 ) ) ;
#880 = CYLINDRICAL_SURFACE ( 'NONE', #519, 1.000000000000000888 ) ;
#881 = ORIENTED_EDGE ( 'NONE', *, *, #1640, .F. ) ;
#882 = DIRECTION ( 'NONE',  ( -0.000000000000000000, 0.000000000000000000, 1.000000000000000000 ) ) ;
#883 = FACE_BOUND ( 'NONE', #2472, .T. ) ;
#884 = VERTEX_POINT ( 'NONE', #1175 ) ;
#885 = DIRECTION ( 'NONE',  ( -1.000000000000000000, 0.000000000000000000, 0.000000000000000000 ) ) ;
#886 = VECTOR ( 'NONE', #1351, 1000.000000000000000 ) ;
#887 = FACE_OUTER_BOUND ( 'NONE', #1023, .T. ) ;
#888 = CARTESIAN_POINT ( 'NONE',  ( -88.00000000000000000, -57.99999999999999289, 1.000000000000000000 ) ) ;
#889 = EDGE_CURVE ( 'NONE', #118, #1107, #2952, .T. ) ;
#890 = EDGE_CURVE ( 'NONE', #1443, #829, #1022, .T. ) ;
#891 = CARTESIAN_POINT ( 'NONE',  ( 4.999999999999988454, -60.00000000000000000, -20.30000000000000426 ) ) ;
#892 = VERTEX_POINT ( 'NONE', #567 ) ;
#893 = DIRECTION ( 'NONE',  ( -2.168404344970998613E-15, 0.000000000000000000, -1.000000000000000000 ) ) ;
#894 = VECTOR ( 'NONE', #435, 1000.000000000000000 ) ;
#895 = VERTEX_POINT ( 'NONE', #2071 ) ;
#896 = CARTESIAN_POINT ( 'NONE',  ( -88.00000000000000000, 1.500000000000000000, -10.00000000000000000 ) ) ;
#897 = CARTESIAN_POINT ( 'NONE',  ( -40.00000000000000000, 60.00099999999999767, -20.00000000000000000 ) ) ;
#898 = VERTEX_POINT ( 'NONE', #8 ) ;
#899 = ORIENTED_EDGE ( 'NONE', *, *, #752, .T. ) ;
#900 =( NAMED_UNIT ( * ) SI_UNIT ( $, .STERADIAN. ) SOLID_ANGLE_UNIT ( ) );
#901 = ORIENTED_EDGE ( 'NONE', *, *, #1900, .F. ) ;
#902 = AXIS2_PLACEMENT_3D ( 'NONE', #791, #330, #1404 ) ;
#903 = DIRECTION ( 'NONE',  ( -1.000000000000000000, 0.000000000000000000, 0.000000000000000000 ) ) ;
#904 = AXIS2_PLACEMENT_3D ( 'NONE', #193, #1119, #1594 ) ;
#905 = CARTESIAN_POINT ( 'NONE',  ( -90.00000000000000000, -57.99999999999997868, 1.000000000000000000 ) ) ;
#906 = AXIS2_PLACEMENT_3D ( 'NONE', #610, #2858, #360 ) ;
#907 = CARTESIAN_POINT ( 'NONE',  ( 1.500000000000000000, 60.00000000000000000, -12.50000000000000000 ) ) ;
#908 = ORIENTED_EDGE ( 'NONE', *, *, #1696, .T. ) ;
#909 = CARTESIAN_POINT ( 'NONE',  ( -4.100000000000006750, -60.00100000000002609, -18.70000000000000284 ) ) ;
#910 = VECTOR ( 'NONE', #85, 1000.000000000000000 ) ;
#911 = EDGE_CURVE ( 'NONE', #844, #1465, #1980, .T. ) ;
#912 = CIRCLE ( 'NONE', #2585, 0.8999999999999980238 ) ;
#913 = FACE_OUTER_BOUND ( 'NONE', #797, .T. ) ;
#914 = FACE_OUTER_BOUND ( 'NONE', #2711, .T. ) ;
#915 = FILL_AREA_STYLE ('',( #460 ) ) ;
#916 = VECTOR ( 'NONE', #2186, 1000.000000000000000 ) ;
#917 = ORIENTED_EDGE ( 'NONE', *, *, #498, .T. ) ;
#918 = DIRECTION ( 'NONE',  ( -1.000000000000000000, -0.000000000000000000, -0.000000000000000000 ) ) ;
#919 = DIRECTION ( 'NONE',  ( 0.000000000000000000, 0.000000000000000000, 1.000000000000000000 ) ) ;
#920 = CARTESIAN_POINT ( 'NONE',  ( -5.000000000000006217, -60.00000000000000000, -18.70000000000000284 ) ) ;
#921 = CIRCLE ( 'NONE', #96, 0.8000000000000003775 ) ;
#922 = DIRECTION ( 'NONE',  ( -2.392722035830078479E-16, -1.000000000000000000, 0.000000000000000000 ) ) ;
#923 = ORIENTED_EDGE ( 'NONE', *, *, #201, .F. ) ;
#924 = CARTESIAN_POINT ( 'NONE',  ( 88.00000000000000000, 57.99999999999999289, -24.00000000000000000 ) ) ;
#925 = ORIENTED_EDGE ( 'NONE', *, *, #251, .F. ) ;
#926 = VECTOR ( 'NONE', #2875, 1000.000000000000000 ) ;
#927 = DIRECTION ( 'NONE',  ( 1.000000000000000000, 0.000000000000000000, 0.000000000000000000 ) ) ;
#928 = EDGE_CURVE ( 'NONE', #1197, #1792, #1618, .T. ) ;
#929 = DIRECTION ( 'NONE',  ( 2.168404344970998613E-15, 0.000000000000000000, 1.000000000000000000 ) ) ;
#930 =( NAMED_UNIT ( * ) SI_UNIT ( $, .STERADIAN. ) SOLID_ANGLE_UNIT ( ) );
#931 = ADVANCED_FACE ( 'NONE', ( #2971 ), #2778, .F. ) ;
#932 = AXIS2_PLACEMENT_3D ( 'NONE', #464, #1848, #2764 ) ;
#933 = EDGE_CURVE ( 'NONE', #1880, #2223, #1075, .T. ) ;
#934 = ORIENTED_EDGE ( 'NONE', *, *, #1336, .T. ) ;
#935 = ORIENTED_EDGE ( 'NONE', *, *, #19, .F. ) ;
#936 = DIRECTION ( 'NONE',  ( 0.000000000000000000, 0.000000000000000000, 1.000000000000000000 ) ) ;
#937 = DIRECTION ( 'NONE',  ( 0.000000000000000000, 0.000000000000000000, 1.000000000000000000 ) ) ;
#938 = DIRECTION ( 'NONE',  ( -2.392722035830078479E-16, -1.000000000000000000, 0.000000000000000000 ) ) ;
#939 = AXIS2_PLACEMENT_3D ( 'NONE', #1176, #750, #2781 ) ;
#940 = CARTESIAN_POINT ( 'NONE',  ( -60.00000000000000000, 60.00000000000000000, -4.000000000000000000 ) ) ;
#941 = ORIENTED_EDGE ( 'NONE', *, *, #2117, .F. ) ;
#942 = CIRCLE ( 'NONE', #1319, 2.000000000000001776 ) ;
#943 = CARTESIAN_POINT ( 'NONE',  ( -87.99999999999998579, 60.00000000000000000, -23.00000000000000000 ) ) ;
#944 = ORIENTED_EDGE ( 'NONE', *, *, #2959, .T. ) ;
#945 = ORIENTED_EDGE ( 'NONE', *, *, #1712, .F. ) ;
#946 = CARTESIAN_POINT ( 'NONE',  ( -80.00000000000000000, 58.00000000000000000, -20.30000000000000426 ) ) ;
#947 = CARTESIAN_POINT ( 'NONE',  ( -89.00000000000000000, 57.99999999999997868, 2.000000000000000000 ) ) ;
#948 = CARTESIAN_POINT ( 'NONE',  ( 90.00000000000000000, -50.20000000000002416, -15.00000000000000533 ) ) ;
#949 = EDGE_LOOP ( 'NONE', ( #2843, #1212, #1860, #595 ) ) ;
#950 = ORIENTED_EDGE ( 'NONE', *, *, #1008, .T. ) ;
#951 = DIRECTION ( 'NONE',  ( -0.000000000000000000, -0.000000000000000000, -1.000000000000000000 ) ) ;
#952 = ORIENTED_EDGE ( 'NONE', *, *, #1550, .T. ) ;
#953 = EDGE_CURVE ( 'NONE', #223, #282, #2224, .T. ) ;
#954 = DIRECTION ( 'NONE',  ( -1.416100796715761356E-16, 1.000000000000000000, 0.000000000000000000 ) ) ;
#955 = VECTOR ( 'NONE', #1492, 1000.000000000000000 ) ;
#956 = DIRECTION ( 'NONE',  ( -1.000000000000000000, 0.000000000000000000, 0.000000000000000000 ) ) ;
#957 = AXIS2_PLACEMENT_3D ( 'NONE', #565, #2873, #823 ) ;
#958 = LINE ( 'NONE', #2332, #1534 ) ;
#959 = EDGE_LOOP ( 'NONE', ( #780, #1655, #1571, #2499 ) ) ;
#960 = CARTESIAN_POINT ( 'NONE',  ( -88.00000000000000000, 57.99999999999999289, 2.000000000000000000 ) ) ;
#961 = ORIENTED_EDGE ( 'NONE', *, *, #1619, .T. ) ;
#962 = CARTESIAN_POINT ( 'NONE',  ( -40.00000000000000000, 60.00000000000000000, -20.00000000000000000 ) ) ;
#963 = ORIENTED_EDGE ( 'NONE', *, *, #1311, .T. ) ;
#964 = DIRECTION ( 'NONE',  ( 0.000000000000000000, 1.000000000000000000, 7.109522442527898271E-17 ) ) ;
#965 = CIRCLE ( 'NONE', #2823, 0.8000000000000020428 ) ;
#966 = ORIENTED_EDGE ( 'NONE', *, *, #2241, .F. ) ;
#967 = EDGE_LOOP ( 'NONE', ( #1250, #1277, #869, #2833 ) ) ;
#968 = DIRECTION ( 'NONE',  ( -1.000000000000000000, 2.392722035830078479E-16, -0.000000000000000000 ) ) ;
#969 = DIRECTION ( 'NONE',  ( -1.000000000000000000, 2.392722035830078479E-16, -0.000000000000000000 ) ) ;
#970 = EDGE_CURVE ( 'NONE', #1665, #850, #2532, .T. ) ;
#971 = PLANE ( 'NONE',  #2477 ) ;
#972 = EDGE_CURVE ( 'NONE', #2620, #1388, #255, .T. ) ;
#973 = DIRECTION ( 'NONE',  ( -1.000000000000000000, 0.000000000000000000, 0.000000000000000000 ) ) ;
#974 = VERTEX_POINT ( 'NONE', #138 ) ;
#975 = EDGE_CURVE ( 'NONE', #2020, #260, #1958, .T. ) ;
#976 = DIRECTION ( 'NONE',  ( 1.000000000000000000, -0.000000000000000000, -0.000000000000000000 ) ) ;
#977 = AXIS2_PLACEMENT_3D ( 'NONE', #2070, #1842, #2278 ) ;
#978 = VERTEX_POINT ( 'NONE', #2444 ) ;
#979 = AXIS2_PLACEMENT_3D ( 'NONE', #546, #1244, #323 ) ;
#980 = LINE ( 'NONE', #1199, #1095 ) ;
#981 =( LENGTH_UNIT ( ) NAMED_UNIT ( * ) SI_UNIT ( .MILLI., .METRE. ) );
#982 = ORIENTED_EDGE ( 'NONE', *, *, #74, .F. ) ;
#983 = VERTEX_POINT ( 'NONE', #580 ) ;
#984 = CYLINDRICAL_SURFACE ( 'NONE', #2263, 2.000000000000001776 ) ;
#985 = UNCERTAINTY_MEASURE_WITH_UNIT (LENGTH_MEASURE( 1.000000000000000082E-05 ), #2039, 'distance_accuracy_value', 'NONE');
#986 = LINE ( 'NONE', #2118, #2515 ) ;
#987 = DIRECTION ( 'NONE',  ( -0.000000000000000000, -1.000000000000000000, -0.000000000000000000 ) ) ;
#988 = ORIENTED_EDGE ( 'NONE', *, *, #542, .F. ) ;
#989 = ADVANCED_FACE ( 'NONE', ( #392 ), #1720, .T. ) ;
#990 = FACE_OUTER_BOUND ( 'NONE', #2157, .T. ) ;
#991 = EDGE_LOOP ( 'NONE', ( #1030, #227, #1918, #1035, #1103, #1999, #1796, #234 ) ) ;
#992 = ADVANCED_FACE ( 'NONE', ( #2636 ), #1975, .F. ) ;
#993 = CARTESIAN_POINT ( 'NONE',  ( 90.00000000000000000, -57.99999999999999289, 1.000000000000000000 ) ) ;
#994 = VERTEX_POINT ( 'NONE', #2462 ) ;
#995 = EDGE_LOOP ( 'NONE', ( #2589, #2359, #2216, #1210 ) ) ;
#996 = EDGE_LOOP ( 'NONE', ( #1994, #1497, #66, #1423 ) ) ;
#997 = FACE_BOUND ( 'NONE', #991, .T. ) ;
#998 = EDGE_CURVE ( 'NONE', #2370, #1746, #841, .T. ) ;
#999 = CARTESIAN_POINT ( 'NONE',  ( 90.00100000000001899, -1.500000000000000000, -10.00000000000000000 ) ) ;
#1000 = CARTESIAN_POINT ( 'NONE',  ( 88.00000000000001421, -25.80000000000002558, -5.000000000000000888 ) ) ;
#1001 = ORIENTED_EDGE ( 'NONE', *, *, #1459, .F. ) ;
#1002 = LINE ( 'NONE', #775, #1812 ) ;
#1003 = CIRCLE ( 'NONE', #30, 1.000000000000000888 ) ;
#1004 = ORIENTED_EDGE ( 'NONE', *, *, #2737, .F. ) ;
#1005 = VECTOR ( 'NONE', #969, 1000.000000000000000 ) ;
#1006 = EDGE_CURVE ( 'NONE', #1955, #1510, #2367, .T. ) ;
#1007 = FACE_BOUND ( 'NONE', #1407, .T. ) ;
#1008 = EDGE_CURVE ( 'NONE', #884, #2290, #2222, .T. ) ;
#1009 = EDGE_CURVE ( 'NONE', #1673, #2370, #1251, .T. ) ;
#1010 = ORIENTED_EDGE ( 'NONE', *, *, #1862, .T. ) ;
#1011 = ORIENTED_EDGE ( 'NONE', *, *, #1932, .F. ) ;
#1012 = FACE_BOUND ( 'NONE', #2323, .T. ) ;
#1013 = VECTOR ( 'NONE', #1710, 1000.000000000000000 ) ;
#1014 = VECTOR ( 'NONE', #1556, 1000.000000000000000 ) ;
#1015 = DIRECTION ( 'NONE',  ( -1.416100796715761356E-16, -1.000000000000000000, 0.000000000000000000 ) ) ;
#1016 = LINE ( 'NONE', #1949, #1495 ) ;
#1017 = LINE ( 'NONE', #1924, #1700 ) ;
#1018 = CARTESIAN_POINT ( 'NONE',  ( 79.10000000000000853, 60.00000000000000000, -17.80000000000000071 ) ) ;
#1019 = VERTEX_POINT ( 'NONE', #2904 ) ;
#1020 = AXIS2_PLACEMENT_3D ( 'NONE', #1946, #2860, #854 ) ;
#1021 = DIRECTION ( 'NONE',  ( 0.000000000000000000, 0.000000000000000000, 1.000000000000000000 ) ) ;
#1022 = LINE ( 'NONE', #1468, #2144 ) ;
#1023 = EDGE_LOOP ( 'NONE', ( #2335, #2064, #1693, #1004 ) ) ;
#1024 = FACE_BOUND ( 'NONE', #578, .T. ) ;
#1025 = EDGE_CURVE ( 'NONE', #568, #536, #1283, .T. ) ;
#1026 = FACE_OUTER_BOUND ( 'NONE', #2668, .T. ) ;
#1027 = PLANE ( 'NONE',  #2933 ) ;
#1028 = DIRECTION ( 'NONE',  ( 0.000000000000000000, -0.000000000000000000, 1.000000000000000000 ) ) ;
#1029 = FACE_BOUND ( 'NONE', #2123, .T. ) ;
#1030 = ORIENTED_EDGE ( 'NONE', *, *, #2212, .F. ) ;
#1031 = LINE ( 'NONE', #1045, #1230 ) ;
#1032 = ORIENTED_EDGE ( 'NONE', *, *, #2909, .F. ) ;
#1033 = VECTOR ( 'NONE', #2885, 1000.000000000000000 ) ;
#1034 = DIRECTION ( 'NONE',  ( 1.182766006347823109E-16, 1.000000000000000000, -0.000000000000000000 ) ) ;
#1035 = ORIENTED_EDGE ( 'NONE', *, *, #167, .F. ) ;
#1036 = AXIS2_PLACEMENT_3D ( 'NONE', #560, #1473, #2392 ) ;
#1037 = CARTESIAN_POINT ( 'NONE',  ( 70.00000000000000000, 60.00000000000000000, -20.30000000000000071 ) ) ;
#1038 = CIRCLE ( 'NONE', #1940, 1.000000000000000888 ) ;
#1039 = FACE_OUTER_BOUND ( 'NONE', #104, .T. ) ;
#1040 = EDGE_CURVE ( 'NONE', #1665, #2365, #2677, .T. ) ;
#1041 = DIRECTION ( 'NONE',  ( 6.938893903907221278E-15, -1.000000000000000000, 0.000000000000000000 ) ) ;
#1042 = CARTESIAN_POINT ( 'NONE',  ( 69.99999999999998579, 60.00000000000000000, -20.29999999999999716 ) ) ;
#1043 = CARTESIAN_POINT ( 'NONE',  ( 84.00000000000000000, 51.99999999999996447, 0.000000000000000000 ) ) ;
#1044 = EDGE_LOOP ( 'NONE', ( #540, #634, #1666, #2542 ) ) ;
#1045 = CARTESIAN_POINT ( 'NONE',  ( -87.99999999999998579, 60.00000000000000000, 1.000000000000000000 ) ) ;
#1046 = CIRCLE ( 'NONE', #2244, 0.8999999999999980238 ) ;
#1047 = ORIENTED_EDGE ( 'NONE', *, *, #2612, .F. ) ;
#1048 = CARTESIAN_POINT ( 'NONE',  ( -1.500000000000000000, -60.00100000000002609, -12.00000000000000000 ) ) ;
#1049 = ORIENTED_EDGE ( 'NONE', *, *, #2759, .F. ) ;
#1050 = DIRECTION ( 'NONE',  ( 0.000000000000000000, 0.000000000000000000, 1.000000000000000000 ) ) ;
#1051 = VECTOR ( 'NONE', #1750, 1000.000000000000000 ) ;
#1052 = ORIENTED_EDGE ( 'NONE', *, *, #2281, .F. ) ;
#1053 = DIRECTION ( 'NONE',  ( 0.000000000000000000, -1.000000000000000000, 0.000000000000000000 ) ) ;
#1054 = DIRECTION ( 'NONE',  ( -0.000000000000000000, -0.000000000000000000, -1.000000000000000000 ) ) ;
#1055 = EDGE_CURVE ( 'NONE', #1379, #1524, #1543, .T. ) ;
#1056 = CIRCLE ( 'NONE', #135, 0.8999999999999980238 ) ;
#1057 = DIRECTION ( 'NONE',  ( -1.000000000000000000, 1.416100796715761356E-16, 0.000000000000000000 ) ) ;
#1058 = ADVANCED_FACE ( 'NONE', ( #121 ), #1090, .F. ) ;
#1059 = DIRECTION ( 'NONE',  ( -1.182766006347823109E-16, -1.000000000000000000, 0.000000000000000000 ) ) ;
#1060 = EDGE_CURVE ( 'NONE', #2371, #1477, #636, .T. ) ;
#1061 = EDGE_CURVE ( 'NONE', #1469, #1019, #2650, .T. ) ;
#1062 = CARTESIAN_POINT ( 'NONE',  ( 90.00000000000000000, -18.00000000000002132, -5.000000000000000888 ) ) ;
#1063 = ORIENTED_EDGE ( 'NONE', *, *, #953, .F. ) ;
#1064 = CARTESIAN_POINT ( 'NONE',  ( 90.00100000000003320, -18.00000000000002132, -6.000000000000000888 ) ) ;
#1065 = VERTEX_POINT ( 'NONE', #1943 ) ;
#1066 = DIRECTION ( 'NONE',  ( -0.000000000000000000, -0.000000000000000000, -1.000000000000000000 ) ) ;
#1067 = ORIENTED_EDGE ( 'NONE', *, *, #933, .F. ) ;
#1068 = DIRECTION ( 'NONE',  ( 1.000000000000000000, 0.000000000000000000, -0.000000000000000000 ) ) ;
#1069 = AXIS2_PLACEMENT_3D ( 'NONE', #1359, #2325, #718 ) ;
#1070 = ORIENTED_EDGE ( 'NONE', *, *, #2517, .F. ) ;
#1071 = CARTESIAN_POINT ( 'NONE',  ( 90.00100000000003320, -0.8000000000000213607, -6.000000000000000888 ) ) ;
#1072 = VECTOR ( 'NONE', #1765, 1000.000000000000000 ) ;
#1073 = DIRECTION ( 'NONE',  ( -0.000000000000000000, -1.000000000000000000, -0.000000000000000000 ) ) ;
#1074 = PLANE ( 'NONE',  #2037 ) ;
#1075 = CIRCLE ( 'NONE', #2746, 1.000000000000000888 ) ;
#1076 = DIRECTION ( 'NONE',  ( 0.000000000000000000, 0.000000000000000000, -1.000000000000000000 ) ) ;
#1077 = ADVANCED_FACE ( 'NONE', ( #2693 ), #1555, .T. ) ;
#1078 = EDGE_LOOP ( 'NONE', ( #195, #2979, #1083, #2857 ) ) ;
#1079 = LINE ( 'NONE', #390, #424 ) ;
#1080 = DIRECTION ( 'NONE',  ( -0.000000000000000000, -1.000000000000000000, -0.000000000000000000 ) ) ;
#1081 = CARTESIAN_POINT ( 'NONE',  ( -1.500000000000000000, -60.00100000000002609, -12.50000000000000000 ) ) ;
#1082 = DIRECTION ( 'NONE',  ( -1.000000000000000000, 0.000000000000000000, 0.000000000000000000 ) ) ;
#1083 = ORIENTED_EDGE ( 'NONE', *, *, #617, .T. ) ;
#1084 = DIRECTION ( 'NONE',  ( -1.000000000000000000, 2.392722035830078479E-16, -0.000000000000000000 ) ) ;
#1085 = DIRECTION ( 'NONE',  ( 0.000000000000000000, 0.000000000000000000, -1.000000000000000000 ) ) ;
#1086 = CYLINDRICAL_SURFACE ( 'NONE', #1847, 1.000000000000000000 ) ;
#1087 = CARTESIAN_POINT ( 'NONE',  ( 89.00000000000000000, 57.99999999999999289, 2.000000000000000000 ) ) ;
#1088 = EDGE_LOOP ( 'NONE', ( #2604, #2841, #807, #2785, #1252, #2293, #1567, #1769 ) ) ;
#1089 = CARTESIAN_POINT ( 'NONE',  ( 89.00000000000000000, 57.99999999999997868, -23.00000000000000000 ) ) ;
#1091 = ADVANCED_FACE ( 'NONE', ( #375 ), #2168, .F. ) ;
#1090 = CYLINDRICAL_SURFACE ( 'NONE', #1139, 0.5000000000000004441 ) ;
#1092 = ORIENTED_EDGE ( 'NONE', *, *, #840, .F. ) ;
#1093 = CARTESIAN_POINT ( 'NONE',  ( 79.10000000000000853, 58.00000000000000000, -17.80000000000000071 ) ) ;
#1094 = ADVANCED_FACE ( 'NONE', ( #2201 ), #2876, .T. ) ;
#1095 = VECTOR ( 'NONE', #759, 1000.000000000000000 ) ;
#1096 = ORIENTED_EDGE ( 'NONE', *, *, #630, .F. ) ;
#1097 = ORIENTED_EDGE ( 'NONE', *, *, #2312, .T. ) ;
#1098 = DIRECTION ( 'NONE',  ( 0.000000000000000000, 0.000000000000000000, -1.000000000000000000 ) ) ;
#1099 = DIRECTION ( 'NONE',  ( -0.000000000000000000, 0.000000000000000000, -1.000000000000000000 ) ) ;
#1100 = CARTESIAN_POINT ( 'NONE',  ( 88.00000000000000000, -50.20000000000002416, -5.800000000000001599 ) ) ;
#1101 = VECTOR ( 'NONE', #1925, 1000.000000000000000 ) ;
#1102 = LINE ( 'NONE', #2011, #182 ) ;
#1103 = ORIENTED_EDGE ( 'NONE', *, *, #613, .F. ) ;
#1104 = CARTESIAN_POINT ( 'NONE',  ( -60.00000000000000000, 60.00000000000000000, -20.00000000000000000 ) ) ;
#1105 = FACE_OUTER_BOUND ( 'NONE', #959, .T. ) ;
#1106 = PRODUCT_DEFINITION_CONTEXT ( 'detailed design', #593, 'design' ) ;
#1107 = VERTEX_POINT ( 'NONE', #419 ) ;
#1108 = CARTESIAN_POINT ( 'NONE',  ( 90.00100000000003320, 0.1999999999999782507, -12.00000000000000000 ) ) ;
#1109 = FACE_BOUND ( 'NONE', #764, .T. ) ;
#1110 = AXIS2_PLACEMENT_3D ( 'NONE', #161, #2698, #2042 ) ;
#1111 = ADVANCED_FACE ( 'NONE', ( #1105 ), #1772, .T. ) ;
#1112 = EDGE_LOOP ( 'NONE', ( #2548, #44 ) ) ;
#1113 = DIRECTION ( 'NONE',  ( 0.000000000000000000, 0.000000000000000000, 1.000000000000000000 ) ) ;
#1114 = AXIS2_PLACEMENT_3D ( 'NONE', #2968, #1602, #1859 ) ;
#1115 = CARTESIAN_POINT ( 'NONE',  ( -4.100000000000007638, -60.00100000000002609, -21.19999999999999929 ) ) ;
#1116 = CARTESIAN_POINT ( 'NONE',  ( 88.00000000000000000, -58.00000000000002132, 0.000000000000000000 ) ) ;
#1117 = DIRECTION ( 'NONE',  ( 1.000000000000000000, -1.196361017915039239E-16, 0.000000000000000000 ) ) ;
#1118 = ORIENTED_EDGE ( 'NONE', *, *, #78, .F. ) ;
#1119 = DIRECTION ( 'NONE',  ( 1.182766006347823109E-16, 1.000000000000000000, -0.000000000000000000 ) ) ;
#1120 = EDGE_CURVE ( 'NONE', #1224, #2267, #139, .T. ) ;
#1121 = ORIENTED_EDGE ( 'NONE', *, *, #1906, .T. ) ;
#1122 = CYLINDRICAL_SURFACE ( 'NONE', #2248, 0.8999999999999980238 ) ;
#1123 = CARTESIAN_POINT ( 'NONE',  ( 70.90000000000000568, 60.00099999999999767, -18.69999999999999929 ) ) ;
#1124 = ORIENTED_EDGE ( 'NONE', *, *, #2469, .F. ) ;
#1125 = FILL_AREA_STYLE_COLOUR ( '', #393 ) ;
#1126 = ORIENTED_EDGE ( 'NONE', *, *, #2684, .F. ) ;
#1127 = CIRCLE ( 'NONE', #1177, 1.000000000000000000 ) ;
#1128 = CARTESIAN_POINT ( 'NONE',  ( -88.00000000000000000, 57.99999999999999289, 0.000000000000000000 ) ) ;
#1129 = CARTESIAN_POINT ( 'NONE',  ( 88.00000000000000000, -57.99999999999999289, 1.000000000000000000 ) ) ;
#1130 = CIRCLE ( 'NONE', #508, 1.000000000000000888 ) ;
#1131 = ADVANCED_FACE ( 'NONE', ( #600, #1333 ), #858, .F. ) ;
#1132 = DIRECTION ( 'NONE',  ( -1.000000000000000000, 2.392722035830078479E-16, -0.000000000000000000 ) ) ;
#1133 = ORIENTED_EDGE ( 'NONE', *, *, #613, .T. ) ;
#1134 = DIRECTION ( 'NONE',  ( -0.000000000000000000, 0.000000000000000000, -1.000000000000000000 ) ) ;
#1135 = AXIS2_PLACEMENT_3D ( 'NONE', #714, #1372, #1171 ) ;
#1136 = ORIENTED_EDGE ( 'NONE', *, *, #2473, .F. ) ;
#1137 = CARTESIAN_POINT ( 'NONE',  ( 88.00000000000000000, 57.99999999999999289, 2.000000000000000000 ) ) ;
#1138 = EDGE_CURVE ( 'NONE', #2666, #1388, #2590, .T. ) ;
#1139 = AXIS2_PLACEMENT_3D ( 'NONE', #1048, #2002, #825 ) ;
#1140 = ORIENTED_EDGE ( 'NONE', *, *, #529, .T. ) ;
#1141 = DIRECTION ( 'NONE',  ( -1.000000000000000000, 0.000000000000000000, 0.000000000000000000 ) ) ;
#1142 = VECTOR ( 'NONE', #2829, 1000.000000000000000 ) ;
#1143 = CARTESIAN_POINT ( 'NONE',  ( 4.999999999999993783, -60.00100000000002609, -18.69999999999999929 ) ) ;
#1144 = AXIS2_PLACEMENT_3D ( 'NONE', #909, #2060, #2753 ) ;
#1145 = LINE ( 'NONE', #2972, #1466 ) ;
#1146 = EDGE_CURVE ( 'NONE', #1443, #790, #1538, .T. ) ;
#1147 = FACE_BOUND ( 'NONE', #1112, .T. ) ;
#1148 = ORIENTED_EDGE ( 'NONE', *, *, #1991, .T. ) ;
#1149 = ADVANCED_FACE ( 'NONE', ( #1785 ), #1268, .F. ) ;
#1150 = FACE_OUTER_BOUND ( 'NONE', #1834, .T. ) ;
#1151 = VECTOR ( 'NONE', #753, 1000.000000000000000 ) ;
#1152 = EDGE_CURVE ( 'NONE', #2799, #1867, #1517, .T. ) ;
#1153 = VERTEX_POINT ( 'NONE', #1547 ) ;
#1154 = VERTEX_POINT ( 'NONE', #2897 ) ;
#1155 = DIRECTION ( 'NONE',  ( 8.462065736472230835E-16, 0.000000000000000000, -1.000000000000000000 ) ) ;
#1156 = DIRECTION ( 'NONE',  ( -1.000000000000000000, -0.000000000000000000, -0.000000000000000000 ) ) ;
#1157 = PRESENTATION_STYLE_ASSIGNMENT (( #2741 ) ) ;
#1158 = PRESENTATION_LAYER_ASSIGNMENT (  '', '', ( #2451 ) ) ;
#1159 = ORIENTED_EDGE ( 'NONE', *, *, #1678, .F. ) ;
#1160 = ADVANCED_FACE ( 'NONE', ( #2255 ), #1320, .F. ) ;
#1161 = ORIENTED_EDGE ( 'NONE', *, *, #1987, .F. ) ;
#1162 = VECTOR ( 'NONE', #954, 1000.000000000000000 ) ;
#1163 = CARTESIAN_POINT ( 'NONE',  ( 82.00000000000000000, -48.00000000000002132, 0.000000000000000000 ) ) ;
#1164 = DIRECTION ( 'NONE',  ( -0.000000000000000000, 1.000000000000000000, 0.000000000000000000 ) ) ;
#1165 = FACE_OUTER_BOUND ( 'NONE', #2254, .T. ) ;
#1166 = VERTEX_POINT ( 'NONE', #1965 ) ;
#1167 = LINE ( 'NONE', #2705, #1953 ) ;
#1168 = EDGE_CURVE ( 'NONE', #2165, #1880, #640, .T. ) ;
#1169 = ORIENTED_EDGE ( 'NONE', *, *, #2869, .F. ) ;
#1170 = CARTESIAN_POINT ( 'NONE',  ( 90.00100000000003320, -25.80000000000002558, -5.800000000000001599 ) ) ;
#1171 = DIRECTION ( 'NONE',  ( 0.000000000000000000, 1.000000000000000000, 7.109522442527898271E-17 ) ) ;
#1172 = ORIENTED_EDGE ( 'NONE', *, *, #1025, .T. ) ;
#1173 = EDGE_LOOP ( 'NONE', ( #811, #37, #1452, #52 ) ) ;
#1174 = CARTESIAN_POINT ( 'NONE',  ( -5.000000000000006217, -60.00100000000002609, -18.70000000000000284 ) ) ;
#1175 = CARTESIAN_POINT ( 'NONE',  ( 90.00000000000000000, -18.00000000000002132, -5.000000000000000888 ) ) ;
#1176 = CARTESIAN_POINT ( 'NONE',  ( -88.00000000000000000, -57.99999999999999289, -23.00000000000000000 ) ) ;
#1177 = AXIS2_PLACEMENT_3D ( 'NONE', #2768, #709, #486 ) ;
#1178 = DIRECTION ( 'NONE',  ( -0.000000000000000000, -0.000000000000000000, -1.000000000000000000 ) ) ;
#1179 = ORIENTED_EDGE ( 'NONE', *, *, #108, .F. ) ;
#1180 = VECTOR ( 'NONE', #42, 1000.000000000000000 ) ;
#1181 = FACE_OUTER_BOUND ( 'NONE', #2577, .T. ) ;
#1182 = ORIENTED_EDGE ( 'NONE', *, *, #837, .F. ) ;
#1183 = DIRECTION ( 'NONE',  ( -1.000000000000000000, -0.000000000000000000, -0.000000000000000000 ) ) ;
#1184 = LINE ( 'NONE', #2, #2429 ) ;
#1185 = ADVANCED_FACE ( 'NONE', ( #1995 ), #1532, .F. ) ;
#1186 = ORIENTED_EDGE ( 'NONE', *, *, #286, .T. ) ;
#1187 = EDGE_LOOP ( 'NONE', ( #2763, #428, #200, #1179 ) ) ;
#1188 = DIRECTION ( 'NONE',  ( -0.000000000000000000, 0.000000000000000000, -1.000000000000000000 ) ) ;
#1189 = ADVANCED_FACE ( 'NONE', ( #2466, #2911 ), #2450, .F. ) ;
#1190 = DIRECTION ( 'NONE',  ( -0.000000000000000000, 1.000000000000000000, -0.000000000000000000 ) ) ;
#1191 = VECTOR ( 'NONE', #2410, 1000.000000000000000 ) ;
#1192 = CARTESIAN_POINT ( 'NONE',  ( -60.00000000000000000, 60.00000000000000000, -20.00000000000000000 ) ) ;
#1193 = AXIS2_PLACEMENT_3D ( 'NONE', #2285, #225, #1609 ) ;
#1194 = DIRECTION ( 'NONE',  ( -1.000000000000000000, 2.392722035830078479E-16, 0.000000000000000000 ) ) ;
#1195 = EDGE_LOOP ( 'NONE', ( #826, #2637, #1633, #821 ) ) ;
#1196 = CARTESIAN_POINT ( 'NONE',  ( -70.00000000000000000, 58.00000000000000000, -18.70000000000000639 ) ) ;
#1197 = VERTEX_POINT ( 'NONE', #2639 ) ;
#1198 = CIRCLE ( 'NONE', #2348, 0.8999999999999980238 ) ;
#1199 = CARTESIAN_POINT ( 'NONE',  ( -79.10000000000000853, 60.00000000000000000, -17.80000000000000426 ) ) ;
#1200 = VECTOR ( 'NONE', #2502, 1000.000000000000000 ) ;
#1201 = VERTEX_POINT ( 'NONE', #380 ) ;
#1202 = ORIENTED_EDGE ( 'NONE', *, *, #684, .F. ) ;
#1203 = DIRECTION ( 'NONE',  ( -1.000000000000000000, 2.392722035830078479E-16, 0.000000000000000000 ) ) ;
#1204 = EDGE_CURVE ( 'NONE', #417, #22, #2208, .T. ) ;
#1205 = LINE ( 'NONE', #9, #2849 ) ;
#1206 = LINE ( 'NONE', #1217, #2445 ) ;
#1207 = ORIENTED_EDGE ( 'NONE', *, *, #468, .T. ) ;
#1208 = CARTESIAN_POINT ( 'NONE',  ( -90.00000000000000000, 57.99999999999997868, 2.000000000000000000 ) ) ;
#1209 = CIRCLE ( 'NONE', #2641, 0.8000000000000020428 ) ;
#1210 = ORIENTED_EDGE ( 'NONE', *, *, #466, .F. ) ;
#1211 = CARTESIAN_POINT ( 'NONE',  ( -4.100000000000006750, -60.00100000000002609, -17.79999999999999716 ) ) ;
#1212 = ORIENTED_EDGE ( 'NONE', *, *, #1457, .F. ) ;
#1213 = ORIENTED_EDGE ( 'NONE', *, *, #2700, .T. ) ;
#1214 = CARTESIAN_POINT ( 'NONE',  ( 84.00000000000000000, 51.99999999999996447, 2.001000000000000334 ) ) ;
#1215 = LINE ( 'NONE', #1865, #2329 ) ;
#1216 = EDGE_CURVE ( 'NONE', #1867, #2931, #2416, .T. ) ;
#1217 = CARTESIAN_POINT ( 'NONE',  ( -70.00000000000000000, 60.00000000000000000, -20.29999999999999716 ) ) ;
#1218 = EDGE_LOOP ( 'NONE', ( #2012, #120, #622, #1118 ) ) ;
#1219 = DIRECTION ( 'NONE',  ( 1.416100796715761356E-16, -1.000000000000000000, 0.000000000000000000 ) ) ;
#1220 = ORIENTED_EDGE ( 'NONE', *, *, #998, .F. ) ;
#1221 = AXIS2_PLACEMENT_3D ( 'NONE', #116, #1028, #1503 ) ;
#1222 = CARTESIAN_POINT ( 'NONE',  ( -60.00000000000000000, 58.00000000000000000, -4.000000000000000000 ) ) ;
#1223 = ORIENTED_EDGE ( 'NONE', *, *, #2177, .F. ) ;
#1224 = VERTEX_POINT ( 'NONE', #159 ) ;
#1225 = DIRECTION ( 'NONE',  ( 1.000000000000000000, -0.000000000000000000, -0.000000000000000000 ) ) ;
#1226 = LINE ( 'NONE', #2173, #1266 ) ;
#1227 = CARTESIAN_POINT ( 'NONE',  ( 88.00000000000000000, -58.00000000000002132, -24.00000000000000000 ) ) ;
#1228 = ORIENTED_EDGE ( 'NONE', *, *, #701, .T. ) ;
#1229 = LINE ( 'NONE', #1208, #1430 ) ;
#1230 = VECTOR ( 'NONE', #608, 1000.000000000000000 ) ;
#1231 = DIRECTION ( 'NONE',  ( 1.182766006347823109E-16, 1.000000000000000000, 0.000000000000000000 ) ) ;
#1232 = ADVANCED_FACE ( 'NONE', ( #365 ), #145, .F. ) ;
#1233 = ORIENTED_EDGE ( 'NONE', *, *, #2322, .T. ) ;
#1234 = AXIS2_PLACEMENT_3D ( 'NONE', #2622, #40, #2747 ) ;
#1235 = CARTESIAN_POINT ( 'NONE',  ( -79.10000000000000853, 60.00000000000000000, -21.20000000000000639 ) ) ;
#1236 = ORIENTED_EDGE ( 'NONE', *, *, #1770, .F. ) ;
#1237 = ADVANCED_FACE ( 'NONE', ( #846 ), #440, .T. ) ;
#1238 = CARTESIAN_POINT ( 'NONE',  ( -88.00000000000000000, -1.500000000000000000, -10.50000000000000000 ) ) ;
#1239 = ORIENTED_EDGE ( 'NONE', *, *, #46, .T. ) ;
#1240 = ORIENTED_EDGE ( 'NONE', *, *, #1006, .T. ) ;
#1241 = CARTESIAN_POINT ( 'NONE',  ( -1.500000000000000000, 60.00000000000000000, -12.50000000000000000 ) ) ;
#1242 = VECTOR ( 'NONE', #1412, 1000.000000000000000 ) ;
#1243 = DIRECTION ( 'NONE',  ( 0.000000000000000000, 0.000000000000000000, 1.000000000000000000 ) ) ;
#1244 = DIRECTION ( 'NONE',  ( -0.000000000000000000, -1.000000000000000000, -0.000000000000000000 ) ) ;
#1245 = LINE ( 'NONE', #2629, #2847 ) ;
#1246 = CARTESIAN_POINT ( 'NONE',  ( -81.99999999999998579, 54.00000000000000000, 2.001000000000000334 ) ) ;
#1247 = VERTEX_POINT ( 'NONE', #199 ) ;
#1248 = VECTOR ( 'NONE', #1545, 1000.000000000000000 ) ;
#1249 = CARTESIAN_POINT ( 'NONE',  ( 84.00000000000000000, 51.99999999999996447, 2.000000000000000000 ) ) ;
#1250 = ORIENTED_EDGE ( 'NONE', *, *, #438, .T. ) ;
#1251 = LINE ( 'NONE', #2183, #926 ) ;
#1252 = ORIENTED_EDGE ( 'NONE', *, *, #294, .T. ) ;
#1253 = CARTESIAN_POINT ( 'NONE',  ( 88.00000000000001421, -18.00000000000002132, -13.00000000000000000 ) ) ;
#1254 = LINE ( 'NONE', #832, #1560 ) ;
#1255 = PLANE ( 'NONE',  #2678 ) ;
#1256 = CARTESIAN_POINT ( 'NONE',  ( 1.500000000000000000, -60.00100000000002609, -12.00000000000000000 ) ) ;
#1257 = LINE ( 'NONE', #1970, #715 ) ;
#1258 = EDGE_LOOP ( 'NONE', ( #2571, #247 ) ) ;
#1259 = DIRECTION ( 'NONE',  ( -0.000000000000000000, 0.000000000000000000, 1.000000000000000000 ) ) ;
#1260 = MANIFOLD_SOLID_BREP ( '¶ê¨¤10', #2297 ) ;
#1261 = ORIENTED_EDGE ( 'NONE', *, *, #2456, .T. ) ;
#1262 = VECTOR ( 'NONE', #588, 1000.000000000000000 ) ;
#1263 = CARTESIAN_POINT ( 'NONE',  ( 90.00000000000000000, -25.80000000000002558, -5.800000000000001599 ) ) ;
#1264 = VERTEX_POINT ( 'NONE', #2054 ) ;
#1265 = DIRECTION ( 'NONE',  ( 0.000000000000000000, 0.000000000000000000, -1.000000000000000000 ) ) ;
#1266 = VECTOR ( 'NONE', #1015, 1000.000000000000000 ) ;
#1267 = ADVANCED_FACE ( 'NONE', ( #1814 ), #1347, .F. ) ;
#1268 = CYLINDRICAL_SURFACE ( 'NONE', #1823, 2.000000000000001776 ) ;
#1269 = CARTESIAN_POINT ( 'NONE',  ( 90.00100000000001899, 1.500000000000000000, -10.00000000000000000 ) ) ;
#1270 = EDGE_CURVE ( 'NONE', #857, #1465, #2745, .T. ) ;
#1271 = COLOUR_RGB ( '',0.7921568627450980005, 0.8196078431372548767, 0.9333333333333333481 ) ;
#1272 = CYLINDRICAL_SURFACE ( 'NONE', #97, 0.8999999999999980238 ) ;
#1273 = ADVANCED_FACE ( 'NONE', ( #462 ), #1572, .F. ) ;
#1274 = CARTESIAN_POINT ( 'NONE',  ( -79.10000000000000853, 60.00000000000000000, -17.80000000000000426 ) ) ;
#1275 = VECTOR ( 'NONE', #1735, 1000.000000000000000 ) ;
#1276 = DIRECTION ( 'NONE',  ( -0.000000000000000000, -0.000000000000000000, -1.000000000000000000 ) ) ;
#1277 = ORIENTED_EDGE ( 'NONE', *, *, #1491, .T. ) ;
#1278 = DIRECTION ( 'NONE',  ( -1.000000000000000000, 1.196361017915039239E-16, -0.000000000000000000 ) ) ;
#1279 = VECTOR ( 'NONE', #2016, 1000.000000000000000 ) ;
#1280 = ORIENTED_EDGE ( 'NONE', *, *, #251, .T. ) ;
#1281 = ADVANCED_FACE ( 'NONE', ( #254 ), #871, .T. ) ;
#1282 = VECTOR ( 'NONE', #2523, 1000.000000000000000 ) ;
#1283 = LINE ( 'NONE', #169, #1072 ) ;
#1284 = ORIENTED_EDGE ( 'NONE', *, *, #2340, .T. ) ;
#1285 = CARTESIAN_POINT ( 'NONE',  ( -88.00000000000001421, -57.99999999999999289, -24.00000000000000000 ) ) ;
#1286 = ORIENTED_EDGE ( 'NONE', *, *, #724, .F. ) ;
#1287 = DIRECTION ( 'NONE',  ( -0.000000000000000000, -1.000000000000000000, -0.000000000000000000 ) ) ;
#1288 = AXIS2_PLACEMENT_3D ( 'NONE', #470, #2315, #484 ) ;
#1289 = DIRECTION ( 'NONE',  ( -0.000000000000000000, -1.000000000000000000, -0.000000000000000000 ) ) ;
#1290 = ADVANCED_FACE ( 'NONE', ( #23 ), #2762, .F. ) ;
#1291 = VECTOR ( 'NONE', #2178, 1000.000000000000000 ) ;
#1292 = DIRECTION ( 'NONE',  ( -0.000000000000000000, -1.000000000000000000, -0.000000000000000000 ) ) ;
#1293 = FACE_OUTER_BOUND ( 'NONE', #2031, .T. ) ;
#1294 = EDGE_CURVE ( 'NONE', #2560, #1650, #700, .T. ) ;
#1295 = AXIS2_PLACEMENT_3D ( 'NONE', #2007, #2925, #1053 ) ;
#1296 = FACE_OUTER_BOUND ( 'NONE', #1401, .T. ) ;
#1297 = ORIENTED_EDGE ( 'NONE', *, *, #2632, .T. ) ;
#1298 = CARTESIAN_POINT ( 'NONE',  ( -79.10000000000000853, 58.00000000000000000, -17.80000000000000426 ) ) ;
#1299 = CIRCLE ( 'NONE', #2976, 1.000000000000000000 ) ;
#1300 = CARTESIAN_POINT ( 'NONE',  ( 90.00100000000003320, 0.1999999999999785560, -6.000000000000000888 ) ) ;
#1301 = DIRECTION ( 'NONE',  ( 1.000000000000000000, 0.000000000000000000, -0.000000000000000000 ) ) ;
#1302 = DIRECTION ( 'NONE',  ( 0.000000000000000000, 9.035018104045871927E-17, 1.000000000000000000 ) ) ;
#1303 = CIRCLE ( 'NONE', #443, 2.000000000000001776 ) ;
#1304 = ORIENTED_EDGE ( 'NONE', *, *, #1843, .F. ) ;
#1305 = CARTESIAN_POINT ( 'NONE',  ( -89.00000000000000000, -57.99999999999999289, -24.00000000000000000 ) ) ;
#1306 = FACE_OUTER_BOUND ( 'NONE', #1436, .T. ) ;
#1307 = DIRECTION ( 'NONE',  ( 0.000000000000000000, 0.000000000000000000, 1.000000000000000000 ) ) ;
#1308 = ADVANCED_FACE ( 'NONE', ( #38 ), #217, .T. ) ;
#1309 = CARTESIAN_POINT ( 'NONE',  ( 4.099999999999992539, -60.00000000000000000, -17.80000000000000071 ) ) ;
#1310 = ORIENTED_EDGE ( 'NONE', *, *, #1696, .F. ) ;
#1311 = EDGE_CURVE ( 'NONE', #839, #2382, #1687, .T. ) ;
#1312 = CYLINDRICAL_SURFACE ( 'NONE', #2001, 0.9999999999999974465 ) ;
#1313 = CARTESIAN_POINT ( 'NONE',  ( 90.00100000000003320, -25.00000000000002132, -14.20000000000000462 ) ) ;
#1314 = CARTESIAN_POINT ( 'NONE',  ( -88.00000000000000000, 57.99999999999999289, 1.000000000000000000 ) ) ;
#1315 = LINE ( 'NONE', #1331, #1449 ) ;
#1316 = CIRCLE ( 'NONE', #692, 0.8999999999999980238 ) ;
#1317 = VECTOR ( 'NONE', #1085, 1000.000000000000000 ) ;
#1318 = EDGE_LOOP ( 'NONE', ( #192, #346, #76, #258 ) ) ;
#1319 = AXIS2_PLACEMENT_3D ( 'NONE', #601, #1054, #1947 ) ;
#1320 = PLANE ( 'NONE',  #1726 ) ;
#1321 = FACE_OUTER_BOUND ( 'NONE', #1505, .T. ) ;
#1322 = DIRECTION ( 'NONE',  ( -0.000000000000000000, -1.000000000000000000, -0.000000000000000000 ) ) ;
#1323 = FACE_OUTER_BOUND ( 'NONE', #949, .T. ) ;
#1324 = VERTEX_POINT ( 'NONE', #2776 ) ;
#1325 = DIRECTION ( 'NONE',  ( -0.000000000000000000, 1.000000000000000000, -0.000000000000000000 ) ) ;
#1326 = EDGE_CURVE ( 'NONE', #1630, #829, #2501, .T. ) ;
#1327 = CARTESIAN_POINT ( 'NONE',  ( -88.00000000000000000, 57.99999999999999289, 1.000000000000000000 ) ) ;
#1328 = VECTOR ( 'NONE', #1506, 1000.000000000000000 ) ;
#1329 = EDGE_CURVE ( 'NONE', #2126, #1829, #828, .T. ) ;
#1330 = VERTEX_POINT ( 'NONE', #2791 ) ;
#1331 = CARTESIAN_POINT ( 'NONE',  ( 90.00000000000000000, 0.1999999999999785560, -6.000000000000000888 ) ) ;
#1332 = ORIENTED_EDGE ( 'NONE', *, *, #2749, .F. ) ;
#1333 = FACE_OUTER_BOUND ( 'NONE', #2754, .T. ) ;
#1334 = APPLICATION_PROTOCOL_DEFINITION ( 'draft international standard', 'automotive_design', 1998, #593 ) ;
#1335 = DIRECTION ( 'NONE',  ( 1.000000000000000000, 0.000000000000000000, -0.000000000000000000 ) ) ;
#1336 = EDGE_CURVE ( 'NONE', #568, #2967, #1442, .T. ) ;
#1337 = CARTESIAN_POINT ( 'NONE',  ( 70.90000000000000568, 60.00000000000000000, -21.19999999999999929 ) ) ;
#1338 = VECTOR ( 'NONE', #2058, 1000.000000000000000 ) ;
#1339 = CARTESIAN_POINT ( 'NONE',  ( -87.99999999999998579, -60.00000000000000000, 1.000000000000000000 ) ) ;
#1340 = ORIENTED_EDGE ( 'NONE', *, *, #1753, .F. ) ;
#1341 = DIRECTION ( 'NONE',  ( 0.000000000000000000, 0.000000000000000000, 1.000000000000000000 ) ) ;
#1342 = LINE ( 'NONE', #853, #481 ) ;
#1343 = DIRECTION ( 'NONE',  ( 0.000000000000000000, 0.000000000000000000, -1.000000000000000000 ) ) ;
#1344 = CARTESIAN_POINT ( 'NONE',  ( 88.00000000000001421, -18.00000000000002132, -5.000000000000000888 ) ) ;
#1345 = EDGE_CURVE ( 'NONE', #455, #1756, #1209, .T. ) ;
#1346 = ORIENTED_EDGE ( 'NONE', *, *, #1204, .T. ) ;
#1347 = PLANE ( 'NONE',  #2112 ) ;
#1348 = AXIS2_PLACEMENT_3D ( 'NONE', #1471, #319, #1707 ) ;
#1349 = CARTESIAN_POINT ( 'NONE',  ( -4.100000000000007638, -60.00100000000002609, -20.30000000000000071 ) ) ;
#1350 = CIRCLE ( 'NONE', #56, 1.000000000000000888 ) ;
#1351 = DIRECTION ( 'NONE',  ( 1.182766006347823109E-16, 1.000000000000000000, -0.000000000000000000 ) ) ;
#1352 = PLANE ( 'NONE',  #84 ) ;
#1353 = VERTEX_POINT ( 'NONE', #2835 ) ;
#1354 = DIRECTION ( 'NONE',  ( 0.000000000000000000, -1.000000000000000000, 0.000000000000000000 ) ) ;
#1355 = VERTEX_POINT ( 'NONE', #2343 ) ;
#1356 = CARTESIAN_POINT ( 'NONE',  ( 88.00000000000002842, 58.00000000000000000, -24.00000000000000000 ) ) ;
#1357 = ORIENTED_EDGE ( 'NONE', *, *, #525, .F. ) ;
#1358 = ORIENTED_EDGE ( 'NONE', *, *, #1724, .F. ) ;
#1359 = CARTESIAN_POINT ( 'NONE',  ( -88.00000000000000000, -57.99999999999999289, 1.000000000000000000 ) ) ;
#1360 = ADVANCED_FACE ( 'NONE', ( #512 ), #2128, .F. ) ;
#1361 = ADVANCED_FACE ( 'NONE', ( #1681 ), #95, .F. ) ;
#1362 = AXIS2_PLACEMENT_3D ( 'NONE', #256, #1395, #956 ) ;
#1363 = DIRECTION ( 'NONE',  ( 1.182766006347823109E-16, 1.000000000000000000, -0.000000000000000000 ) ) ;
#1364 = ADVANCED_FACE ( 'NONE', ( #1024, #997, #82, #336, #1012, #2373 ), #2358, .T. ) ;
#1365 = LINE ( 'NONE', #219, #2804 ) ;
#1366 = PLANE ( 'NONE',  #1914 ) ;
#1367 = ORIENTED_EDGE ( 'NONE', *, *, #2473, .T. ) ;
#1368 = CYLINDRICAL_SURFACE ( 'NONE', #1193, 0.8000000000000020428 ) ;
#1369 = EDGE_LOOP ( 'NONE', ( #1979, #137, #2890, #502 ) ) ;
#1370 = CARTESIAN_POINT ( 'NONE',  ( 90.00100000000003320, -18.00000000000002132, -13.00000000000000178 ) ) ;
#1371 = CARTESIAN_POINT ( 'NONE',  ( -88.00000000000000000, -57.99999999999999289, 2.000000000000000000 ) ) ;
#1372 = DIRECTION ( 'NONE',  ( 1.701111101246498414E-32, 7.109522442527898271E-17, -1.000000000000000000 ) ) ;
#1373 = ORIENTED_EDGE ( 'NONE', *, *, #2729, .T. ) ;
#1374 = AXIS2_PLACEMENT_3D ( 'NONE', #1137, #212, #1 ) ;
#1375 = DIRECTION ( 'NONE',  ( -1.000000000000000000, 0.000000000000000000, 0.000000000000000000 ) ) ;
#1376 = DIRECTION ( 'NONE',  ( 0.000000000000000000, 0.000000000000000000, -1.000000000000000000 ) ) ;
#1377 = EDGE_CURVE ( 'NONE', #22, #898, #777, .T. ) ;
#1378 = CARTESIAN_POINT ( 'NONE',  ( 90.00000000000000000, -57.99999999999997868, 2.000000000000000000 ) ) ;
#1379 = VERTEX_POINT ( 'NONE', #2821 ) ;
#1380 = CARTESIAN_POINT ( 'NONE',  ( 81.99999999999998579, 53.99999999999997868, 2.001000000000000334 ) ) ;
#1381 = AXIS2_PLACEMENT_3D ( 'NONE', #1954, #1231, #89 ) ;
#1382 = ORIENTED_EDGE ( 'NONE', *, *, #1751, .T. ) ;
#1383 = CIRCLE ( 'NONE', #288, 0.9999999999999991118 ) ;
#1384 = VERTEX_POINT ( 'NONE', #1253 ) ;
#1385 = CARTESIAN_POINT ( 'NONE',  ( 87.99999999999998579, -59.00000000000000000, -23.00000000000000000 ) ) ;
#1386 = LINE ( 'NONE', #2949, #1279 ) ;
#1387 = SURFACE_STYLE_FILL_AREA ( #915 ) ;
#1388 = VERTEX_POINT ( 'NONE', #54 ) ;
#1389 = EDGE_LOOP ( 'NONE', ( #763, #2098, #378, #1761 ) ) ;
#1390 = DIRECTION ( 'NONE',  ( 0.000000000000000000, 1.000000000000000000, 0.000000000000000000 ) ) ;
#1391 = ORIENTED_EDGE ( 'NONE', *, *, #724, .T. ) ;
#1392 = DIRECTION ( 'NONE',  ( -0.000000000000000000, -0.000000000000000000, 1.000000000000000000 ) ) ;
#1393 = CIRCLE ( 'NONE', #2361, 1.000000000000000888 ) ;
#1394 = AXIS2_PLACEMENT_3D ( 'NONE', #2453, #2226, #2730 ) ;
#1395 = DIRECTION ( 'NONE',  ( -0.000000000000000000, -0.000000000000000000, -1.000000000000000000 ) ) ;
#1396 = LINE ( 'NONE', #257, #2295 ) ;
#1397 = ORIENTED_EDGE ( 'NONE', *, *, #551, .F. ) ;
#1398 = CARTESIAN_POINT ( 'NONE',  ( -87.99999999999998579, 59.00000000000000000, -23.00000000000000000 ) ) ;
#1399 = EDGE_CURVE ( 'NONE', #898, #2223, #284, .T. ) ;
#1400 = EDGE_CURVE ( 'NONE', #1454, #1880, #51, .T. ) ;
#1401 = EDGE_LOOP ( 'NONE', ( #1440, #173, #34, #2357 ) ) ;
#1402 = VERTEX_POINT ( 'NONE', #1241 ) ;
#1403 = CARTESIAN_POINT ( 'NONE',  ( 88.00000000000000000, 57.99999999999999289, -23.00000000000000000 ) ) ;
#1404 = DIRECTION ( 'NONE',  ( 0.000000000000000000, 0.000000000000000000, 1.000000000000000000 ) ) ;
#1405 = DIRECTION ( 'NONE',  ( -1.000000000000000000, -0.000000000000000000, -0.000000000000000000 ) ) ;
#1406 = ORIENTED_EDGE ( 'NONE', *, *, #2177, .T. ) ;
#1407 = EDGE_LOOP ( 'NONE', ( #2333, #2207, #2076, #252 ) ) ;
#1408 = EDGE_LOOP ( 'NONE', ( #1870, #478, #297, #485, #2790, #2038, #320, #1694 ) ) ;
#1409 = DIRECTION ( 'NONE',  ( 0.000000000000000000, 5.312590645178971727E-15, 1.000000000000000000 ) ) ;
#1410 = DIRECTION ( 'NONE',  ( -0.000000000000000000, -0.000000000000000000, 1.000000000000000000 ) ) ;
#1411 = VECTOR ( 'NONE', #1307, 1000.000000000000000 ) ;
#1412 = DIRECTION ( 'NONE',  ( -1.000000000000000000, 2.392722035830078479E-16, -0.000000000000000000 ) ) ;
#1413 = ORIENTED_EDGE ( 'NONE', *, *, #329, .T. ) ;
#1414 = AXIS2_PLACEMENT_3D ( 'NONE', #2883, #2211, #2614 ) ;
#1415 = VECTOR ( 'NONE', #2314, 1000.000000000000000 ) ;
#1416 = CARTESIAN_POINT ( 'NONE',  ( 1.500000000000000000, 60.00000000000000000, -12.00000000000000000 ) ) ;
#1417 = ORIENTED_EDGE ( 'NONE', *, *, #2298, .F. ) ;
#1418 = CARTESIAN_POINT ( 'NONE',  ( 90.00000000000000000, -57.99999999999997868, -23.00000000000000000 ) ) ;
#1419 =( NAMED_UNIT ( * ) PLANE_ANGLE_UNIT ( ) SI_UNIT ( $, .RADIAN. ) );
#1420 = ADVANCED_FACE ( 'NONE', ( #796 ), #1875, .F. ) ;
#1421 = ORIENTED_EDGE ( 'NONE', *, *, #287, .T. ) ;
#1422 = ADVANCED_FACE ( 'NONE', ( #747 ), #984, .F. ) ;
#1423 = ORIENTED_EDGE ( 'NONE', *, *, #2836, .F. ) ;
#1424 = ORIENTED_EDGE ( 'NONE', *, *, #315, .T. ) ;
#1425 = DIRECTION ( 'NONE',  ( 0.000000000000000000, -0.000000000000000000, -1.000000000000000000 ) ) ;
#1426 = ORIENTED_EDGE ( 'NONE', *, *, #2685, .T. ) ;
#1427 = UNCERTAINTY_MEASURE_WITH_UNIT (LENGTH_MEASURE( 1.000000000000000082E-05 ), #981, 'distance_accuracy_value', 'NONE');
#1428 = CIRCLE ( 'NONE', #2956, 0.8999999999999980238 ) ;
#1429 = DIRECTION ( 'NONE',  ( 0.000000000000000000, 0.000000000000000000, 1.000000000000000000 ) ) ;
#1430 = VECTOR ( 'NONE', #1690, 1000.000000000000000 ) ;
#1431 = LINE ( 'NONE', #2090, #1625 ) ;
#1432 = ORIENTED_EDGE ( 'NONE', *, *, #2023, .T. ) ;
#1433 = EDGE_CURVE ( 'NONE', #2020, #1902, #1542, .T. ) ;
#1434 = DIRECTION ( 'NONE',  ( -0.000000000000000000, -1.000000000000000000, -0.000000000000000000 ) ) ;
#1435 = ORIENTED_EDGE ( 'NONE', *, *, #559, .T. ) ;
#1436 = EDGE_LOOP ( 'NONE', ( #1976, #2422, #2795, #1032 ) ) ;
#1437 = VECTOR ( 'NONE', #2471, 1000.000000000000000 ) ;
#1438 = LINE ( 'NONE', #1467, #2191 ) ;
#1439 = TOROIDAL_SURFACE ( 'NONE', #1819, 1.000000000000001776, 1.000000000000000000 ) ;
#1440 = ORIENTED_EDGE ( 'NONE', *, *, #2214, .T. ) ;
#1441 = EDGE_LOOP ( 'NONE', ( #2951, #1559, #335, #1913, #2783, #1236, #1945, #450 ) ) ;
#1442 = LINE ( 'NONE', #556, #583 ) ;
#1443 = VERTEX_POINT ( 'NONE', #301 ) ;
#1444 = AXIS2_PLACEMENT_3D ( 'NONE', #397, #2240, #870 ) ;
#1445 = FACE_OUTER_BOUND ( 'NONE', #2760, .T. ) ;
#1446 = CARTESIAN_POINT ( 'NONE',  ( 1.500000000000000000, -60.00100000000002609, -12.00000000000000000 ) ) ;
#1447 = ORIENTED_EDGE ( 'NONE', *, *, #2554, .F. ) ;
#1448 = DIRECTION ( 'NONE',  ( -1.000000000000000000, 0.000000000000000000, 0.000000000000000000 ) ) ;
#1449 = VECTOR ( 'NONE', #1302, 1000.000000000000000 ) ;
#1450 = ORIENTED_EDGE ( 'NONE', *, *, #3, .F. ) ;
#1451 = DIRECTION ( 'NONE',  ( 0.000000000000000000, -1.000000000000000000, 0.000000000000000000 ) ) ;
#1452 = ORIENTED_EDGE ( 'NONE', *, *, #2212, .T. ) ;
#1453 = VECTOR ( 'NONE', #2412, 1000.000000000000000 ) ;
#1454 = VERTEX_POINT ( 'NONE', #2141 ) ;
#1455 = ORIENTED_EDGE ( 'NONE', *, *, #1329, .T. ) ;
#1456 = DIRECTION ( 'NONE',  ( -1.000000000000000000, 0.000000000000000000, 0.000000000000000000 ) ) ;
#1457 = EDGE_CURVE ( 'NONE', #2727, #2277, #2846, .T. ) ;
#1458 = CARTESIAN_POINT ( 'NONE',  ( 90.00000000000000000, -51.00000000000002132, -5.800000000000001599 ) ) ;
#1459 = EDGE_CURVE ( 'NONE', #2129, #895, #350, .T. ) ;
#1460 = DIRECTION ( 'NONE',  ( -1.000000000000000000, 2.392722035830078479E-16, -0.000000000000000000 ) ) ;
#1461 = VERTEX_POINT ( 'NONE', #2695 ) ;
#1462 = EDGE_CURVE ( 'NONE', #1919, #384, #582, .T. ) ;
#1463 = PLANE ( 'NONE',  #616 ) ;
#1464 = CIRCLE ( 'NONE', #2706, 1.000000000000000888 ) ;
#1465 = VERTEX_POINT ( 'NONE', #626 ) ;
#1466 = VECTOR ( 'NONE', #413, 1000.000000000000000 ) ;
#1467 = CARTESIAN_POINT ( 'NONE',  ( 90.00000000000000000, -50.20000000000002416, -5.000000000000000888 ) ) ;
#1468 = CARTESIAN_POINT ( 'NONE',  ( 82.00000000000000000, -48.00000000000002132, 2.001000000000000334 ) ) ;
#1469 = VERTEX_POINT ( 'NONE', #1754 ) ;
#1470 = ORIENTED_EDGE ( 'NONE', *, *, #287, .F. ) ;
#1471 = CARTESIAN_POINT ( 'NONE',  ( -88.00000000000000000, 57.99999999999999289, -24.00000000000000000 ) ) ;
#1472 = DIRECTION ( 'NONE',  ( -0.000000000000000000, -0.000000000000000000, -1.000000000000000000 ) ) ;
#1473 = DIRECTION ( 'NONE',  ( -0.000000000000000000, 1.000000000000000000, -0.000000000000000000 ) ) ;
#1474 = CARTESIAN_POINT ( 'NONE',  ( 90.00100000000003320, 0.1999999999999785560, -6.000000000000000888 ) ) ;
#1475 = CIRCLE ( 'NONE', #1566, 1.000000000000000888 ) ;
#1476 = CARTESIAN_POINT ( 'NONE',  ( 88.00000000000001421, 0.1999999999999787226, -12.00000000000000000 ) ) ;
#1477 = VERTEX_POINT ( 'NONE', #2004 ) ;
#1478 = EDGE_CURVE ( 'NONE', #2896, #334, #1498, .T. ) ;
#1479 = CARTESIAN_POINT ( 'NONE',  ( 88.00000000000000000, -57.99999999999999289, 2.000000000000000000 ) ) ;
#1480 = ORIENTED_EDGE ( 'NONE', *, *, #559, .F. ) ;
#1481 = CARTESIAN_POINT ( 'NONE',  ( -90.00000000000000000, 1.500000000000000000, -9.500000000000000000 ) ) ;
#1482 = VERTEX_POINT ( 'NONE', #2680 ) ;
#1483 = CARTESIAN_POINT ( 'NONE',  ( 80.00000000000000000, 60.00099999999999767, -20.29999999999999716 ) ) ;
#1484 = VECTOR ( 'NONE', #444, 1000.000000000000000 ) ;
#1485 = DIRECTION ( 'NONE',  ( 0.000000000000000000, 1.000000000000000000, 0.000000000000000000 ) ) ;
#1486 = CARTESIAN_POINT ( 'NONE',  ( 88.00000000000000000, -51.00000000000002132, -5.800000000000001599 ) ) ;
#1487 = DIRECTION ( 'NONE',  ( 1.196361017915039486E-16, 1.000000000000000000, -0.000000000000000000 ) ) ;
#1488 = FACE_BOUND ( 'NONE', #2156, .T. ) ;
#1489 = ORIENTED_EDGE ( 'NONE', *, *, #1061, .F. ) ;
#1490 = VECTOR ( 'NONE', #918, 1000.000000000000000 ) ;
#1491 = EDGE_CURVE ( 'NONE', #1673, #1778, #1511, .T. ) ;
#1492 = DIRECTION ( 'NONE',  ( -0.000000000000000000, -1.000000000000000000, -0.000000000000000000 ) ) ;
#1493 = VERTEX_POINT ( 'NONE', #141 ) ;
#1494 = EDGE_CURVE ( 'NONE', #1893, #1644, #421, .T. ) ;
#1495 = VECTOR ( 'NONE', #816, 1000.000000000000000 ) ;
#1496 = DIRECTION ( 'NONE',  ( 1.000000000000000000, -0.000000000000000000, -0.000000000000000000 ) ) ;
#1497 = ORIENTED_EDGE ( 'NONE', *, *, #2685, .F. ) ;
#1498 = LINE ( 'NONE', #596, #1922 ) ;
#1499 = DIRECTION ( 'NONE',  ( -0.000000000000000000, 1.000000000000000000, 0.000000000000000000 ) ) ;
#1500 = DIRECTION ( 'NONE',  ( -1.000000000000000000, 1.196361017915039239E-16, -0.000000000000000000 ) ) ;
#1501 = PRODUCT_RELATED_PRODUCT_CATEGORY ( 'part', '', ( #2199 ) ) ;
#1502 = LINE ( 'NONE', #1227, #2407 ) ;
#1503 = DIRECTION ( 'NONE',  ( 1.000000000000000000, 0.000000000000000000, 0.000000000000000000 ) ) ;
#1504 = FACE_OUTER_BOUND ( 'NONE', #995, .T. ) ;
#1505 = EDGE_LOOP ( 'NONE', ( #1413, #1752, #439, #1480 ) ) ;
#1506 = DIRECTION ( 'NONE',  ( -1.000000000000000000, -0.000000000000000000, -4.231032868236115418E-16 ) ) ;
#1507 = ORIENTED_EDGE ( 'NONE', *, *, #1060, .F. ) ;
#1508 = CIRCLE ( 'NONE', #845, 0.8999999999999980238 ) ;
#1509 = DIRECTION ( 'NONE',  ( -0.000000000000000000, -0.000000000000000000, -1.000000000000000000 ) ) ;
#1510 = VERTEX_POINT ( 'NONE', #638 ) ;
#1511 = LINE ( 'NONE', #2221, #351 ) ;
#1512 = ADVANCED_FACE ( 'NONE', ( #1530, #1737 ), #1783, .F. ) ;
#1513 = VECTOR ( 'NONE', #338, 1000.000000000000000 ) ;
#1514 = EDGE_LOOP ( 'NONE', ( #2663, #590, #388, #1662 ) ) ;
#1515 = EDGE_LOOP ( 'NONE', ( #1010, #1121, #2744, #1507 ) ) ;
#1516 = ADVANCED_FACE ( 'NONE', ( #362 ), #2464, .F. ) ;
#1517 = LINE ( 'NONE', #2938, #2831 ) ;
#1518 = DIRECTION ( 'NONE',  ( -0.000000000000000000, -0.000000000000000000, -1.000000000000000000 ) ) ;
#1519 = MECHANICAL_DESIGN_GEOMETRIC_PRESENTATION_REPRESENTATION (  '', ( #72 ), #2385 ) ;
#1520 = CYLINDRICAL_SURFACE ( 'NONE', #2547, 0.8000000000000020428 ) ;
#1521 = EDGE_CURVE ( 'NONE', #2350, #1224, #408, .T. ) ;
#1522 = LINE ( 'NONE', #2175, #1262 ) ;
#1523 = CARTESIAN_POINT ( 'NONE',  ( -89.00000000000000000, -57.99999999999997868, -23.00000000000000000 ) ) ;
#1524 = VERTEX_POINT ( 'NONE', #2638 ) ;
#1525 = CARTESIAN_POINT ( 'NONE',  ( -88.00000000000000000, 57.99999999999999289, 2.000000000000000000 ) ) ;
#1526 = VECTOR ( 'NONE', #2527, 1000.000000000000000 ) ;
#1527 = VECTOR ( 'NONE', #180, 1000.000000000000000 ) ;
#1528 = DIRECTION ( 'NONE',  ( 1.000000000000000000, -0.000000000000000000, -0.000000000000000000 ) ) ;
#1529 = DIRECTION ( 'NONE',  ( 0.000000000000000000, 0.000000000000000000, 1.000000000000000000 ) ) ;
#1530 = FACE_OUTER_BOUND ( 'NONE', #2902, .T. ) ;
#1531 = ORIENTED_EDGE ( 'NONE', *, *, #1806, .T. ) ;
#1532 = CYLINDRICAL_SURFACE ( 'NONE', #2210, 0.8999999999999980238 ) ;
#1533 = EDGE_CURVE ( 'NONE', #1324, #2620, #1315, .T. ) ;
#1534 = VECTOR ( 'NONE', #273, 1000.000000000000000 ) ;
#1535 = AXIS2_PLACEMENT_3D ( 'NONE', #1314, #171, #2920 ) ;
#1536 = PLANE ( 'NONE',  #414 ) ;
#1537 = CARTESIAN_POINT ( 'NONE',  ( 80.00000000000000000, 60.00000000000000000, -20.29999999999999716 ) ) ;
#1538 = CIRCLE ( 'NONE', #1444, 2.000000000000001776 ) ;
#1539 = DIRECTION ( 'NONE',  ( -0.000000000000000000, -1.000000000000000000, -0.000000000000000000 ) ) ;
#1540 = ORIENTED_EDGE ( 'NONE', *, *, #2942, .T. ) ;
#1541 = DIRECTION ( 'NONE',  ( -1.000000000000000000, 4.163336342344333240E-14, 0.000000000000000000 ) ) ;
#1542 = CIRCLE ( 'NONE', #487, 2.000000000000001776 ) ;
#1543 = LINE ( 'NONE', #1313, #729 ) ;
#1544 = ORIENTED_EDGE ( 'NONE', *, *, #2558, .F. ) ;
#1545 = DIRECTION ( 'NONE',  ( -0.000000000000000000, -0.000000000000000000, -1.000000000000000000 ) ) ;
#1546 = ORIENTED_EDGE ( 'NONE', *, *, #150, .T. ) ;
#1547 = CARTESIAN_POINT ( 'NONE',  ( 79.10000000000000853, 60.00000000000000000, -17.80000000000000071 ) ) ;
#1548 = LINE ( 'NONE', #1590, #2458 ) ;
#1549 = DIRECTION ( 'NONE',  ( -0.000000000000000000, -1.000000000000000000, -0.000000000000000000 ) ) ;
#1550 = EDGE_CURVE ( 'NONE', #1107, #1461, #2667, .T. ) ;
#1551 = EDGE_CURVE ( 'NONE', #1224, #1247, #2238, .T. ) ;
#1552 = DIRECTION ( 'NONE',  ( -0.000000000000000000, -1.000000000000000000, -0.000000000000000000 ) ) ;
#1553 = ORIENTED_EDGE ( 'NONE', *, *, #972, .F. ) ;
#1554 = CARTESIAN_POINT ( 'NONE',  ( 90.00100000000001899, -51.00000000000002132, -5.800000000000001599 ) ) ;
#1555 = CYLINDRICAL_SURFACE ( 'NONE', #291, 2.000000000000001776 ) ;
#1556 = DIRECTION ( 'NONE',  ( 1.000000000000000000, -1.269309860470834724E-16, 0.000000000000000000 ) ) ;
#1557 = CARTESIAN_POINT ( 'NONE',  ( 82.00000000000001421, -46.00000000000002132, 2.001000000000000334 ) ) ;
#1558 = VECTOR ( 'NONE', #1487, 1000.000000000000000 ) ;
#1559 = ORIENTED_EDGE ( 'NONE', *, *, #1008, .F. ) ;
#1560 = VECTOR ( 'NONE', #1472, 1000.000000000000000 ) ;
#1561 = DIRECTION ( 'NONE',  ( 0.000000000000000000, 0.000000000000000000, -1.000000000000000000 ) ) ;
#1562 = CYLINDRICAL_SURFACE ( 'NONE', #2758, 0.8999999999999980238 ) ;
#1563 = DIRECTION ( 'NONE',  ( 0.000000000000000000, 0.000000000000000000, 1.000000000000000000 ) ) ;
#1564 = VERTEX_POINT ( 'NONE', #2908 ) ;
#1565 = CARTESIAN_POINT ( 'NONE',  ( 90.00000000000000000, -25.80000000000002558, -15.00000000000000355 ) ) ;
#1566 = AXIS2_PLACEMENT_3D ( 'NONE', #1089, #2000, #2181 ) ;
#1567 = ORIENTED_EDGE ( 'NONE', *, *, #1061, .T. ) ;
#1568 = DIRECTION ( 'NONE',  ( 0.000000000000000000, -1.000000000000000000, 0.000000000000000000 ) ) ;
#1569 = DIRECTION ( 'NONE',  ( -1.000000000000000000, 2.392722035830078479E-16, 0.000000000000000000 ) ) ;
#1570 = CIRCLE ( 'NONE', #381, 1.000000000000000888 ) ;
#1571 = ORIENTED_EDGE ( 'NONE', *, *, #666, .T. ) ;
#1572 = CYLINDRICAL_SURFACE ( 'NONE', #1877, 0.5000000000000004441 ) ;
#1573 = CARTESIAN_POINT ( 'NONE',  ( 90.00000000000000000, -25.00000000000002132, -14.20000000000000462 ) ) ;
#1574 = VECTOR ( 'NONE', #722, 1000.000000000000000 ) ;
#1575 = FACE_OUTER_BOUND ( 'NONE', #215, .T. ) ;
#1576 = AXIS2_PLACEMENT_3D ( 'NONE', #2755, #1595, #2526 ) ;
#1577 = CARTESIAN_POINT ( 'NONE',  ( -4.100000000000007638, -60.00000000000000000, -20.30000000000000071 ) ) ;
#1578 = EDGE_LOOP ( 'NONE', ( #627, #279, #2053, #2879 ) ) ;
#1579 = CARTESIAN_POINT ( 'NONE',  ( 87.99999999999998579, 60.00000000000000000, 1.000000000000000000 ) ) ;
#1580 = AXIS2_PLACEMENT_3D ( 'NONE', #1327, #2249, #181 ) ;
#1581 = EDGE_CURVE ( 'NONE', #1564, #1247, #2217, .T. ) ;
#1582 = DIRECTION ( 'NONE',  ( 0.000000000000000000, 1.000000000000000000, 0.000000000000000000 ) ) ;
#1583 = EDGE_CURVE ( 'NONE', #2721, #1384, #123, .T. ) ;
#1584 = CARTESIAN_POINT ( 'NONE',  ( -70.90000000000000568, 60.00099999999999767, -21.19999999999999929 ) ) ;
#1585 = CARTESIAN_POINT ( 'NONE',  ( -70.00000000000000000, 58.00000000000000000, -20.29999999999999716 ) ) ;
#1586 = EDGE_CURVE ( 'NONE', #2324, #824, #1393, .T. ) ;
#1587 = EDGE_CURVE ( 'NONE', #2063, #1379, #921, .T. ) ;
#1588 = ORIENTED_EDGE ( 'NONE', *, *, #761, .T. ) ;
#1589 = CARTESIAN_POINT ( 'NONE',  ( 90.00100000000001899, 1.500000000000000000, -10.50000000000000000 ) ) ;
#1590 = CARTESIAN_POINT ( 'NONE',  ( -89.00000000000000000, 57.99999999999999289, 2.000000000000000000 ) ) ;
#1591 = CARTESIAN_POINT ( 'NONE',  ( 70.90000000000000568, 60.00099999999999767, -20.30000000000000071 ) ) ;
#1592 = FACE_OUTER_BOUND ( 'NONE', #312, .T. ) ;
#1593 = ORIENTED_EDGE ( 'NONE', *, *, #2796, .F. ) ;
#1594 = DIRECTION ( 'NONE',  ( -1.000000000000000000, 0.000000000000000000, 0.000000000000000000 ) ) ;
#1595 = DIRECTION ( 'NONE',  ( 0.000000000000000000, -0.000000000000000000, 1.000000000000000000 ) ) ;
#1596 = CARTESIAN_POINT ( 'NONE',  ( -80.00000000000000000, 60.00099999999999767, -20.30000000000000426 ) ) ;
#1597 = FACE_OUTER_BOUND ( 'NONE', #1659, .T. ) ;
#1598 = ORIENTED_EDGE ( 'NONE', *, *, #2701, .F. ) ;
#1599 = EDGE_CURVE ( 'NONE', #494, #1893, #2599, .T. ) ;
#1600 = ORIENTED_EDGE ( 'NONE', *, *, #1647, .T. ) ;
#1601 = ORIENTED_EDGE ( 'NONE', *, *, #2229, .T. ) ;
#1602 = DIRECTION ( 'NONE',  ( -1.000000000000000000, 1.196361017915039239E-16, -0.000000000000000000 ) ) ;
#1603 = VECTOR ( 'NONE', #2258, 1000.000000000000000 ) ;
#1604 = EDGE_CURVE ( 'NONE', #1330, #2133, #1303, .T. ) ;
#1605 = LINE ( 'NONE', #2792, #1162 ) ;
#1606 = DIRECTION ( 'NONE',  ( -0.000000000000000000, -1.000000000000000000, -0.000000000000000000 ) ) ;
#1607 = DIRECTION ( 'NONE',  ( 1.000000000000000000, 0.000000000000000000, -0.000000000000000000 ) ) ;
#1608 = EDGE_LOOP ( 'NONE', ( #2110, #2602, #2316, #2272 ) ) ;
#1609 = DIRECTION ( 'NONE',  ( 0.000000000000000000, -1.000000000000000000, 0.000000000000000000 ) ) ;
#1610 = VERTEX_POINT ( 'NONE', #1093 ) ;
#1611 = ORIENTED_EDGE ( 'NONE', *, *, #1881, .F. ) ;
#1612 = CARTESIAN_POINT ( 'NONE',  ( -79.10000000000000853, 60.00099999999999767, -21.20000000000000639 ) ) ;
#1613 = CARTESIAN_POINT ( 'NONE',  ( -84.00000000000000000, 51.99999999999998579, 0.000000000000000000 ) ) ;
#1614 = FACE_OUTER_BOUND ( 'NONE', #48, .T. ) ;
#1615 = EDGE_LOOP ( 'NONE', ( #2374, #2654, #1546, #1648 ) ) ;
#1616 = ORIENTED_EDGE ( 'NONE', *, *, #305, .F. ) ;
#1617 = SURFACE_STYLE_USAGE ( .BOTH. , #496 ) ;
#1618 = LINE ( 'NONE', #1143, #545 ) ;
#1619 = EDGE_CURVE ( 'NONE', #892, #1919, #1780, .T. ) ;
#1620 = CARTESIAN_POINT ( 'NONE',  ( -60.00000000000000000, 60.00099999999999767, -4.000000000000000000 ) ) ;
#1621 = EDGE_CURVE ( 'NONE', #1815, #1746, #2541, .T. ) ;
#1622 = CARTESIAN_POINT ( 'NONE',  ( 88.00000000000000000, -50.20000000000002416, -14.20000000000000462 ) ) ;
#1623 = EDGE_LOOP ( 'NONE', ( #471, #1810, #694, #1553 ) ) ;
#1624 = CARTESIAN_POINT ( 'NONE',  ( 88.00000000000000000, -50.20000000000002416, -5.000000000000000888 ) ) ;
#1625 = VECTOR ( 'NONE', #27, 1000.000000000000000 ) ;
#1626 = EDGE_LOOP ( 'NONE', ( #2825, #711, #1239, #941 ) ) ;
#1627 = DIRECTION ( 'NONE',  ( 0.000000000000000000, 0.000000000000000000, -1.000000000000000000 ) ) ;
#1628 = DIRECTION ( 'NONE',  ( -1.000000000000000000, 0.000000000000000000, 0.000000000000000000 ) ) ;
#1629 = DIRECTION ( 'NONE',  ( -0.000000000000000000, -1.000000000000000000, -0.000000000000000000 ) ) ;
#1630 = VERTEX_POINT ( 'NONE', #434 ) ;
#1631 = ORIENTED_EDGE ( 'NONE', *, *, #1862, .F. ) ;
#1632 = CARTESIAN_POINT ( 'NONE',  ( 82.00000000000001421, -46.00000000000002132, 0.000000000000000000 ) ) ;
#1633 = ORIENTED_EDGE ( 'NONE', *, *, #2926, .T. ) ;
#1634 = AXIS2_PLACEMENT_3D ( 'NONE', #2495, #1335, #2927 ) ;
#1635 = DIRECTION ( 'NONE',  ( 0.000000000000000000, 0.000000000000000000, 1.000000000000000000 ) ) ;
#1636 = VECTOR ( 'NONE', #459, 1000.000000000000000 ) ;
#1637 = DIRECTION ( 'NONE',  ( -0.000000000000000000, 0.000000000000000000, -1.000000000000000000 ) ) ;
#1638 = DIRECTION ( 'NONE',  ( 0.000000000000000000, 0.000000000000000000, -1.000000000000000000 ) ) ;
#1639 = ORIENTED_EDGE ( 'NONE', *, *, #1621, .T. ) ;
#1640 = EDGE_CURVE ( 'NONE', #4, #1493, #2513, .T. ) ;
#1641 = DIRECTION ( 'NONE',  ( 0.000000000000000000, 1.000000000000000000, 0.000000000000000000 ) ) ;
#1642 = EDGE_CURVE ( 'NONE', #53, #2799, #1299, .T. ) ;
#1643 = EDGE_LOOP ( 'NONE', ( #1784, #2623, #523, #779 ) ) ;
#1644 = VERTEX_POINT ( 'NONE', #1613 ) ;
#1645 = DIRECTION ( 'NONE',  ( 0.000000000000000000, 0.000000000000000000, -1.000000000000000000 ) ) ;
#1646 = VERTEX_POINT ( 'NONE', #947 ) ;
#1647 = EDGE_CURVE ( 'NONE', #1733, #2560, #2014, .T. ) ;
#1648 = ORIENTED_EDGE ( 'NONE', *, *, #701, .F. ) ;
#1649 = CARTESIAN_POINT ( 'NONE',  ( 82.00000000000000000, 51.99999999999997868, 2.001000000000000334 ) ) ;
#1650 = VERTEX_POINT ( 'NONE', #2052 ) ;
#1651 = CARTESIAN_POINT ( 'NONE',  ( -90.00000000000000000, 1.500000000000000000, -10.00000000000000000 ) ) ;
#1652 = LINE ( 'NONE', #1620, #1415 ) ;
#1653 = VECTOR ( 'NONE', #2192, 1000.000000000000000 ) ;
#1654 = FACE_BOUND ( 'NONE', #1441, .T. ) ;
#1655 = ORIENTED_EDGE ( 'NONE', *, *, #575, .F. ) ;
#1656 = CIRCLE ( 'NONE', #744, 2.000000000000001776 ) ;
#1657 = DIRECTION ( 'NONE',  ( 0.000000000000000000, 0.000000000000000000, 1.000000000000000000 ) ) ;
#1658 = ORIENTED_EDGE ( 'NONE', *, *, #39, .T. ) ;
#1659 = EDGE_LOOP ( 'NONE', ( #944, #2524, #2239, #1001 ) ) ;
#1660 = DIRECTION ( 'NONE',  ( 0.000000000000000000, -1.000000000000000000, 0.000000000000000000 ) ) ;
#1661 = EDGE_CURVE ( 'NONE', #1873, #515, #2964, .T. ) ;
#1662 = ORIENTED_EDGE ( 'NONE', *, *, #1936, .F. ) ;
#1663 = ORIENTED_EDGE ( 'NONE', *, *, #2430, .T. ) ;
#1664 = DIRECTION ( 'NONE',  ( -0.000000000000000000, -0.000000000000000000, 1.000000000000000000 ) ) ;
#1665 = VERTEX_POINT ( 'NONE', #1356 ) ;
#1666 = ORIENTED_EDGE ( 'NONE', *, *, #1642, .T. ) ;
#1667 = VECTOR ( 'NONE', #263, 1000.000000000000000 ) ;
#1668 = DIRECTION ( 'NONE',  ( -0.000000000000000000, -0.000000000000000000, -1.000000000000000000 ) ) ;
#1669 = VECTOR ( 'NONE', #2797, 1000.000000000000000 ) ;
#1670 = DIRECTION ( 'NONE',  ( 0.000000000000000000, 0.000000000000000000, 1.000000000000000000 ) ) ;
#1671 = ORIENTED_EDGE ( 'NONE', *, *, #1326, .F. ) ;
#1672 = DIRECTION ( 'NONE',  ( -1.000000000000000000, 1.182766006347823109E-16, -0.000000000000000000 ) ) ;
#1673 = VERTEX_POINT ( 'NONE', #1855 ) ;
#1674 = ORIENTED_EDGE ( 'NONE', *, *, #1462, .F. ) ;
#1675 = VECTOR ( 'NONE', #2161, 1000.000000000000000 ) ;
#1676 = CARTESIAN_POINT ( 'NONE',  ( 88.00000000000001421, -25.00000000000002132, -5.800000000000001599 ) ) ;
#1677 = ORIENTED_EDGE ( 'NONE', *, *, #2214, .F. ) ;
#1678 = EDGE_CURVE ( 'NONE', #2401, #994, #1003, .T. ) ;
#1679 = ORIENTED_EDGE ( 'NONE', *, *, #2649, .T. ) ;
#1680 = VERTEX_POINT ( 'NONE', #2289 ) ;
#1681 = FACE_OUTER_BOUND ( 'NONE', #1578, .T. ) ;
#1682 = ADVANCED_FACE ( 'NONE', ( #1826 ), #1122, .F. ) ;
#1683 = ORIENTED_EDGE ( 'NONE', *, *, #1604, .T. ) ;
#1684 = EDGE_CURVE ( 'NONE', #1778, #1610, #221, .T. ) ;
#1685 = VECTOR ( 'NONE', #93, 1000.000000000000000 ) ;
#1686 = FACE_OUTER_BOUND ( 'NONE', #731, .T. ) ;
#1687 = CIRCLE ( 'NONE', #1114, 0.5000000000000008882 ) ;
#1688 = CARTESIAN_POINT ( 'NONE',  ( -90.00000000000000000, -57.99999999999997868, -23.00000000000000000 ) ) ;
#1689 = EDGE_LOOP ( 'NONE', ( #2859, #1691 ) ) ;
#1690 = DIRECTION ( 'NONE',  ( -0.000000000000000000, -0.000000000000000000, -1.000000000000000000 ) ) ;
#1691 = ORIENTED_EDGE ( 'NONE', *, *, #889, .T. ) ;
#1692 = FACE_OUTER_BOUND ( 'NONE', #1899, .T. ) ;
#1693 = ORIENTED_EDGE ( 'NONE', *, *, #2864, .T. ) ;
#1694 = ORIENTED_EDGE ( 'NONE', *, *, #438, .F. ) ;
#1695 = DIRECTION ( 'NONE',  ( -0.000000000000000000, -0.000000000000000000, -1.000000000000000000 ) ) ;
#1696 = EDGE_CURVE ( 'NONE', #2382, #978, #2265, .T. ) ;
#1697 = DIRECTION ( 'NONE',  ( 0.000000000000000000, -1.000000000000000000, 0.000000000000000000 ) ) ;
#1698 = CARTESIAN_POINT ( 'NONE',  ( 79.10000000000000853, 60.00000000000000000, -21.19999999999999574 ) ) ;
#1699 = FACE_OUTER_BOUND ( 'NONE', #1736, .T. ) ;
#1700 = VECTOR ( 'NONE', #2839, 1000.000000000000000 ) ;
#1701 = DIRECTION ( 'NONE',  ( 0.000000000000000000, 0.000000000000000000, -1.000000000000000000 ) ) ;
#1702 = ORIENTED_EDGE ( 'NONE', *, *, #1270, .F. ) ;
#1703 = LINE ( 'NONE', #962, #1950 ) ;
#1704 = EDGE_CURVE ( 'NONE', #53, #1469, #856, .T. ) ;
#1705 = DIRECTION ( 'NONE',  ( 1.000000000000000000, -0.000000000000000000, -0.000000000000000000 ) ) ;
#1706 = EDGE_LOOP ( 'NONE', ( #925, #2618, #1544, #2356 ) ) ;
#1707 = DIRECTION ( 'NONE',  ( 1.000000000000000000, 0.000000000000000000, 0.000000000000000000 ) ) ;
#1708 = CARTESIAN_POINT ( 'NONE',  ( -4.100000000000006750, -58.00000000000000711, -17.79999999999999716 ) ) ;
#1709 = EDGE_CURVE ( 'NONE', #376, #1197, #2275, .T. ) ;
#1710 = DIRECTION ( 'NONE',  ( 0.000000000000000000, -1.000000000000000000, -0.000000000000000000 ) ) ;
#1711 = CIRCLE ( 'NONE', #902, 0.5000000000000004441 ) ;
#1712 = EDGE_CURVE ( 'NONE', #1324, #179, #1839, .T. ) ;
#1713 = DIRECTION ( 'NONE',  ( -0.000000000000000000, -0.000000000000000000, -1.000000000000000000 ) ) ;
#1714 = EDGE_CURVE ( 'NONE', #2893, #717, #1386, .T. ) ;
#1715 = VECTOR ( 'NONE', #2487, 1000.000000000000000 ) ;
#1716 = DIRECTION ( 'NONE',  ( 0.000000000000000000, 0.000000000000000000, 1.000000000000000000 ) ) ;
#1717 = EDGE_LOOP ( 'NONE', ( #267, #708, #371, #1841 ) ) ;
#1718 = CARTESIAN_POINT ( 'NONE',  ( -70.90000000000000568, 60.00099999999999767, -17.80000000000000071 ) ) ;
#1719 = EDGE_LOOP ( 'NONE', ( #1159, #2691, #1136, #549 ) ) ;
#1720 = CYLINDRICAL_SURFACE ( 'NONE', #228, 1.000000000000000000 ) ;
#1721 = ORIENTED_EDGE ( 'NONE', *, *, #449, .T. ) ;
#1722 = DIRECTION ( 'NONE',  ( -0.000000000000000000, 1.000000000000000000, -0.000000000000000000 ) ) ;
#1723 = TOROIDAL_SURFACE ( 'NONE', #386, 1.000000000000001776, 1.000000000000000000 ) ;
#1724 = EDGE_CURVE ( 'NONE', #480, #857, #79, .T. ) ;
#1725 = CARTESIAN_POINT ( 'NONE',  ( -5.000000000000006217, -58.00000000000001421, -20.30000000000000071 ) ) ;
#1726 = AXIS2_PLACEMENT_3D ( 'NONE', #2880, #1741, #1113 ) ;
#1727 = LINE ( 'NONE', #2628, #910 ) ;
#1728 = CARTESIAN_POINT ( 'NONE',  ( -88.00000000000000000, 58.00000000000000000, -24.00000000000000000 ) ) ;
#1729 = CARTESIAN_POINT ( 'NONE',  ( 88.00000000000000000, -59.00000000000000000, 2.000000000000000000 ) ) ;
#1730 = ORIENTED_EDGE ( 'NONE', *, *, #2817, .T. ) ;
#1731 = AXIS2_PLACEMENT_3D ( 'NONE', #2712, #656, #1889 ) ;
#1732 = DIRECTION ( 'NONE',  ( 0.000000000000000000, 0.000000000000000000, 1.000000000000000000 ) ) ;
#1733 = VERTEX_POINT ( 'NONE', #492 ) ;
#1734 = ADVANCED_FACE ( 'NONE', ( #914 ), #2740, .F. ) ;
#1735 = DIRECTION ( 'NONE',  ( -0.000000000000000000, -1.000000000000000000, -0.000000000000000000 ) ) ;
#1736 = EDGE_LOOP ( 'NONE', ( #28, #776, #952, #2300 ) ) ;
#1737 = FACE_BOUND ( 'NONE', #1187, .T. ) ;
#1738 = ADVANCED_FACE ( 'NONE', ( #2252 ), #184, .F. ) ;
#1739 = ORIENTED_EDGE ( 'NONE', *, *, #2836, .T. ) ;
#1740 = ORIENTED_EDGE ( 'NONE', *, *, #2597, .F. ) ;
#1741 = DIRECTION ( 'NONE',  ( -1.000000000000000000, 0.000000000000000000, 0.000000000000000000 ) ) ;
#1742 = LINE ( 'NONE', #2159, #2234 ) ;
#1743 = DIRECTION ( 'NONE',  ( 1.000000000000000000, 0.000000000000000000, 4.231032868236115418E-16 ) ) ;
#1744 = CARTESIAN_POINT ( 'NONE',  ( -60.00000000000000000, 60.00000000000000000, -20.00000000000000000 ) ) ;
#1745 = CARTESIAN_POINT ( 'NONE',  ( -79.10000000000000853, 60.00000000000000000, -20.30000000000000426 ) ) ;
#1746 = VERTEX_POINT ( 'NONE', #2588 ) ;
#1747 = DIRECTION ( 'NONE',  ( 1.000000000000000000, 0.000000000000000000, 0.000000000000000000 ) ) ;
#1748 = TOROIDAL_SURFACE ( 'NONE', #1394, 1.000000000000001776, 1.000000000000000000 ) ;
#1749 = VECTOR ( 'NONE', #1672, 1000.000000000000000 ) ;
#1751 = EDGE_CURVE ( 'NONE', #2931, #1454, #2124, .T. ) ;
#1750 = DIRECTION ( 'NONE',  ( -1.000000000000000000, 2.392722035830078479E-16, -0.000000000000000000 ) ) ;
#1752 = ORIENTED_EDGE ( 'NONE', *, *, #890, .T. ) ;
#1753 = EDGE_CURVE ( 'NONE', #1873, #140, #2354, .T. ) ;
#1754 = CARTESIAN_POINT ( 'NONE',  ( 87.99999999999998579, 59.00000000000000000, 2.000000000000000000 ) ) ;
#1755 = EDGE_CURVE ( 'NONE', #2432, #2593, #1703, .T. ) ;
#1756 = VERTEX_POINT ( 'NONE', #1676 ) ;
#1757 = DIRECTION ( 'NONE',  ( -0.000000000000000000, 1.000000000000000000, -0.000000000000000000 ) ) ;
#1758 = CARTESIAN_POINT ( 'NONE',  ( -60.00000000000000000, 60.00000000000000000, -4.000000000000000000 ) ) ;
#1759 = CARTESIAN_POINT ( 'NONE',  ( 88.00000000000001421, -0.8000000000000216938, -13.00000000000000178 ) ) ;
#1760 = CARTESIAN_POINT ( 'NONE',  ( 89.00000000000000000, -57.99999999999997868, -23.00000000000000000 ) ) ;
#1761 = ORIENTED_EDGE ( 'NONE', *, *, #2798, .F. ) ;
#1762 = CARTESIAN_POINT ( 'NONE',  ( 90.00000000000000000, -25.00000000000002132, -5.800000000000001599 ) ) ;
#1763 = AXIS2_PLACEMENT_3D ( 'NONE', #2842, #537, #2557 ) ;
#1764 = AXIS2_PLACEMENT_3D ( 'NONE', #2055, #733, #2330 ) ;
#1765 = DIRECTION ( 'NONE',  ( 1.182766006347823109E-16, 1.000000000000000000, -0.000000000000000000 ) ) ;
#1766 = CARTESIAN_POINT ( 'NONE',  ( -81.99999999999998579, 54.00000000000000000, 0.000000000000000000 ) ) ;
#1767 = CARTESIAN_POINT ( 'NONE',  ( -87.99999999999998579, -60.00000000000000000, 1.000000000000000000 ) ) ;
#1768 = ADVANCED_FACE ( 'NONE', ( #728 ), #2369, .F. ) ;
#1769 = ORIENTED_EDGE ( 'NONE', *, *, #1951, .T. ) ;
#1770 = EDGE_CURVE ( 'NONE', #1154, #1324, #2575, .T. ) ;
#1771 = ORIENTED_EDGE ( 'NONE', *, *, #819, .F. ) ;
#1772 = CYLINDRICAL_SURFACE ( 'NONE', #532, 1.000000000000000888 ) ;
#1773 = AXIS2_PLACEMENT_3D ( 'NONE', #2245, #240, #2349 ) ;
#1774 = CIRCLE ( 'NONE', #1535, 2.000000000000001776 ) ;
#1775 = CARTESIAN_POINT ( 'NONE',  ( -80.00000000000000000, 60.00000000000000000, -18.70000000000000284 ) ) ;
#1776 = CARTESIAN_POINT ( 'NONE',  ( 70.90000000000000568, 58.00000000000000000, -20.30000000000000071 ) ) ;
#1777 = DIRECTION ( 'NONE',  ( 0.000000000000000000, 0.000000000000000000, 1.000000000000000000 ) ) ;
#1778 = VERTEX_POINT ( 'NONE', #91 ) ;
#1779 = CARTESIAN_POINT ( 'NONE',  ( -79.10000000000000853, 58.00000000000000000, -21.20000000000000639 ) ) ;
#1780 = CIRCLE ( 'NONE', #2160, 1.000000000000000000 ) ;
#1781 = DIRECTION ( 'NONE',  ( -1.000000000000000000, 0.000000000000000000, 0.000000000000000000 ) ) ;
#1782 = CARTESIAN_POINT ( 'NONE',  ( -60.00000000000000000, 58.00000000000000000, -20.00000000000000000 ) ) ;
#1783 = PLANE ( 'NONE',  #2929 ) ;
#1784 = ORIENTED_EDGE ( 'NONE', *, *, #1433, .T. ) ;
#1785 = FACE_OUTER_BOUND ( 'NONE', #1318, .T. ) ;
#1786 = PRODUCT_CONTEXT ( 'NONE', #391, 'mechanical' ) ;
#1787 = FACE_OUTER_BOUND ( 'NONE', #2854, .T. ) ;
#1788 = DIRECTION ( 'NONE',  ( -0.000000000000000000, 1.000000000000000000, -0.000000000000000000 ) ) ;
#1789 = CARTESIAN_POINT ( 'NONE',  ( 90.00100000000001899, -50.20000000000002416, -5.800000000000001599 ) ) ;
#1790 = ORIENTED_EDGE ( 'NONE', *, *, #2720, .F. ) ;
#1791 = LINE ( 'NONE', #1380, #1527 ) ;
#1792 = VERTEX_POINT ( 'NONE', #2152 ) ;
#1793 = DIRECTION ( 'NONE',  ( -0.000000000000000000, -1.000000000000000000, -0.000000000000000000 ) ) ;
#1794 = CARTESIAN_POINT ( 'NONE',  ( -70.00000000000000000, 58.00000000000000000, -20.29999999999999716 ) ) ;
#1795 = TOROIDAL_SURFACE ( 'NONE', #1221, 1.000000000000001776, 1.000000000000000000 ) ;
#1796 = ORIENTED_EDGE ( 'NONE', *, *, #309, .F. ) ;
#1797 = AXIS2_PLACEMENT_3D ( 'NONE', #2627, #1500, #1485 ) ;
#1798 = DIRECTION ( 'NONE',  ( 1.000000000000000000, 0.000000000000000000, 0.000000000000000000 ) ) ;
#1799 = CARTESIAN_POINT ( 'NONE',  ( -70.00000000000000000, 60.00099999999999767, -20.29999999999999716 ) ) ;
#1800 = CARTESIAN_POINT ( 'NONE',  ( 90.00000000000000000, 0.1999999999999785560, -6.000000000000000888 ) ) ;
#1801 = PRESENTATION_LAYER_ASSIGNMENT (  '', '', ( #72 ) ) ;
#1802 = EDGE_CURVE ( 'NONE', #1510, #2536, #1438, .T. ) ;
#1803 = EDGE_CURVE ( 'NONE', #2950, #978, #1907, .T. ) ;
#1804 = DIRECTION ( 'NONE',  ( -0.000000000000000000, -1.000000000000000000, -0.000000000000000000 ) ) ;
#1805 = ORIENTED_EDGE ( 'NONE', *, *, #2338, .F. ) ;
#1806 = EDGE_CURVE ( 'NONE', #1402, #539, #1711, .T. ) ;
#1807 = CARTESIAN_POINT ( 'NONE',  ( 90.00000000000000000, -19.00000000000002132, -6.000000000000000888 ) ) ;
#1808 = EDGE_CURVE ( 'NONE', #983, #2948, #2320, .T. ) ;
#1809 = AXIS2_PLACEMENT_3D ( 'NONE', #2935, #882, #2503 ) ;
#1810 = ORIENTED_EDGE ( 'NONE', *, *, #2154, .T. ) ;
#1811 = DIRECTION ( 'NONE',  ( 0.000000000000000000, 1.000000000000000000, 0.000000000000000000 ) ) ;
#1812 = VECTOR ( 'NONE', #1219, 1000.000000000000000 ) ;
#1813 = ORIENTED_EDGE ( 'NONE', *, *, #1120, .T. ) ;
#1814 = FACE_OUTER_BOUND ( 'NONE', #2480, .T. ) ;
#1815 = VERTEX_POINT ( 'NONE', #2095 ) ;
#1816 = DIRECTION ( 'NONE',  ( 1.000000000000000000, 0.000000000000000000, 0.000000000000000000 ) ) ;
#1817 = VECTOR ( 'NONE', #531, 1000.000000000000000 ) ;
#1818 = CARTESIAN_POINT ( 'NONE',  ( -84.00000000000001421, -45.99999999999998579, 2.000000000000000000 ) ) ;
#1819 = AXIS2_PLACEMENT_3D ( 'NONE', #1403, #2319, #15 ) ;
#1820 = DIRECTION ( 'NONE',  ( 1.196361017915039239E-16, 1.000000000000000000, 0.000000000000000000 ) ) ;
#1821 = ORIENTED_EDGE ( 'NONE', *, *, #1647, .F. ) ;
#1822 = DIRECTION ( 'NONE',  ( 1.000000000000000000, 2.081668171172166620E-14, 0.000000000000000000 ) ) ;
#1823 = AXIS2_PLACEMENT_3D ( 'NONE', #2697, #125, #615 ) ;
#1824 = EDGE_CURVE ( 'NONE', #1493, #2384, #1428, .T. ) ;
#1825 = ORIENTED_EDGE ( 'NONE', *, *, #108, .T. ) ;
#1826 = FACE_OUTER_BOUND ( 'NONE', #967, .T. ) ;
#1827 = SURFACE_SIDE_STYLE ('',( #1387 ) ) ;
#1828 = EDGE_CURVE ( 'NONE', #102, #2801, #2800, .T. ) ;
#1829 = VERTEX_POINT ( 'NONE', #296 ) ;
#1830 = CARTESIAN_POINT ( 'NONE',  ( 89.00000000000000000, 57.99999999999999289, 1.000000000000000000 ) ) ;
#1831 = DIRECTION ( 'NONE',  ( 1.000000000000000000, -1.269309860470834477E-16, 0.000000000000000000 ) ) ;
#1832 = DIRECTION ( 'NONE',  ( 0.000000000000000000, 0.000000000000000000, 1.000000000000000000 ) ) ;
#1833 = CARTESIAN_POINT ( 'NONE',  ( 90.00100000000003320, -25.80000000000002558, -15.00000000000000355 ) ) ;
#1834 = EDGE_LOOP ( 'NONE', ( #185, #1960, #2372, #1874 ) ) ;
#1835 = AXIS2_PLACEMENT_3D ( 'NONE', #1651, #1375, #937 ) ;
#1836 = CYLINDRICAL_SURFACE ( 'NONE', #1144, 0.9000000000000023537 ) ;
#1837 = ORIENTED_EDGE ( 'NONE', *, *, #953, .T. ) ;
#1838 = FACE_OUTER_BOUND ( 'NONE', #55, .T. ) ;
#1839 = LINE ( 'NONE', #1108, #1526 ) ;
#1840 = EDGE_LOOP ( 'NONE', ( #422, #1721, #716, #183 ) ) ;
#1841 = ORIENTED_EDGE ( 'NONE', *, *, #2742, .F. ) ;
#1842 = DIRECTION ( 'NONE',  ( -2.392722035830078479E-16, -1.000000000000000000, 0.000000000000000000 ) ) ;
#1843 = EDGE_CURVE ( 'NONE', #1733, #2893, #77, .T. ) ;
#1844 = ORIENTED_EDGE ( 'NONE', *, *, #1712, .T. ) ;
#1845 = CIRCLE ( 'NONE', #2704, 0.9000000000000014655 ) ;
#1846 = VECTOR ( 'NONE', #2953, 1000.000000000000000 ) ;
#1847 = AXIS2_PLACEMENT_3D ( 'NONE', #1997, #2243, #177 ) ;
#1848 = DIRECTION ( 'NONE',  ( -0.000000000000000000, 1.000000000000000000, -0.000000000000000000 ) ) ;
#1849 = CYLINDRICAL_SURFACE ( 'NONE', #1362, 2.000000000000001776 ) ;
#1850 = FACE_OUTER_BOUND ( 'NONE', #65, .T. ) ;
#1851 = VERTEX_POINT ( 'NONE', #280 ) ;
#1852 = CARTESIAN_POINT ( 'NONE',  ( 90.00000000000000000, -19.00000000000002132, -6.000000000000000888 ) ) ;
#1853 = VERTEX_POINT ( 'NONE', #33 ) ;
#1854 = DIRECTION ( 'NONE',  ( -0.000000000000000000, -0.000000000000000000, -1.000000000000000000 ) ) ;
#1855 = CARTESIAN_POINT ( 'NONE',  ( 80.00000000000000000, 60.00000000000000000, -18.70000000000000284 ) ) ;
#1856 = FACE_BOUND ( 'NONE', #283, .T. ) ;
#1857 = ORIENTED_EDGE ( 'NONE', *, *, #1216, .T. ) ;
#1858 = ORIENTED_EDGE ( 'NONE', *, *, #1146, .F. ) ;
#1859 = DIRECTION ( 'NONE',  ( 0.000000000000000000, 1.000000000000000000, 0.000000000000000000 ) ) ;
#1860 = ORIENTED_EDGE ( 'NONE', *, *, #562, .T. ) ;
#1861 = CIRCLE ( 'NONE', #957, 0.5000000000000004441 ) ;
#1862 = EDGE_CURVE ( 'NONE', #2371, #2568, #980, .T. ) ;
#1863 = DIRECTION ( 'NONE',  ( 1.182766006347823109E-16, 1.000000000000000000, -0.000000000000000000 ) ) ;
#1864 = ADVANCED_FACE ( 'NONE', ( #2111, #2137, #1007, #50, #1885, #1692 ), #2383, .F. ) ;
#1865 = CARTESIAN_POINT ( 'NONE',  ( 88.00000000000001421, 0.1999999999999790279, -6.000000000000000888 ) ) ;
#1866 = PLANE ( 'NONE',  #526 ) ;
#1867 = VERTEX_POINT ( 'NONE', #993 ) ;
#1868 = DIRECTION ( 'NONE',  ( -1.000000000000000000, 0.000000000000000000, 0.000000000000000000 ) ) ;
#1869 = CIRCLE ( 'NONE', #620, 2.000000000000001776 ) ;
#1870 = ORIENTED_EDGE ( 'NONE', *, *, #286, .F. ) ;
#1871 = DIRECTION ( 'NONE',  ( -1.000000000000000000, 0.000000000000000000, 0.000000000000000000 ) ) ;
#1872 = FACE_BOUND ( 'NONE', #2136, .T. ) ;
#1873 = VERTEX_POINT ( 'NONE', #1898 ) ;
#1874 = ORIENTED_EDGE ( 'NONE', *, *, #2415, .F. ) ;
#1875 = PLANE ( 'NONE',  #2308 ) ;
#1876 = DIRECTION ( 'NONE',  ( -1.000000000000000000, 0.000000000000000000, 0.000000000000000000 ) ) ;
#1877 = AXIS2_PLACEMENT_3D ( 'NONE', #687, #2507, #936 ) ;
#1878 = DIRECTION ( 'NONE',  ( -0.000000000000000000, -0.000000000000000000, -1.000000000000000000 ) ) ;
#1879 = LINE ( 'NONE', #940, #2151 ) ;
#1880 = VERTEX_POINT ( 'NONE', #2814 ) ;
#1881 = EDGE_CURVE ( 'NONE', #1384, #313, #756, .T. ) ;
#1882 = CARTESIAN_POINT ( 'NONE',  ( 87.99999999999998579, 59.00000000000000000, 1.000000000000000000 ) ) ;
#1883 = VERTEX_POINT ( 'NONE', #2856 ) ;
#1884 = ORIENTED_EDGE ( 'NONE', *, *, #1551, .F. ) ;
#1885 = FACE_BOUND ( 'NONE', #2895, .T. ) ;
#1886 = ORIENTED_EDGE ( 'NONE', *, *, #1329, .F. ) ;
#1887 = ORIENTED_EDGE ( 'NONE', *, *, #1550, .F. ) ;
#1888 = ORIENTED_EDGE ( 'NONE', *, *, #311, .F. ) ;
#1889 = DIRECTION ( 'NONE',  ( 1.000000000000000000, 0.000000000000000000, 0.000000000000000000 ) ) ;
#1890 = CARTESIAN_POINT ( 'NONE',  ( 88.00000000000001421, -25.00000000000002132, -14.20000000000000462 ) ) ;
#1891 = CIRCLE ( 'NONE', #599, 0.5000000000000004441 ) ;
#1892 = LINE ( 'NONE', #10, #1817 ) ;
#1893 = VERTEX_POINT ( 'NONE', #1941 ) ;
#1894 = CARTESIAN_POINT ( 'NONE',  ( 70.90000000000000568, 60.00000000000000000, -17.80000000000000071 ) ) ;
#1895 = EDGE_CURVE ( 'NONE', #1065, #2931, #2625, .T. ) ;
#1896 = EDGE_CURVE ( 'NONE', #857, #480, #2818, .T. ) ;
#1897 = ORIENTED_EDGE ( 'NONE', *, *, #2752, .F. ) ;
#1898 = CARTESIAN_POINT ( 'NONE',  ( -70.90000000000000568, 60.00000000000000000, -21.19999999999999929 ) ) ;
#1899 = EDGE_LOOP ( 'NONE', ( #533, #1588, #988, #142 ) ) ;
#1900 = EDGE_CURVE ( 'NONE', #762, #850, #2664, .T. ) ;
#1901 = AXIS2_PLACEMENT_3D ( 'NONE', #202, #873, #859 ) ;
#1902 = VERTEX_POINT ( 'NONE', #591 ) ;
#1903 = VERTEX_POINT ( 'NONE', #2903 ) ;
#1904 = DIRECTION ( 'NONE',  ( 0.000000000000000000, -1.000000000000000000, 0.000000000000000000 ) ) ;
#1905 = EDGE_LOOP ( 'NONE', ( #1063, #2696, #1531, #1182 ) ) ;
#1906 = EDGE_CURVE ( 'NONE', #2568, #253, #805, .T. ) ;
#1907 = CIRCLE ( 'NONE', #2287, 0.5000000000000004441 ) ;
#1908 = FACE_OUTER_BOUND ( 'NONE', #432, .T. ) ;
#1909 = AXIS2_PLACEMENT_3D ( 'NONE', #960, #275, #1448 ) ;
#1910 = DIRECTION ( 'NONE',  ( 0.000000000000000000, 0.000000000000000000, 1.000000000000000000 ) ) ;
#1911 = ORIENTED_EDGE ( 'NONE', *, *, #2796, .T. ) ;
#1912 = CARTESIAN_POINT ( 'NONE',  ( -87.99999999999998579, -60.00000000000000000, -23.00000000000000000 ) ) ;
#1913 = ORIENTED_EDGE ( 'NONE', *, *, #855, .F. ) ;
#1914 = AXIS2_PLACEMENT_3D ( 'NONE', #662, #1117, #1820 ) ;
#1915 = CARTESIAN_POINT ( 'NONE',  ( -70.00000000000000000, 60.00099999999999767, -20.29999999999999716 ) ) ;
#1916 = EDGE_CURVE ( 'NONE', #1851, #2165, #1031, .T. ) ;
#1917 = VECTOR ( 'NONE', #2305, 1000.000000000000000 ) ;
#1918 = ORIENTED_EDGE ( 'NONE', *, *, #1824, .F. ) ;
#1919 = VERTEX_POINT ( 'NONE', #2634 ) ;
#1920 = DIRECTION ( 'NONE',  ( 0.000000000000000000, -0.000000000000000000, 1.000000000000000000 ) ) ;
#1921 = DIRECTION ( 'NONE',  ( 0.000000000000000000, 0.000000000000000000, 1.000000000000000000 ) ) ;
#1922 = VECTOR ( 'NONE', #1265, 1000.000000000000000 ) ;
#1923 = FACE_OUTER_BOUND ( 'NONE', #1515, .T. ) ;
#1924 = CARTESIAN_POINT ( 'NONE',  ( 90.00100000000001899, 1.500000000000000000, -9.500000000000000000 ) ) ;
#1925 = DIRECTION ( 'NONE',  ( 1.000000000000000000, 0.000000000000000000, 0.000000000000000000 ) ) ;
#1926 = ORIENTED_EDGE ( 'NONE', *, *, #1932, .T. ) ;
#1927 = CARTESIAN_POINT ( 'NONE',  ( -70.90000000000000568, 60.00099999999999767, -20.29999999999999716 ) ) ;
#1928 = ORIENTED_EDGE ( 'NONE', *, *, #449, .F. ) ;
#1929 = LINE ( 'NONE', #499, #2454 ) ;
#1930 = ORIENTED_EDGE ( 'NONE', *, *, #363, .F. ) ;
#1931 = DIRECTION ( 'NONE',  ( 0.000000000000000000, 0.000000000000000000, 1.000000000000000000 ) ) ;
#1932 = EDGE_CURVE ( 'NONE', #2449, #1384, #373, .T. ) ;
#1933 = ADVANCED_FACE ( 'NONE', ( #345 ), #1312, .F. ) ;
#1934 = FACE_OUTER_BOUND ( 'NONE', #2388, .T. ) ;
#1935 = LINE ( 'NONE', #572, #339 ) ;
#1936 = EDGE_CURVE ( 'NONE', #334, #1201, #1079, .T. ) ;
#1937 = VECTOR ( 'NONE', #1713, 1000.000000000000000 ) ;
#1938 = FACE_OUTER_BOUND ( 'NONE', #1974, .T. ) ;
#1939 = ORIENTED_EDGE ( 'NONE', *, *, #1587, .F. ) ;
#1940 = AXIS2_PLACEMENT_3D ( 'NONE', #2534, #1164, #1921 ) ;
#1941 = CARTESIAN_POINT ( 'NONE',  ( -84.00000000000000000, 51.99999999999998579, 2.000000000000000000 ) ) ;
#1942 = ORIENTED_EDGE ( 'NONE', *, *, #433, .F. ) ;
#1943 = CARTESIAN_POINT ( 'NONE',  ( 87.99999999999998579, -60.00000000000000000, -23.00000000000000000 ) ) ;
#1944 = UNCERTAINTY_MEASURE_WITH_UNIT (LENGTH_MEASURE( 1.000000000000000082E-05 ), #670, 'distance_accuracy_value', 'NONE');
#1945 = ORIENTED_EDGE ( 'NONE', *, *, #704, .F. ) ;
#1946 = CARTESIAN_POINT ( 'NONE',  ( 70.90000000000000568, 58.00000000000000000, -18.69999999999999929 ) ) ;
#1947 = DIRECTION ( 'NONE',  ( -1.000000000000000000, 0.000000000000000000, 0.000000000000000000 ) ) ;
#1948 = EDGE_CURVE ( 'NONE', #253, #1477, #851, .T. ) ;
#1949 = CARTESIAN_POINT ( 'NONE',  ( 4.999999999999990230, -58.00000000000001421, -20.30000000000000426 ) ) ;
#1950 = VECTOR ( 'NONE', #2619, 1000.000000000000000 ) ;
#1951 = EDGE_CURVE ( 'NONE', #1019, #1646, #2770, .T. ) ;
#1952 = FACE_OUTER_BOUND ( 'NONE', #1615, .T. ) ;
#1953 = VECTOR ( 'NONE', #2077, 1000.000000000000000 ) ;
#1954 = CARTESIAN_POINT ( 'NONE',  ( 4.099999999999992539, -58.00000000000001421, -18.69999999999999929 ) ) ;
#1955 = VERTEX_POINT ( 'NONE', #1762 ) ;
#1956 = DIRECTION ( 'NONE',  ( 1.000000000000000000, 0.000000000000000000, 8.462065736472230835E-16 ) ) ;
#1957 = ORIENTED_EDGE ( 'NONE', *, *, #2701, .T. ) ;
#1958 = LINE ( 'NONE', #2892, #2197 ) ;
#1959 = VECTOR ( 'NONE', #2853, 1000.000000000000000 ) ;
#1960 = ORIENTED_EDGE ( 'NONE', *, *, #928, .T. ) ;
#1961 = DIRECTION ( 'NONE',  ( -1.000000000000000000, 2.081668171172166620E-14, 0.000000000000000000 ) ) ;
#1962 = AXIS2_PLACEMENT_3D ( 'NONE', #1370, #1627, #475 ) ;
#1963 = ADVANCED_BREP_SHAPE_REPRESENTATION ( 'epaper-screen-2', ( #1260, #1901 ), #216 ) ;
#1964 = VERTEX_POINT ( 'NONE', #2461 ) ;
#1965 = CARTESIAN_POINT ( 'NONE',  ( -82.00000000000000000, -48.00000000000000711, 2.000000000000000000 ) ) ;
#1966 = DIRECTION ( 'NONE',  ( -0.000000000000000000, 0.000000000000000000, -1.000000000000000000 ) ) ;
#1967 = AXIS2_PLACEMENT_3D ( 'NONE', #2655, #1757, #187 ) ;
#1968 = DIRECTION ( 'NONE',  ( 6.938893903907221278E-15, -1.000000000000000000, 0.000000000000000000 ) ) ;
#1969 = FACE_OUTER_BOUND ( 'NONE', #754, .T. ) ;
#1970 = CARTESIAN_POINT ( 'NONE',  ( -60.00000000000000000, 58.00000000000000000, -20.00000000000000000 ) ) ;
#1971 = ORIENTED_EDGE ( 'NONE', *, *, #2729, .F. ) ;
#1972 = VECTOR ( 'NONE', #2479, 1000.000000000000000 ) ;
#1973 = DIRECTION ( 'NONE',  ( -1.000000000000000000, 2.392722035830078479E-16, -0.000000000000000000 ) ) ;
#1974 = EDGE_LOOP ( 'NONE', ( #2465, #241, #2078, #92 ) ) ;
#1975 = CYLINDRICAL_SURFACE ( 'NONE', #906, 0.5000000000000004441 ) ;
#1976 = ORIENTED_EDGE ( 'NONE', *, *, #150, .F. ) ;
#1977 = DIRECTION ( 'NONE',  ( 0.000000000000000000, 0.000000000000000000, -1.000000000000000000 ) ) ;
#1978 = ORIENTED_EDGE ( 'NONE', *, *, #810, .T. ) ;
#1979 = ORIENTED_EDGE ( 'NONE', *, *, #2312, .F. ) ;
#1980 = CIRCLE ( 'NONE', #1835, 0.5000000000000004441 ) ;
#1981 = DIRECTION ( 'NONE',  ( 0.000000000000000000, -1.000000000000000000, 0.000000000000000000 ) ) ;
#1982 = CARTESIAN_POINT ( 'NONE',  ( -5.000000000000006217, -60.00000000000000000, -20.30000000000000071 ) ) ;
#1983 = DIRECTION ( 'NONE',  ( 2.392722035830078479E-16, 1.000000000000000000, -9.035018104045871927E-17 ) ) ;
#1984 = DIRECTION ( 'NONE',  ( 1.000000000000000000, 0.000000000000000000, 0.000000000000000000 ) ) ;
#1985 = EDGE_LOOP ( 'NONE', ( #409, #592, #229, #2751 ) ) ;
#1986 = DIRECTION ( 'NONE',  ( 0.000000000000000000, 1.000000000000000000, 0.000000000000000000 ) ) ;
#1987 = EDGE_CURVE ( 'NONE', #1955, #1756, #577, .T. ) ;
#1988 = ADVANCED_FACE ( 'NONE', ( #2232 ), #358, .F. ) ;
#1989 = VECTOR ( 'NONE', #1434, 1000.000000000000000 ) ;
#1990 = DIRECTION ( 'NONE',  ( 0.000000000000000000, 0.000000000000000000, 1.000000000000000000 ) ) ;
#1991 = EDGE_CURVE ( 'NONE', #1454, #1853, #1475, .T. ) ;
#1992 = CARTESIAN_POINT ( 'NONE',  ( -80.00000000000000000, 60.00000000000000000, -20.30000000000000426 ) ) ;
#1993 = DIRECTION ( 'NONE',  ( 0.000000000000000000, 0.000000000000000000, 1.000000000000000000 ) ) ;
#1994 = ORIENTED_EDGE ( 'NONE', *, *, #1586, .F. ) ;
#1995 = FACE_OUTER_BOUND ( 'NONE', #879, .T. ) ;
#1996 = LINE ( 'NONE', #1573, #113 ) ;
#1997 = CARTESIAN_POINT ( 'NONE',  ( -89.00000000000000000, 57.99999999999999289, 1.000000000000000000 ) ) ;
#1998 = CARTESIAN_POINT ( 'NONE',  ( 90.00000000000000000, -51.00000000000002132, -14.20000000000000462 ) ) ;
#1999 = ORIENTED_EDGE ( 'NONE', *, *, #1948, .F. ) ;
#2000 = DIRECTION ( 'NONE',  ( -0.000000000000000000, 1.000000000000000000, 0.000000000000000000 ) ) ;
#2001 = AXIS2_PLACEMENT_3D ( 'NONE', #1064, #1973, #2676 ) ;
#2002 = DIRECTION ( 'NONE',  ( -0.000000000000000000, 1.000000000000000000, -0.000000000000000000 ) ) ;
#2003 = CARTESIAN_POINT ( 'NONE',  ( 79.10000000000000853, 60.00099999999999767, -17.80000000000000071 ) ) ;
#2004 = CARTESIAN_POINT ( 'NONE',  ( -79.10000000000000853, 58.00000000000000000, -17.80000000000000426 ) ) ;
#2005 = ORIENTED_EDGE ( 'NONE', *, *, #551, .T. ) ;
#2006 = ORIENTED_EDGE ( 'NONE', *, *, #3, .T. ) ;
#2007 = CARTESIAN_POINT ( 'NONE',  ( 88.00000000000001421, -0.8000000000000209166, -6.000000000000000888 ) ) ;
#2008 = VECTOR ( 'NONE', #1073, 1000.000000000000000 ) ;
#2009 = CARTESIAN_POINT ( 'NONE',  ( 79.10000000000000853, 60.00099999999999767, -21.19999999999999574 ) ) ;
#2010 = DIRECTION ( 'NONE',  ( -1.000000000000000000, 2.392722035830078479E-16, 0.000000000000000000 ) ) ;
#2011 = CARTESIAN_POINT ( 'NONE',  ( -88.00000000000001421, -58.00000000000000000, 0.000000000000000000 ) ) ;
#2012 = ORIENTED_EDGE ( 'NONE', *, *, #617, .F. ) ;
#2013 = PLANE ( 'NONE',  #2488 ) ;
#2014 = CIRCLE ( 'NONE', #2187, 0.9000000000000014655 ) ;
#2015 = CARTESIAN_POINT ( 'NONE',  ( -5.000000000000006217, -58.00000000000001421, -20.30000000000000071 ) ) ;
#2016 = DIRECTION ( 'NONE',  ( 1.000000000000000000, 0.000000000000000000, -4.231032868236115418E-16 ) ) ;
#2017 = DIRECTION ( 'NONE',  ( -1.000000000000000000, 0.000000000000000000, 0.000000000000000000 ) ) ;
#2018 = AXIS2_PLACEMENT_3D ( 'NONE', #587, #2378, #2436 ) ;
#2019 = EDGE_LOOP ( 'NONE', ( #1340, #1047, #2573, #21, #1631, #458, #2774, #2310 ) ) ;
#2020 = VERTEX_POINT ( 'NONE', #1249 ) ;
#2021 = DIRECTION ( 'NONE',  ( -0.000000000000000000, -1.000000000000000000, -0.000000000000000000 ) ) ;
#2022 = ORIENTED_EDGE ( 'NONE', *, *, #2739, .F. ) ;
#2023 = EDGE_CURVE ( 'NONE', #2384, #515, #2917, .T. ) ;
#2024 = APPLICATION_PROTOCOL_DEFINITION ( 'draft international standard', 'automotive_design', 1998, #391 ) ;
#2025 = EDGE_CURVE ( 'NONE', #1461, #308, #1861, .T. ) ;
#2026 = DIRECTION ( 'NONE',  ( 0.000000000000000000, 0.000000000000000000, 1.000000000000000000 ) ) ;
#2027 = EDGE_CURVE ( 'NONE', #892, #7, #276, .T. ) ;
#2028 = DIRECTION ( 'NONE',  ( -1.000000000000000000, 0.000000000000000000, 0.000000000000000000 ) ) ;
#2029 = EDGE_CURVE ( 'NONE', #2370, #672, #1046, .T. ) ;
#2030 = CARTESIAN_POINT ( 'NONE',  ( -1.500000000000000000, 60.00000000000000000, -12.00000000000000000 ) ) ;
#2031 = EDGE_LOOP ( 'NONE', ( #2592, #13, #1957, #945 ) ) ;
#2032 = CARTESIAN_POINT ( 'NONE',  ( 82.00000000000000000, 51.99999999999997868, 0.000000000000000000 ) ) ;
#2033 = PRODUCT_DEFINITION ( 'UNKNOWN', '', #2809, #1106 ) ;
#2034 = ORIENTED_EDGE ( 'NONE', *, *, #837, .T. ) ;
#2035 = DIRECTION ( 'NONE',  ( -0.000000000000000000, -1.000000000000000000, -0.000000000000000000 ) ) ;
#2036 = DIRECTION ( 'NONE',  ( 0.000000000000000000, 0.000000000000000000, -1.000000000000000000 ) ) ;
#2037 = AXIS2_PLACEMENT_3D ( 'NONE', #1474, #1983, #2899 ) ;
#2038 = ORIENTED_EDGE ( 'NONE', *, *, #2029, .F. ) ;
#2039 =( LENGTH_UNIT ( ) NAMED_UNIT ( * ) SI_UNIT ( .MILLI., .METRE. ) );
#2040 = ORIENTED_EDGE ( 'NONE', *, *, #1802, .T. ) ;
#2041 = SHAPE_DEFINITION_REPRESENTATION ( #337, #1963 ) ;
#2042 = DIRECTION ( 'NONE',  ( 0.000000000000000000, 0.000000000000000000, -1.000000000000000000 ) ) ;
#2043 = LINE ( 'NONE', #2714, #2661 ) ;
#2044 = EDGE_CURVE ( 'NONE', #2133, #1644, #472, .T. ) ;
#2045 = AXIS2_PLACEMENT_3D ( 'NONE', #2863, #1518, #2434 ) ;
#2046 = DIRECTION ( 'NONE',  ( 0.000000000000000000, 0.000000000000000000, 1.000000000000000000 ) ) ;
#2047 = ORIENTED_EDGE ( 'NONE', *, *, #75, .T. ) ;
#2048 = ADVANCED_FACE ( 'NONE', ( #679 ), #1836, .F. ) ;
#2049 = CARTESIAN_POINT ( 'NONE',  ( 4.999999999999990230, -60.00100000000002609, -20.30000000000000426 ) ) ;
#2050 = VECTOR ( 'NONE', #1183, 1000.000000000000000 ) ;
#2051 = EDGE_LOOP ( 'NONE', ( #463, #2504, #1432, #2963 ) ) ;
#2052 = CARTESIAN_POINT ( 'NONE',  ( -5.000000000000006217, -58.00000000000001421, -18.70000000000000284 ) ) ;
#2053 = ORIENTED_EDGE ( 'NONE', *, *, #2235, .T. ) ;
#2054 = CARTESIAN_POINT ( 'NONE',  ( -5.000000000000006217, -60.00000000000000000, -20.30000000000000071 ) ) ;
#2055 = CARTESIAN_POINT ( 'NONE',  ( -81.99999999999998579, 54.00000000000000000, 2.001000000000000334 ) ) ;
#2056 = CARTESIAN_POINT ( 'NONE',  ( 90.00000000000000000, -0.8000000000000229150, -5.000000000000000888 ) ) ;
#2057 = AXIS2_PLACEMENT_3D ( 'NONE', #1385, #927, #491 ) ;
#2058 = DIRECTION ( 'NONE',  ( 0.000000000000000000, 1.000000000000000000, 0.000000000000000000 ) ) ;
#2059 = ORIENTED_EDGE ( 'NONE', *, *, #2431, .F. ) ;
#2060 = DIRECTION ( 'NONE',  ( 1.182766006347823109E-16, 1.000000000000000000, -0.000000000000000000 ) ) ;
#2061 = EDGE_CURVE ( 'NONE', #2401, #2556, #808, .T. ) ;
#2062 = AXIS2_PLACEMENT_3D ( 'NONE', #1830, #1390, #6 ) ;
#2063 = VERTEX_POINT ( 'NONE', #1565 ) ;
#2064 = ORIENTED_EDGE ( 'NONE', *, *, #1808, .T. ) ;
#2065 = DIRECTION ( 'NONE',  ( -1.000000000000000000, 0.000000000000000000, -8.462065736472230835E-16 ) ) ;
#2066 = DIRECTION ( 'NONE',  ( 0.000000000000000000, 0.000000000000000000, -1.000000000000000000 ) ) ;
#2067 = AXIS2_PLACEMENT_3D ( 'NONE', #2594, #1904, #1425 ) ;
#2068 = ORIENTED_EDGE ( 'NONE', *, *, #1581, .T. ) ;
#2069 = ORIENTED_EDGE ( 'NONE', *, *, #1326, .T. ) ;
#2070 = CARTESIAN_POINT ( 'NONE',  ( 90.00100000000003320, -19.00000000000002132, -6.000000000000000888 ) ) ;
#2071 = CARTESIAN_POINT ( 'NONE',  ( 88.00000000000000000, -50.20000000000002416, -15.00000000000000533 ) ) ;
#2072 = CARTESIAN_POINT ( 'NONE',  ( 88.00000000000001421, -19.00000000000002132, -6.000000000000000888 ) ) ;
#2073 = ADVANCED_FACE ( 'NONE', ( #650 ), #880, .T. ) ;
#2074 = AXIS2_PLACEMENT_3D ( 'NONE', #1263, #1528, #809 ) ;
#2075 = PLANE ( 'NONE',  #2724 ) ;
#2076 = ORIENTED_EDGE ( 'NONE', *, *, #2150, .F. ) ;
#2077 = DIRECTION ( 'NONE',  ( -1.000000000000000000, 2.392722035830078479E-16, -0.000000000000000000 ) ) ;
#2078 = ORIENTED_EDGE ( 'NONE', *, *, #1824, .T. ) ;
#2079 = LINE ( 'NONE', #946, #528 ) ;
#2080 = DIRECTION ( 'NONE',  ( 0.000000000000000000, -1.000000000000000000, 0.000000000000000000 ) ) ;
#2081 = CYLINDRICAL_SURFACE ( 'NONE', #2621, 0.8999999999999980238 ) ;
#2082 = ADVANCED_FACE ( 'NONE', ( #2273 ), #429, .F. ) ;
#2083 = EDGE_LOOP ( 'NONE', ( #2583, #923, #2576, #1674 ) ) ;
#2084 = ORIENTED_EDGE ( 'NONE', *, *, #1294, .T. ) ;
#2085 = DIRECTION ( 'NONE',  ( 1.182766006347823109E-16, 1.000000000000000000, -0.000000000000000000 ) ) ;
#2086 = VECTOR ( 'NONE', #976, 1000.000000000000000 ) ;
#2087 = VECTOR ( 'NONE', #585, 1000.000000000000000 ) ;
#2088 = CARTESIAN_POINT ( 'NONE',  ( -87.99999999999998579, -59.00000000000000000, -24.00000000000000000 ) ) ;
#2089 = LINE ( 'NONE', #26, #1180 ) ;
#2090 = CARTESIAN_POINT ( 'NONE',  ( 70.90000000000000568, 60.00099999999999767, -17.80000000000000071 ) ) ;
#2091 = ORIENTED_EDGE ( 'NONE', *, *, #2554, .T. ) ;
#2092 = DIRECTION ( 'NONE',  ( 0.000000000000000000, -1.000000000000000000, 0.000000000000000000 ) ) ;
#2093 = EDGE_LOOP ( 'NONE', ( #134, #361, #2069, #2368 ) ) ;
#2094 = ORIENTED_EDGE ( 'NONE', *, *, #167, .T. ) ;
#2095 = CARTESIAN_POINT ( 'NONE',  ( 79.10000000000000853, 58.00000000000000000, -21.19999999999999574 ) ) ;
#2096 = CYLINDRICAL_SURFACE ( 'NONE', #651, 1.000000000000000000 ) ;
#2097 = VECTOR ( 'NONE', #1793, 1000.000000000000000 ) ;
#2098 = ORIENTED_EDGE ( 'NONE', *, *, #1843, .T. ) ;
#2099 = ORIENTED_EDGE ( 'NONE', *, *, #1270, .T. ) ;
#2100 = VECTOR ( 'NONE', #2718, 1000.000000000000000 ) ;
#2101 = EDGE_CURVE ( 'NONE', #2937, #2666, #210, .T. ) ;
#2102 = CARTESIAN_POINT ( 'NONE',  ( 87.99999999999998579, 59.00000000000000000, -23.00000000000000000 ) ) ;
#2103 = DIRECTION ( 'NONE',  ( -0.000000000000000000, -1.000000000000000000, -0.000000000000000000 ) ) ;
#2104 = CIRCLE ( 'NONE', #813, 1.000000000000000888 ) ;
#2105 = LINE ( 'NONE', #2119, #1574 ) ;
#2106 = ORIENTED_EDGE ( 'NONE', *, *, #1599, .F. ) ;
#2107 = LINE ( 'NONE', #45, #2086 ) ;
#2108 = VECTOR ( 'NONE', #1804, 1000.000000000000000 ) ;
#2109 = ORIENTED_EDGE ( 'NONE', *, *, #41, .F. ) ;
#2110 = ORIENTED_EDGE ( 'NONE', *, *, #702, .T. ) ;
#2111 = FACE_BOUND ( 'NONE', #1408, .T. ) ;
#2112 = AXIS2_PLACEMENT_3D ( 'NONE', #2311, #2726, #673 ) ;
#2113 = ORIENTED_EDGE ( 'NONE', *, *, #1152, .T. ) ;
#2114 = ORIENTED_EDGE ( 'NONE', *, *, #401, .T. ) ;
#2115 = DIRECTION ( 'NONE',  ( 1.000000000000000000, 1.416100796715761356E-16, -0.000000000000000000 ) ) ;
#2116 = VECTOR ( 'NONE', #2085, 1000.000000000000000 ) ;
#2117 = EDGE_CURVE ( 'NONE', #1902, #1903, #1791, .T. ) ;
#2118 = CARTESIAN_POINT ( 'NONE',  ( 90.00000000000000000, 57.99999999999997868, 2.000000000000000000 ) ) ;
#2119 = CARTESIAN_POINT ( 'NONE',  ( 90.00100000000003320, -18.00000000000002132, -5.000000000000000888 ) ) ;
#2120 = ORIENTED_EDGE ( 'NONE', *, *, #1583, .T. ) ;
#2121 = EDGE_CURVE ( 'NONE', #1903, #260, #32, .T. ) ;
#2122 = DIRECTION ( 'NONE',  ( 1.000000000000000000, 0.000000000000000000, -4.231032868236114925E-16 ) ) ;
#2123 = EDGE_LOOP ( 'NONE', ( #2631, #1052 ) ) ;
#2124 = LINE ( 'NONE', #1418, #1142 ) ;
#2125 = ORIENTED_EDGE ( 'NONE', *, *, #2280, .T. ) ;
#2126 = VERTEX_POINT ( 'NONE', #943 ) ;
#2127 = ORIENTED_EDGE ( 'NONE', *, *, #1709, .F. ) ;
#2128 = CYLINDRICAL_SURFACE ( 'NONE', #298, 1.000000000000000444 ) ;
#2129 = VERTEX_POINT ( 'NONE', #457 ) ;
#2130 = LINE ( 'NONE', #2072, #2180 ) ;
#2131 = AXIS2_PLACEMENT_3D ( 'NONE', #861, #206, #2914 ) ;
#2132 = DIRECTION ( 'NONE',  ( 1.000000000000000000, -0.000000000000000000, -0.000000000000000000 ) ) ;
#2133 = VERTEX_POINT ( 'NONE', #2960 ) ;
#2134 = ADVANCED_FACE ( 'NONE', ( #1150 ), #2013, .F. ) ;
#2135 = DIRECTION ( 'NONE',  ( 0.000000000000000000, 0.000000000000000000, 1.000000000000000000 ) ) ;
#2136 = EDGE_LOOP ( 'NONE', ( #1070, #2022, #746, #966, #2586, #2653, #1942, #2140 ) ) ;
#2137 = FACE_BOUND ( 'NONE', #2019, .T. ) ;
#2138 = ORIENTED_EDGE ( 'NONE', *, *, #1006, .F. ) ;
#2139 = EDGE_LOOP ( 'NONE', ( #2153, #730, #420, #2411 ) ) ;
#2140 = ORIENTED_EDGE ( 'NONE', *, *, #220, .F. ) ;
#2141 = CARTESIAN_POINT ( 'NONE',  ( 90.00000000000000000, 57.99999999999997868, -23.00000000000000000 ) ) ;
#2142 = VECTOR ( 'NONE', #1156, 1000.000000000000000 ) ;
#2143 = DIRECTION ( 'NONE',  ( -0.000000000000000000, 0.000000000000000000, -1.000000000000000000 ) ) ;
#2144 = VECTOR ( 'NONE', #2400, 1000.000000000000000 ) ;
#2145 = FACE_OUTER_BOUND ( 'NONE', #2871, .T. ) ;
#2146 = ORIENTED_EDGE ( 'NONE', *, *, #2867, .F. ) ;
#2147 = CARTESIAN_POINT ( 'NONE',  ( 4.099999999999992539, -60.00000000000000000, -20.30000000000000426 ) ) ;
#2148 = DIRECTION ( 'NONE',  ( -1.000000000000000000, 1.269309860470834724E-16, 0.000000000000000000 ) ) ;
#2149 = ORIENTED_EDGE ( 'NONE', *, *, #1587, .T. ) ;
#2150 = EDGE_CURVE ( 'NONE', #2593, #2703, #2975, .T. ) ;
#2151 = VECTOR ( 'NONE', #1607, 1000.000000000000000 ) ;
#2152 = CARTESIAN_POINT ( 'NONE',  ( 4.999999999999993783, -58.00000000000001421, -18.69999999999999929 ) ) ;
#2153 = ORIENTED_EDGE ( 'NONE', *, *, #109, .T. ) ;
#2154 = EDGE_CURVE ( 'NONE', #2544, #2666, #1167, .T. ) ;
#2155 = CARTESIAN_POINT ( 'NONE',  ( -88.00000000000000000, 1.500000000000000000, -10.50000000000000000 ) ) ;
#2156 = EDGE_LOOP ( 'NONE', ( #864, #2179 ) ) ;
#2157 = EDGE_LOOP ( 'NONE', ( #2958, #1455, #1677, #62 ) ) ;
#2158 = DIRECTION ( 'NONE',  ( 0.000000000000000000, 0.000000000000000000, -1.000000000000000000 ) ) ;
#2159 = CARTESIAN_POINT ( 'NONE',  ( 70.90000000000000568, 60.00099999999999767, -21.19999999999999929 ) ) ;
#2160 = AXIS2_PLACEMENT_3D ( 'NONE', #395, #2709, #2066 ) ;
#2161 = DIRECTION ( 'NONE',  ( 1.196361017915039486E-16, 1.000000000000000000, -0.000000000000000000 ) ) ;
#2162 = EDGE_CURVE ( 'NONE', #2290, #1883, #2301, .T. ) ;
#2163 = DIRECTION ( 'NONE',  ( 1.182766006347823109E-16, 1.000000000000000000, -0.000000000000000000 ) ) ;
#2164 = FACE_OUTER_BOUND ( 'NONE', #1717, .T. ) ;
#2165 = VERTEX_POINT ( 'NONE', #1579 ) ;
#2166 = DIRECTION ( 'NONE',  ( 0.000000000000000000, 0.000000000000000000, -1.000000000000000000 ) ) ;
#2167 = VERTEX_POINT ( 'NONE', #242 ) ;
#2168 = CYLINDRICAL_SURFACE ( 'NONE', #2731, 0.8999999999999962474 ) ;
#2169 = ORIENTED_EDGE ( 'NONE', *, *, #2452, .T. ) ;
#2170 = CARTESIAN_POINT ( 'NONE',  ( 90.00100000000001899, -50.20000000000002416, -15.00000000000000533 ) ) ;
#2171 = EDGE_CURVE ( 'NONE', #2223, #1853, #1570, .T. ) ;
#2172 = ADVANCED_FACE ( 'NONE', ( #693 ), #1368, .F. ) ;
#2173 = CARTESIAN_POINT ( 'NONE',  ( -84.00000000000000000, 51.99999999999998579, 2.000000000000000000 ) ) ;
#2174 = FACE_OUTER_BOUND ( 'NONE', #2182, .T. ) ;
#2175 = CARTESIAN_POINT ( 'NONE',  ( -4.100000000000006750, -60.00000000000000000, -17.79999999999999716 ) ) ;
#2176 = AXIS2_PLACEMENT_3D ( 'NONE', #1129, #2270, #2028 ) ;
#2177 = EDGE_CURVE ( 'NONE', #2896, #655, #2692, .T. ) ;
#2178 = DIRECTION ( 'NONE',  ( 0.000000000000000000, -1.000000000000000000, 0.000000000000000000 ) ) ;
#2179 = ORIENTED_EDGE ( 'NONE', *, *, #1803, .F. ) ;
#2180 = VECTOR ( 'NONE', #1410, 1000.000000000000000 ) ;
#2181 = DIRECTION ( 'NONE',  ( 0.000000000000000000, 0.000000000000000000, 1.000000000000000000 ) ) ;
#2182 = EDGE_LOOP ( 'NONE', ( #2149, #699, #686, #1888 ) ) ;
#2183 = CARTESIAN_POINT ( 'NONE',  ( 80.00000000000000000, 60.00000000000000000, -20.29999999999999716 ) ) ;
#2184 = EDGE_LOOP ( 'NONE', ( #614, #2775, #1373, #2734 ) ) ;
#2185 = CARTESIAN_POINT ( 'NONE',  ( 70.00000000000000000, 60.00099999999999767, -18.69999999999999929 ) ) ;
#2186 = DIRECTION ( 'NONE',  ( -0.000000000000000000, -0.000000000000000000, -1.000000000000000000 ) ) ;
#2187 = AXIS2_PLACEMENT_3D ( 'NONE', #2756, #681, #16 ) ;
#2188 = DIRECTION ( 'NONE',  ( 0.000000000000000000, 0.000000000000000000, 1.000000000000000000 ) ) ;
#2189 = EDGE_CURVE ( 'NONE', #2556, #974, #2475, .T. ) ;
#2190 = CARTESIAN_POINT ( 'NONE',  ( -80.00000000000000000, 60.00099999999999767, -18.70000000000000284 ) ) ;
#2191 = VECTOR ( 'NONE', #1451, 1000.000000000000000 ) ;
#2192 = DIRECTION ( 'NONE',  ( -0.000000000000000000, -0.000000000000000000, 1.000000000000000000 ) ) ;
#2193 = AXIS2_PLACEMENT_3D ( 'NONE', #2032, #446, #2247 ) ;
#2194 = DIRECTION ( 'NONE',  ( 0.000000000000000000, 0.000000000000000000, -1.000000000000000000 ) ) ;
#2195 = ORIENTED_EDGE ( 'NONE', *, *, #1457, .T. ) ;
#2196 = CARTESIAN_POINT ( 'NONE',  ( 88.00000000000000000, -57.99999999999999289, -23.00000000000000000 ) ) ;
#2197 = VECTOR ( 'NONE', #1066, 1000.000000000000000 ) ;
#2198 = ORIENTED_EDGE ( 'NONE', *, *, #646, .F. ) ;
#2199 = PRODUCT ( 'epaper-screen-2', 'epaper-screen-2', '', ( #1786 ) ) ;
#2200 = ADVANCED_FACE ( 'NONE', ( #1181 ), #2810, .F. ) ;
#2201 = FACE_OUTER_BOUND ( 'NONE', #1218, .T. ) ;
#2202 = CIRCLE ( 'NONE', #2533, 0.5000000000000004441 ) ;
#2203 = EDGE_LOOP ( 'NONE', ( #1286, #1821, #518, #554, #2127, #2682, #2884, #748 ) ) ;
#2204 = CARTESIAN_POINT ( 'NONE',  ( -82.00000000000001421, -46.00000000000000000, 0.000000000000000000 ) ) ;
#2205 = VECTOR ( 'NONE', #2148, 1000.000000000000000 ) ;
#2206 = ORIENTED_EDGE ( 'NONE', *, *, #1138, .F. ) ;
#2207 = ORIENTED_EDGE ( 'NONE', *, *, #2430, .F. ) ;
#2208 = LINE ( 'NONE', #1305, #818 ) ;
#2209 = CYLINDRICAL_SURFACE ( 'NONE', #2045, 2.000000000000001776 ) ;
#2210 = AXIS2_PLACEMENT_3D ( 'NONE', #423, #2021, #1561 ) ;
#2211 = DIRECTION ( 'NONE',  ( 1.182766006347823109E-16, 1.000000000000000000, 0.000000000000000000 ) ) ;
#2212 = EDGE_CURVE ( 'NONE', #515, #2948, #2719, .T. ) ;
#2213 = DIRECTION ( 'NONE',  ( -0.000000000000000000, -0.000000000000000000, -1.000000000000000000 ) ) ;
#2214 = EDGE_CURVE ( 'NONE', #974, #1829, #1229, .T. ) ;
#2215 = DIRECTION ( 'NONE',  ( 1.000000000000000000, 0.000000000000000000, 0.000000000000000000 ) ) ;
#2216 = ORIENTED_EDGE ( 'NONE', *, *, #2779, .T. ) ;
#2217 = CIRCLE ( 'NONE', #1020, 0.8999999999999980238 ) ;
#2218 = DIRECTION ( 'NONE',  ( 0.000000000000000000, 0.000000000000000000, 1.000000000000000000 ) ) ;
#2219 = DIRECTION ( 'NONE',  ( -1.000000000000000000, 0.000000000000000000, 0.000000000000000000 ) ) ;
#2220 = LINE ( 'NONE', #1081, #2681 ) ;
#2221 = CARTESIAN_POINT ( 'NONE',  ( 80.00000000000000000, 60.00099999999999767, -18.70000000000000284 ) ) ;
#2222 = CIRCLE ( 'NONE', #302, 0.9999999999999983347 ) ;
#2223 = VERTEX_POINT ( 'NONE', #503 ) ;
#2224 = CIRCLE ( 'NONE', #932, 0.5000000000000004441 ) ;
#2225 = CARTESIAN_POINT ( 'NONE',  ( 90.00000000000000000, -57.99999999999999289, 2.000000000000000000 ) ) ;
#2226 = DIRECTION ( 'NONE',  ( -0.000000000000000000, -0.000000000000000000, -1.000000000000000000 ) ) ;
#2227 = CARTESIAN_POINT ( 'NONE',  ( -82.00000000000000000, -48.00000000000000000, 0.000000000000000000 ) ) ;
#2228 = CARTESIAN_POINT ( 'NONE',  ( -82.00000000000001421, -46.00000000000000000, 2.000000000000000000 ) ) ;
#2229 = EDGE_CURVE ( 'NONE', #308, #1461, #659, .T. ) ;
#2230 = ORIENTED_EDGE ( 'NONE', *, *, #1294, .F. ) ;
#2231 = AXIS2_PLACEMENT_3D ( 'NONE', #1256, #1788, #1832 ) ;
#2232 = FACE_OUTER_BOUND ( 'NONE', #1840, .T. ) ;
#2233 = VECTOR ( 'NONE', #2912, 1000.000000000000000 ) ;
#2234 = VECTOR ( 'NONE', #1289, 1000.000000000000000 ) ;
#2235 = EDGE_CURVE ( 'NONE', #260, #1630, #1002, .T. ) ;
#2236 = DIRECTION ( 'NONE',  ( -1.000000000000000000, 2.392722035830078479E-16, -0.000000000000000000 ) ) ;
#2237 = CARTESIAN_POINT ( 'NONE',  ( -89.00000000000000000, 57.99999999999997868, -24.00000000000000000 ) ) ;
#2238 = LINE ( 'NONE', #2185, #147 ) ;
#2239 = ORIENTED_EDGE ( 'NONE', *, *, #220, .T. ) ;
#2240 = DIRECTION ( 'NONE',  ( 0.000000000000000000, 0.000000000000000000, 1.000000000000000000 ) ) ;
#2241 = EDGE_CURVE ( 'NONE', #2167, #455, #2334, .T. ) ;
#2242 = FACE_OUTER_BOUND ( 'NONE', #1044, .T. ) ;
#2243 = DIRECTION ( 'NONE',  ( 0.000000000000000000, -1.000000000000000000, 0.000000000000000000 ) ) ;
#2244 = AXIS2_PLACEMENT_3D ( 'NONE', #2647, #2424, #2166 ) ;
#2245 = CARTESIAN_POINT ( 'NONE',  ( 90.00100000000003320, -25.00000000000002132, -14.20000000000000462 ) ) ;
#2246 = EDGE_LOOP ( 'NONE', ( #2379, #1844, #581, #143 ) ) ;
#2247 = DIRECTION ( 'NONE',  ( -1.000000000000000000, 0.000000000000000000, 0.000000000000000000 ) ) ;
#2248 = AXIS2_PLACEMENT_3D ( 'NONE', #653, #2035, #1343 ) ;
#2250 = ADVANCED_FACE ( 'NONE', ( #990 ), #2603, .T. ) ;
#2249 = DIRECTION ( 'NONE',  ( -0.000000000000000000, -0.000000000000000000, -1.000000000000000000 ) ) ;
#2251 = CARTESIAN_POINT ( 'NONE',  ( 4.099999999999992539, -58.00000000000001421, -20.30000000000000426 ) ) ;
#2252 = FACE_OUTER_BOUND ( 'NONE', #727, .T. ) ;
#2253 = ADVANCED_FACE ( 'NONE', ( #725 ), #1463, .F. ) ;
#2254 = EDGE_LOOP ( 'NONE', ( #1663, #2635, #1280, #2260 ) ) ;
#2255 = FACE_OUTER_BOUND ( 'NONE', #71, .T. ) ;
#2256 = AXIS2_PLACEMENT_3D ( 'NONE', #1789, #1132, #2957 ) ;
#2257 = LINE ( 'NONE', #188, #1846 ) ;
#2258 = DIRECTION ( 'NONE',  ( 0.000000000000000000, 0.000000000000000000, 1.000000000000000000 ) ) ;
#2259 = CARTESIAN_POINT ( 'NONE',  ( 88.00000000000001421, -19.00000000000002132, -6.000000000000000888 ) ) ;
#2260 = ORIENTED_EDGE ( 'NONE', *, *, #2344, .F. ) ;
#2261 = CARTESIAN_POINT ( 'NONE',  ( -89.00000000000000000, -57.99999999999997868, 1.000000000000000000 ) ) ;
#2262 = AXIS2_PLACEMENT_3D ( 'NONE', #1349, #1363, #2671 ) ;
#2263 = AXIS2_PLACEMENT_3D ( 'NONE', #1649, #1695, #2578 ) ;
#2264 = ORIENTED_EDGE ( 'NONE', *, *, #970, .F. ) ;
#2265 = LINE ( 'NONE', #2491, #2142 ) ;
#2266 = FACE_OUTER_BOUND ( 'NONE', #2606, .T. ) ;
#2267 = VERTEX_POINT ( 'NONE', #1894 ) ;
#2268 =( NAMED_UNIT ( * ) PLANE_ANGLE_UNIT ( ) SI_UNIT ( $, .RADIAN. ) );
#2269 = DIRECTION ( 'NONE',  ( 0.000000000000000000, 0.000000000000000000, -1.000000000000000000 ) ) ;
#2270 = DIRECTION ( 'NONE',  ( -0.000000000000000000, -0.000000000000000000, -1.000000000000000000 ) ) ;
#2271 = DIRECTION ( 'NONE',  ( -1.000000000000000000, 0.000000000000000000, 0.000000000000000000 ) ) ;
#2272 = ORIENTED_EDGE ( 'NONE', *, *, #1055, .F. ) ;
#2273 = FACE_OUTER_BOUND ( 'NONE', #2570, .T. ) ;
#2274 = LINE ( 'NONE', #2003, #1200 ) ;
#2275 = LINE ( 'NONE', #2306, #124 ) ;
#2276 = PLANE ( 'NONE',  #1135 ) ;
#2277 = VERTEX_POINT ( 'NONE', #548 ) ;
#2278 = DIRECTION ( 'NONE',  ( 1.000000000000000000, -2.392722035830078479E-16, 0.000000000000000000 ) ) ;
#2279 = CARTESIAN_POINT ( 'NONE',  ( 90.00100000000003320, -0.8000000000000221378, -13.00000000000000178 ) ) ;
#2280 = EDGE_CURVE ( 'NONE', #2967, #376, #758, .T. ) ;
#2281 = EDGE_CURVE ( 'NONE', #1465, #844, #793, .T. ) ;
#2282 = DIRECTION ( 'NONE',  ( -1.000000000000000000, 0.000000000000000000, 0.000000000000000000 ) ) ;
#2283 = DIRECTION ( 'NONE',  ( 0.000000000000000000, 0.000000000000000000, 1.000000000000000000 ) ) ;
#2284 = EDGE_LOOP ( 'NONE', ( #934, #2091, #1978, #198 ) ) ;
#2285 = CARTESIAN_POINT ( 'NONE',  ( 90.00100000000001899, -50.20000000000002416, -14.20000000000000462 ) ) ;
#2286 = ORIENTED_EDGE ( 'NONE', *, *, #2171, .F. ) ;
#2287 = AXIS2_PLACEMENT_3D ( 'NONE', #314, #1871, #1021 ) ;
#2288 = DIRECTION ( 'NONE',  ( -0.000000000000000000, 1.000000000000000000, -0.000000000000000000 ) ) ;
#2289 = CARTESIAN_POINT ( 'NONE',  ( 89.00000000000000000, -57.99999999999999289, -24.00000000000000000 ) ) ;
#2290 = VERTEX_POINT ( 'NONE', #1852 ) ;
#2291 = ORIENTED_EDGE ( 'NONE', *, *, #822, .F. ) ;
#2292 = ORIENTED_EDGE ( 'NONE', *, *, #1433, .F. ) ;
#2293 = ORIENTED_EDGE ( 'NONE', *, *, #1704, .T. ) ;
#2294 = CARTESIAN_POINT ( 'NONE',  ( 88.00000000000000000, 58.00000000000000000, 0.000000000000000000 ) ) ;
#2295 = VECTOR ( 'NONE', #1178, 1000.000000000000000 ) ;
#2296 = CARTESIAN_POINT ( 'NONE',  ( 70.00000000000000000, 58.00000000000000000, -20.30000000000000071 ) ) ;
#2297 = CLOSED_SHELL ( 'NONE', ( #1273, #992, #521, #1058, #2073, #151, #246, #2346, #792, #204, #1111, #110, #2615, #1094, #989, #767, #1237, #2518, #2907, #1281, #1308, #1864, #2250, #213, #1077, #1131, #2905, #451, #1189, #1512, #317, #1364, #2962, #2832, #2787, #1516, #1361, #1422, #874, #1149, #649, #2657, #801, #931, #2470, #2669, #2850, #1933, #1290, #2200, #128, #1360, #2435, #1232, #1988, #586, #430, #1734, #1738, #402, #2686, #2172, #2955, #509, #245, #399, #597, #1768, #131, #203, #2813, #645, #579, #2743, #785, #2970, #60, #1682, #1420, #1185, #1267, #2574, #1160, #2048, #2377, #783, #738, #1091, #2134, #2082, #2253 ) ) ;
#2298 = EDGE_CURVE ( 'NONE', #1019, #1851, #1127, .T. ) ;
#2299 = CARTESIAN_POINT ( 'NONE',  ( 79.10000000000000853, 60.00000000000000000, -21.19999999999999929 ) ) ;
#2300 = ORIENTED_EDGE ( 'NONE', *, *, #2025, .T. ) ;
#2301 = LINE ( 'NONE', #1807, #2100 ) ;
#2302 = EDGE_CURVE ( 'NONE', #2365, #2727, #2784, .T. ) ;
#2303 = ORIENTED_EDGE ( 'NONE', *, *, #702, .F. ) ;
#2304 = ORIENTED_EDGE ( 'NONE', *, *, #363, .T. ) ;
#2305 = DIRECTION ( 'NONE',  ( 1.000000000000000000, 0.000000000000000000, 0.000000000000000000 ) ) ;
#2306 = CARTESIAN_POINT ( 'NONE',  ( 4.999999999999990230, -60.00000000000000000, -20.30000000000000426 ) ) ;
#2307 = CARTESIAN_POINT ( 'NONE',  ( 4.099999999999992539, -60.00000000000000000, -18.69999999999999929 ) ) ;
#2308 = AXIS2_PLACEMENT_3D ( 'NONE', #1483, #732, #2158 ) ;
#2309 = VERTEX_POINT ( 'NONE', #2584 ) ;
#2310 = ORIENTED_EDGE ( 'NONE', *, *, #170, .F. ) ;
#2311 = CARTESIAN_POINT ( 'NONE',  ( 79.10000000000000853, 60.00099999999999767, -21.19999999999999929 ) ) ;
#2312 = EDGE_CURVE ( 'NONE', #2126, #898, #411, .T. ) ;
#2313 = CARTESIAN_POINT ( 'NONE',  ( -4.100000000000007638, -58.00000000000001421, -21.19999999999999929 ) ) ;
#2314 = DIRECTION ( 'NONE',  ( -0.000000000000000000, -1.000000000000000000, -0.000000000000000000 ) ) ;
#2315 = DIRECTION ( 'NONE',  ( -0.000000000000000000, 1.000000000000000000, -0.000000000000000000 ) ) ;
#2316 = ORIENTED_EDGE ( 'NONE', *, *, #2739, .T. ) ;
#2317 = DIRECTION ( 'NONE',  ( -0.000000000000000000, 1.000000000000000000, -0.000000000000000000 ) ) ;
#2318 = ORIENTED_EDGE ( 'NONE', *, *, #2469, .T. ) ;
#2319 = DIRECTION ( 'NONE',  ( 0.000000000000000000, -0.000000000000000000, 1.000000000000000000 ) ) ;
#2320 = LINE ( 'NONE', #1915, #1667 ) ;
#2321 = DIRECTION ( 'NONE',  ( 1.000000000000000000, 0.000000000000000000, 0.000000000000000000 ) ) ;
#2322 = EDGE_CURVE ( 'NONE', #740, #2371, #1316, .T. ) ;
#2323 = EDGE_LOOP ( 'NONE', ( #1421, #1837 ) ) ;
#2324 = VERTEX_POINT ( 'NONE', #1912 ) ;
#2325 = DIRECTION ( 'NONE',  ( -0.000000000000000000, -0.000000000000000000, -1.000000000000000000 ) ) ;
#2326 = AXIS2_PLACEMENT_3D ( 'NONE', #604, #2213, #100 ) ;
#2327 = VERTEX_POINT ( 'NONE', #1196 ) ;
#2328 = CIRCLE ( 'NONE', #1036, 0.5000000000000004441 ) ;
#2329 = VECTOR ( 'NONE', #721, 1000.000000000000000 ) ;
#2330 = DIRECTION ( 'NONE',  ( -1.000000000000000000, 1.269309860470834724E-16, 0.000000000000000000 ) ) ;
#2331 = DIRECTION ( 'NONE',  ( 1.000000000000000000, -2.392722035830078479E-16, 0.000000000000000000 ) ) ;
#2332 = CARTESIAN_POINT ( 'NONE',  ( -90.00000000000000000, -57.99999999999997868, 2.000000000000000000 ) ) ;
#2333 = ORIENTED_EDGE ( 'NONE', *, *, #488, .F. ) ;
#2334 = LINE ( 'NONE', #1624, #1669 ) ;
#2335 = ORIENTED_EDGE ( 'NONE', *, *, #436, .T. ) ;
#2336 = DIRECTION ( 'NONE',  ( 0.000000000000000000, 0.000000000000000000, 1.000000000000000000 ) ) ;
#2337 = ORIENTED_EDGE ( 'NONE', *, *, #2489, .T. ) ;
#2338 = EDGE_CURVE ( 'NONE', #2309, #1815, #2107, .T. ) ;
#2339 = AXIS2_PLACEMENT_3D ( 'NONE', #1927, #778, #1645 ) ;
#2340 = EDGE_CURVE ( 'NONE', #1469, #2165, #456, .T. ) ;
#2341 = ORIENTED_EDGE ( 'NONE', *, *, #2684, .T. ) ;
#2342 = ORIENTED_EDGE ( 'NONE', *, *, #2909, .T. ) ;
#2343 = CARTESIAN_POINT ( 'NONE',  ( 87.99999999999998579, -59.00000000000000000, -24.00000000000000000 ) ) ;
#2344 = EDGE_CURVE ( 'NONE', #2703, #86, #2569, .T. ) ;
#2345 = VECTOR ( 'NONE', #1325, 1000.000000000000000 ) ;
#2346 = ADVANCED_FACE ( 'NONE', ( #1952 ), #1795, .T. ) ;
#2347 = DIRECTION ( 'NONE',  ( 1.000000000000000000, 0.000000000000000000, 0.000000000000000000 ) ) ;
#2348 = AXIS2_PLACEMENT_3D ( 'NONE', #1577, #1552, #2283 ) ;
#2349 = DIRECTION ( 'NONE',  ( -1.000000000000000000, 2.392722035830078479E-16, 0.000000000000000000 ) ) ;
#2350 = VERTEX_POINT ( 'NONE', #1042 ) ;
#2351 = CARTESIAN_POINT ( 'NONE',  ( -90.00000000000000000, 1.500000000000000000, -10.00000000000000000 ) ) ;
#2352 = AXIS2_PLACEMENT_3D ( 'NONE', #2679, #394, #1301 ) ;
#2353 = VERTEX_POINT ( 'NONE', #369 ) ;
#2354 = LINE ( 'NONE', #1235, #2913 ) ;
#2355 = VECTOR ( 'NONE', #2481, 1000.000000000000000 ) ;
#2356 = ORIENTED_EDGE ( 'NONE', *, *, #2926, .F. ) ;
#2357 = ORIENTED_EDGE ( 'NONE', *, *, #2189, .T. ) ;
#2358 = PLANE ( 'NONE',  #2067 ) ;
#2359 = ORIENTED_EDGE ( 'NONE', *, *, #1751, .F. ) ;
#2360 = EDGE_CURVE ( 'NONE', #1919, #1065, #2393, .T. ) ;
#2361 = AXIS2_PLACEMENT_3D ( 'NONE', #172, #843, #1977 ) ;
#2362 = CYLINDRICAL_SURFACE ( 'NONE', #552, 0.5000000000000004441 ) ;
#2363 = EDGE_CURVE ( 'NONE', #328, #1733, #1522, .T. ) ;
#2364 = FACE_BOUND ( 'NONE', #445, .T. ) ;
#2365 = VERTEX_POINT ( 'NONE', #788 ) ;
#2366 = CARTESIAN_POINT ( 'NONE',  ( -88.00000000000001421, -58.00000000000000000, -24.00000000000000000 ) ) ;
#2367 = CIRCLE ( 'NONE', #2074, 0.8000000000000012657 ) ;
#2368 = ORIENTED_EDGE ( 'NONE', *, *, #890, .F. ) ;
#2369 = CYLINDRICAL_SURFACE ( 'NONE', #2339, 0.8999999999999980238 ) ;
#2370 = VERTEX_POINT ( 'NONE', #1537 ) ;
#2371 = VERTEX_POINT ( 'NONE', #1274 ) ;
#2372 = ORIENTED_EDGE ( 'NONE', *, *, #646, .T. ) ;
#2373 = FACE_OUTER_BOUND ( 'NONE', #511, .T. ) ;
#2374 = ORIENTED_EDGE ( 'NONE', *, *, #2779, .F. ) ;
#2375 = FACE_OUTER_BOUND ( 'NONE', #489, .T. ) ;
#2376 = CIRCLE ( 'NONE', #2420, 2.000000000000001776 ) ;
#2377 = ADVANCED_FACE ( 'NONE', ( #1969 ), #2866, .F. ) ;
#2378 = DIRECTION ( 'NONE',  ( 0.000000000000000000, 0.000000000000000000, -1.000000000000000000 ) ) ;
#2379 = ORIENTED_EDGE ( 'NONE', *, *, #1770, .T. ) ;
#2380 = EDGE_CURVE ( 'NONE', #2290, #331, #341, .T. ) ;
#2381 = CARTESIAN_POINT ( 'NONE',  ( 90.00100000000003320, -18.00000000000002132, -12.00000000000000000 ) ) ;
#2382 = VERTEX_POINT ( 'NONE', #2616 ) ;
#2383 = PLANE ( 'NONE',  #2484 ) ;
#2384 = VERTEX_POINT ( 'NONE', #817 ) ;
#2385 =( GEOMETRIC_REPRESENTATION_CONTEXT ( 3 ) GLOBAL_UNCERTAINTY_ASSIGNED_CONTEXT ( ( #1427 ) ) GLOBAL_UNIT_ASSIGNED_CONTEXT ( ( #981, #1419, #281 ) ) REPRESENTATION_CONTEXT ( 'NONE', 'WORKASPACE' ) );
#2386 = DIRECTION ( 'NONE',  ( -0.000000000000000000, 1.000000000000000000, -0.000000000000000000 ) ) ;
#2387 = ORIENTED_EDGE ( 'NONE', *, *, #2891, .T. ) ;
#2388 = EDGE_LOOP ( 'NONE', ( #1616, #1096, #522, #2195 ) ) ;
#2389 = DIRECTION ( 'NONE',  ( 1.000000000000000000, 0.000000000000000000, 0.000000000000000000 ) ) ;
#2390 = VECTOR ( 'NONE', #1747, 1000.000000000000000 ) ;
#2391 = CARTESIAN_POINT ( 'NONE',  ( -88.00000000000001421, -58.00000000000000000, -24.00000000000000000 ) ) ;
#2392 = DIRECTION ( 'NONE',  ( 0.000000000000000000, 0.000000000000000000, -1.000000000000000000 ) ) ;
#2393 = LINE ( 'NONE', #2852, #1937 ) ;
#2394 = CARTESIAN_POINT ( 'NONE',  ( 88.00000000000000000, -50.20000000000002416, -15.00000000000000533 ) ) ;
#2395 = EDGE_CURVE ( 'NONE', #1964, #762, #2438, .T. ) ;
#2396 = EDGE_LOOP ( 'NONE', ( #555, #2725, #316, #158 ) ) ;
#2397 = AXIS2_PLACEMENT_3D ( 'NONE', #1760, #2674, #1716 ) ;
#2398 = DIRECTION ( 'NONE',  ( -1.000000000000000000, 0.000000000000000000, 0.000000000000000000 ) ) ;
#2399 = EDGE_CURVE ( 'NONE', #829, #1330, #130, .T. ) ;
#2400 = DIRECTION ( 'NONE',  ( -0.000000000000000000, -0.000000000000000000, -1.000000000000000000 ) ) ;
#2401 = VERTEX_POINT ( 'NONE', #149 ) ;
#2402 = CARTESIAN_POINT ( 'NONE',  ( -88.00000000000001421, -58.00000000000000000, -24.00000000000000000 ) ) ;
#2403 = FACE_OUTER_BOUND ( 'NONE', #2648, .T. ) ;
#2404 = AXIS2_PLACEMENT_3D ( 'NONE', #541, #1920, #2389 ) ;
#2405 = DIRECTION ( 'NONE',  ( 1.000000000000000000, 6.938893903907222067E-15, 0.000000000000000000 ) ) ;
#2406 = DIRECTION ( 'NONE',  ( -0.000000000000000000, 1.000000000000000000, -0.000000000000000000 ) ) ;
#2407 = VECTOR ( 'NONE', #2838, 1000.000000000000000 ) ;
#2408 = LINE ( 'NONE', #2617, #2205 ) ;
#2409 = ORIENTED_EDGE ( 'NONE', *, *, #1216, .F. ) ;
#2410 = DIRECTION ( 'NONE',  ( -0.000000000000000000, -1.000000000000000000, -0.000000000000000000 ) ) ;
#2411 = ORIENTED_EDGE ( 'NONE', *, *, #2887, .F. ) ;
#2412 = DIRECTION ( 'NONE',  ( -2.392722035830078479E-16, -1.000000000000000000, 0.000000000000000000 ) ) ;
#2413 = EDGE_LOOP ( 'NONE', ( #2291, #1858, #295, #36, #2146, #2106, #2486, #2292 ) ) ;
#2414 = CARTESIAN_POINT ( 'NONE',  ( -84.00000000000000000, 51.99999999999998579, 2.001000000000000334 ) ) ;
#2415 = EDGE_CURVE ( 'NONE', #376, #2353, #1245, .T. ) ;
#2416 = LINE ( 'NONE', #2225, #916 ) ;
#2417 = DIRECTION ( 'NONE',  ( -1.000000000000000000, 0.000000000000000000, 0.000000000000000000 ) ) ;
#2418 = CARTESIAN_POINT ( 'NONE',  ( -84.00000000000000000, 51.99999999999998579, 2.001000000000000334 ) ) ;
#2419 = DIRECTION ( 'NONE',  ( -1.000000000000000000, 1.182766006347823109E-16, 0.000000000000000000 ) ) ;
#2420 = AXIS2_PLACEMENT_3D ( 'NONE', #888, #660, #2282 ) ;
#2421 = DIRECTION ( 'NONE',  ( 0.000000000000000000, 0.000000000000000000, -1.000000000000000000 ) ) ;
#2422 = ORIENTED_EDGE ( 'NONE', *, *, #20, .F. ) ;
#2423 = CIRCLE ( 'NONE', #1797, 0.5000000000000008882 ) ;
#2424 = DIRECTION ( 'NONE',  ( -0.000000000000000000, 1.000000000000000000, -0.000000000000000000 ) ) ;
#2425 = ORIENTED_EDGE ( 'NONE', *, *, #630, .T. ) ;
#2426 = DIRECTION ( 'NONE',  ( -1.000000000000000000, 0.000000000000000000, 0.000000000000000000 ) ) ;
#2427 = EDGE_LOOP ( 'NONE', ( #1417, #1489, #1284, #461 ) ) ;
#2428 = CARTESIAN_POINT ( 'NONE',  ( 90.00000000000000000, -25.80000000000002558, -14.20000000000000462 ) ) ;
#2429 = VECTOR ( 'NONE', #1405, 1000.000000000000000 ) ;
#2430 = EDGE_CURVE ( 'NONE', #2703, #760, #2643, .T. ) ;
#2431 = EDGE_CURVE ( 'NONE', #1867, #1919, #2900, .T. ) ;
#2432 = VERTEX_POINT ( 'NONE', #385 ) ;
#2433 = CARTESIAN_POINT ( 'NONE',  ( 87.99999999999998579, 60.00000000000000000, 2.000000000000000000 ) ) ;
#2434 = DIRECTION ( 'NONE',  ( -1.000000000000000000, 0.000000000000000000, 0.000000000000000000 ) ) ;
#2435 = ADVANCED_FACE ( 'NONE', ( #1293 ), #1074, .F. ) ;
#2436 = DIRECTION ( 'NONE',  ( -1.000000000000000000, 0.000000000000000000, -0.000000000000000000 ) ) ;
#2437 = AXIS2_PLACEMENT_3D ( 'NONE', #2196, #2889, #103 ) ;
#2438 = LINE ( 'NONE', #1728, #1653 ) ;
#2439 = AXIS2_PLACEMENT_3D ( 'NONE', #2261, #1354, #664 ) ;
#2440 = CARTESIAN_POINT ( 'NONE',  ( -88.00000000000000000, -57.99999999999999289, -23.00000000000000000 ) ) ;
#2441 = EDGE_CURVE ( 'NONE', #2277, #762, #573, .T. ) ;
#2442 = ORIENTED_EDGE ( 'NONE', *, *, #309, .T. ) ;
#2443 = CARTESIAN_POINT ( 'NONE',  ( -88.00000000000000000, 58.00000000000000000, 0.000000000000000000 ) ) ;
#2444 = CARTESIAN_POINT ( 'NONE',  ( -90.00000000000000000, -1.500000000000000000, -9.500000000000000000 ) ) ;
#2445 = VECTOR ( 'NONE', #1638, 1000.000000000000000 ) ;
#2446 = PLANE ( 'NONE',  #2352 ) ;
#2447 = CARTESIAN_POINT ( 'NONE',  ( -82.00000000000000000, 52.00000000000000000, 2.000000000000000000 ) ) ;
#2448 = AXIS2_PLACEMENT_3D ( 'NONE', #611, #1582, #1529 ) ;
#2449 = VERTEX_POINT ( 'NONE', #1759 ) ;
#2450 = PLANE ( 'NONE',  #772 ) ;
#2451 = STYLED_ITEM ( 'NONE', ( #2531 ), #1260 ) ;
#2452 = EDGE_CURVE ( 'NONE', #2568, #31, #1845, .T. ) ;
#2453 = CARTESIAN_POINT ( 'NONE',  ( 88.00000000000000000, 57.99999999999999289, 1.000000000000000000 ) ) ;
#2454 = VECTOR ( 'NONE', #1635, 1000.000000000000000 ) ;
#2455 = DIRECTION ( 'NONE',  ( 0.000000000000000000, 0.000000000000000000, -1.000000000000000000 ) ) ;
#2456 = EDGE_CURVE ( 'NONE', #1201, #655, #355, .T. ) ;
#2457 = AXIS2_PLACEMENT_3D ( 'NONE', #1632, #1188, #1798 ) ;
#2458 = VECTOR ( 'NONE', #412, 1000.000000000000000 ) ;
#2459 = CARTESIAN_POINT ( 'NONE',  ( -40.00000000000000000, 58.00000000000000000, -20.00000000000000000 ) ) ;
#2460 = ORIENTED_EDGE ( 'NONE', *, *, #840, .T. ) ;
#2461 = CARTESIAN_POINT ( 'NONE',  ( -88.00000000000000000, 58.00000000000000000, -24.00000000000000000 ) ) ;
#2462 = CARTESIAN_POINT ( 'NONE',  ( -87.99999999999998579, -59.00000000000000000, 2.000000000000000000 ) ) ;
#2463 = DIRECTION ( 'NONE',  ( 1.000000000000000000, -0.000000000000000000, -0.000000000000000000 ) ) ;
#2464 = CYLINDRICAL_SURFACE ( 'NONE', #629, 2.000000000000001776 ) ;
#2465 = ORIENTED_EDGE ( 'NONE', *, *, #170, .T. ) ;
#2466 = FACE_OUTER_BOUND ( 'NONE', #1088, .T. ) ;
#2467 = DIRECTION ( 'NONE',  ( -0.000000000000000000, -1.000000000000000000, -0.000000000000000000 ) ) ;
#2468 = DIRECTION ( 'NONE',  ( 0.000000000000000000, 0.000000000000000000, 1.000000000000000000 ) ) ;
#2469 = EDGE_CURVE ( 'NONE', #480, #844, #1017, .T. ) ;
#2470 = ADVANCED_FACE ( 'NONE', ( #1699 ), #561, .F. ) ;
#2471 = DIRECTION ( 'NONE',  ( -1.000000000000000000, 2.392722035830078479E-16, -0.000000000000000000 ) ) ;
#2472 = EDGE_LOOP ( 'NONE', ( #404, #1450, #1202, #2767, #2109, #2198, #122, #474 ) ) ;
#2473 = EDGE_CURVE ( 'NONE', #384, #2556, #2376, .T. ) ;
#2474 = AXIS2_PLACEMENT_3D ( 'NONE', #1882, #737, #1657 ) ;
#2475 = LINE ( 'NONE', #418, #2345 ) ;
#2476 = VECTOR ( 'NONE', #2467, 1000.000000000000000 ) ;
#2477 = AXIS2_PLACEMENT_3D ( 'NONE', #272, #938, #2331 ) ;
#2478 = CARTESIAN_POINT ( 'NONE',  ( 90.00000000000000000, -18.00000000000002132, -12.00000000000000000 ) ) ;
#2479 = DIRECTION ( 'NONE',  ( 0.000000000000000000, 0.000000000000000000, 1.000000000000000000 ) ) ;
#2480 = EDGE_LOOP ( 'NONE', ( #917, #59, #795, #94 ) ) ;
#2481 = DIRECTION ( 'NONE',  ( -0.000000000000000000, -0.000000000000000000, -1.000000000000000000 ) ) ;
#2482 = FACE_OUTER_BOUND ( 'NONE', #2284, .T. ) ;
#2483 = LINE ( 'NONE', #2941, #2609 ) ;
#2484 = AXIS2_PLACEMENT_3D ( 'NONE', #742, #1660, #63 ) ;
#2485 = LINE ( 'NONE', #427, #2780 ) ;
#2486 = ORIENTED_EDGE ( 'NONE', *, *, #168, .F. ) ;
#2487 = DIRECTION ( 'NONE',  ( 1.416100796715761356E-16, 1.000000000000000000, -0.000000000000000000 ) ) ;
#2488 = AXIS2_PLACEMENT_3D ( 'NONE', #2049, #2946, #893 ) ;
#2489 = EDGE_CURVE ( 'NONE', #1610, #1564, #2043, .T. ) ;
#2490 = CARTESIAN_POINT ( 'NONE',  ( 89.00000000000000000, 57.99999999999998579, 2.000000000000000000 ) ) ;
#2491 = CARTESIAN_POINT ( 'NONE',  ( 90.00100000000001899, -1.500000000000000000, -9.500000000000000000 ) ) ;
#2492 = CARTESIAN_POINT ( 'NONE',  ( 4.099999999999992539, -60.00000000000000000, -21.19999999999999929 ) ) ;
#2493 = ORIENTED_EDGE ( 'NONE', *, *, #2798, .T. ) ;
#2494 = CARTESIAN_POINT ( 'NONE',  ( 88.00000000000000000, 57.99999999999999289, 2.000000000000000000 ) ) ;
#2495 = CARTESIAN_POINT ( 'NONE',  ( -87.99999999999998579, -59.00000000000000000, 1.000000000000000000 ) ) ;
#2496 = AXIS2_PLACEMENT_3D ( 'NONE', #1071, #1084, #1981 ) ;
#2497 = CARTESIAN_POINT ( 'NONE',  ( 4.099999999999992539, -60.00100000000002609, -21.19999999999999929 ) ) ;
#2498 = FACE_BOUND ( 'NONE', #723, .T. ) ;
#2499 = ORIENTED_EDGE ( 'NONE', *, *, #1204, .F. ) ;
#2500 = CARTESIAN_POINT ( 'NONE',  ( -84.00000000000000000, 51.99999999999998579, 0.000000000000000000 ) ) ;
#2501 = CIRCLE ( 'NONE', #2457, 2.000000000000001776 ) ;
#2502 = DIRECTION ( 'NONE',  ( -0.000000000000000000, -1.000000000000000000, -0.000000000000000000 ) ) ;
#2503 = DIRECTION ( 'NONE',  ( 1.000000000000000000, 0.000000000000000000, 0.000000000000000000 ) ) ;
#2504 = ORIENTED_EDGE ( 'NONE', *, *, #303, .T. ) ;
#2505 = VERTEX_POINT ( 'NONE', #1116 ) ;
#2506 = VERTEX_POINT ( 'NONE', #2688 ) ;
#2507 = DIRECTION ( 'NONE',  ( -1.000000000000000000, -0.000000000000000000, -0.000000000000000000 ) ) ;
#2508 = CARTESIAN_POINT ( 'NONE',  ( 88.00000000000000000, -57.99999999999999289, -24.00000000000000000 ) ) ;
#2509 = CARTESIAN_POINT ( 'NONE',  ( -70.90000000000000568, 58.00000000000000000, -18.70000000000000639 ) ) ;
#2510 = ORIENTED_EDGE ( 'NONE', *, *, #325, .T. ) ;
#2511 = CARTESIAN_POINT ( 'NONE',  ( 88.00000000000001421, -18.00000000000002132, -5.000000000000000888 ) ) ;
#2512 = FACE_OUTER_BOUND ( 'NONE', #2651, .T. ) ;
#2513 = LINE ( 'NONE', #1596, #1636 ) ;
#2514 =( NAMED_UNIT ( * ) PLANE_ANGLE_UNIT ( ) SI_UNIT ( $, .RADIAN. ) );
#2515 = VECTOR ( 'NONE', #1668, 1000.000000000000000 ) ;
#2516 = ORIENTED_EDGE ( 'NONE', *, *, #2923, .T. ) ;
#2517 = EDGE_CURVE ( 'NONE', #1524, #1482, #111, .T. ) ;
#2518 = ADVANCED_FACE ( 'NONE', ( #1575 ), #505, .T. ) ;
#2519 = DIRECTION ( 'NONE',  ( 0.000000000000000000, 0.000000000000000000, 1.000000000000000000 ) ) ;
#2520 = CARTESIAN_POINT ( 'NONE',  ( -70.90000000000000568, 60.00000000000000000, -20.29999999999999716 ) ) ;
#2521 = CARTESIAN_POINT ( 'NONE',  ( -60.00000000000000000, 60.00099999999999767, -20.00000000000000000 ) ) ;
#2522 = VERTEX_POINT ( 'NONE', #2748 ) ;
#2523 = DIRECTION ( 'NONE',  ( -1.000000000000000000, 2.392722035830078479E-16, -0.000000000000000000 ) ) ;
#2524 = ORIENTED_EDGE ( 'NONE', *, *, #311, .T. ) ;
#2525 = AXIS2_PLACEMENT_3D ( 'NONE', #623, #1278, #154 ) ;
#2526 = DIRECTION ( 'NONE',  ( 1.000000000000000000, 0.000000000000000000, 0.000000000000000000 ) ) ;
#2527 = DIRECTION ( 'NONE',  ( -1.000000000000000000, 2.392722035830078479E-16, -0.000000000000000000 ) ) ;
#2528 = CIRCLE ( 'NONE', #1234, 1.000000000000000444 ) ;
#2529 = ORIENTED_EDGE ( 'NONE', *, *, #2867, .T. ) ;
#2530 = ORIENTED_EDGE ( 'NONE', *, *, #1604, .F. ) ;
#2531 = PRESENTATION_STYLE_ASSIGNMENT (( #1617 ) ) ;
#2532 = LINE ( 'NONE', #482, #306 ) ;
#2533 = AXIS2_PLACEMENT_3D ( 'NONE', #2030, #207, #1777 ) ;
#2534 = CARTESIAN_POINT ( 'NONE',  ( 89.00000000000000000, -57.99999999999999289, -23.00000000000000000 ) ) ;
#2535 = LINE ( 'NONE', #58, #862 ) ;
#2536 = VERTEX_POINT ( 'NONE', #189 ) ;
#2537 = DIRECTION ( 'NONE',  ( 0.000000000000000000, 0.000000000000000000, 1.000000000000000000 ) ) ;
#2538 = ORIENTED_EDGE ( 'NONE', *, *, #2816, .T. ) ;
#2539 = CARTESIAN_POINT ( 'NONE',  ( -88.00000000000000000, 58.00000000000000000, -24.00000000000000000 ) ) ;
#2540 = DIRECTION ( 'NONE',  ( -1.000000000000000000, 1.196361017915039239E-16, -0.000000000000000000 ) ) ;
#2541 = CIRCLE ( 'NONE', #2595, 0.8999999999999980238 ) ;
#2542 = ORIENTED_EDGE ( 'NONE', *, *, #2891, .F. ) ;
#2543 = EDGE_LOOP ( 'NONE', ( #507, #698, #1261, #1223 ) ) ;
#2544 = VERTEX_POINT ( 'NONE', #2056 ) ;
#2545 = SURFACE_STYLE_FILL_AREA ( #236 ) ;
#2546 = VERTEX_POINT ( 'NONE', #1337 ) ;
#2547 = AXIS2_PLACEMENT_3D ( 'NONE', #2642, #1460, #129 ) ;
#2548 = ORIENTED_EDGE ( 'NONE', *, *, #1724, .T. ) ;
#2549 = CARTESIAN_POINT ( 'NONE',  ( 90.00100000000003320, -25.80000000000002558, -5.000000000000000888 ) ) ;
#2550 = CARTESIAN_POINT ( 'NONE',  ( -88.00000000000001421, -58.00000000000000000, -24.00000000000000000 ) ) ;
#2551 = CARTESIAN_POINT ( 'NONE',  ( -70.90000000000000568, 58.00000000000000000, -21.19999999999999929 ) ) ;
#2552 = ORIENTED_EDGE ( 'NONE', *, *, #2415, .T. ) ;
#2553 = CARTESIAN_POINT ( 'NONE',  ( -79.10000000000000853, 60.00000000000000000, -18.70000000000000284 ) ) ;
#2554 = EDGE_CURVE ( 'NONE', #2967, #2506, #442, .T. ) ;
#2555 = ORIENTED_EDGE ( 'NONE', *, *, #1345, .T. ) ;
#2556 = VERTEX_POINT ( 'NONE', #905 ) ;
#2557 = DIRECTION ( 'NONE',  ( 0.000000000000000000, 0.000000000000000000, 1.000000000000000000 ) ) ;
#2558 = EDGE_CURVE ( 'NONE', #318, #102, #2699, .T. ) ;
#2559 = VERTEX_POINT ( 'NONE', #1818 ) ;
#2560 = VERTEX_POINT ( 'NONE', #920 ) ;
#2561 = CARTESIAN_POINT ( 'NONE',  ( 88.00000000000001421, -25.80000000000002558, -5.800000000000001599 ) ) ;
#2562 = CIRCLE ( 'NONE', #321, 0.8999999999999980238 ) ;
#2563 = CIRCLE ( 'NONE', #2660, 0.9000000000000023537 ) ;
#2564 = CIRCLE ( 'NONE', #2707, 0.9999999999999974465 ) ;
#2565 = CARTESIAN_POINT ( 'NONE',  ( -1.500000000000000000, -60.00100000000002609, -12.00000000000000000 ) ) ;
#2566 = DIRECTION ( 'NONE',  ( -0.000000000000000000, -1.000000000000000000, -0.000000000000000000 ) ) ;
#2567 = FACE_OUTER_BOUND ( 'NONE', #2761, .T. ) ;
#2568 = VERTEX_POINT ( 'NONE', #2732 ) ;
#2569 = LINE ( 'NONE', #516, #1989 ) ;
#2570 = EDGE_LOOP ( 'NONE', ( #1540, #2493, #2830, #277 ) ) ;
#2571 = ORIENTED_EDGE ( 'NONE', *, *, #2025, .F. ) ;
#2572 = CARTESIAN_POINT ( 'NONE',  ( -79.10000000000000853, 58.00000000000000000, -20.30000000000000426 ) ) ;
#2573 = ORIENTED_EDGE ( 'NONE', *, *, #436, .F. ) ;
#2574 = ADVANCED_FACE ( 'NONE', ( #675 ), #1562, .F. ) ;
#2575 = CIRCLE ( 'NONE', #1763, 1.000000000000000888 ) ;
#2576 = ORIENTED_EDGE ( 'NONE', *, *, #784, .T. ) ;
#2577 = EDGE_LOOP ( 'NONE', ( #2047, #2120, #90, #1357 ) ) ;
#2578 = DIRECTION ( 'NONE',  ( -1.000000000000000000, 0.000000000000000000, 0.000000000000000000 ) ) ;
#2579 = EDGE_CURVE ( 'NONE', #2675, #2309, #2562, .T. ) ;
#2580 = CARTESIAN_POINT ( 'NONE',  ( -87.99999999999998579, -60.00000000000000000, 2.000000000000000000 ) ) ;
#2581 = CIRCLE ( 'NONE', #132, 0.8000000000000012657 ) ;
#2582 = CARTESIAN_POINT ( 'NONE',  ( -88.00000000000000000, 1.500000000000000000, -9.500000000000000000 ) ) ;
#2583 = ORIENTED_EDGE ( 'NONE', *, *, #1619, .F. ) ;
#2584 = CARTESIAN_POINT ( 'NONE',  ( 70.90000000000000568, 58.00000000000000000, -21.19999999999999929 ) ) ;
#2585 = AXIS2_PLACEMENT_3D ( 'NONE', #1745, #2630, #1076 ) ;
#2586 = ORIENTED_EDGE ( 'NONE', *, *, #2632, .F. ) ;
#2587 = ORIENTED_EDGE ( 'NONE', *, *, #1377, .T. ) ;
#2588 = CARTESIAN_POINT ( 'NONE',  ( 80.00000000000000000, 58.00000000000000000, -20.29999999999999716 ) ) ;
#2589 = ORIENTED_EDGE ( 'NONE', *, *, #1991, .F. ) ;
#2590 = CIRCLE ( 'NONE', #1295, 1.000000000000000000 ) ;
#2591 = CIRCLE ( 'NONE', #1634, 1.000000000000000000 ) ;
#2592 = ORIENTED_EDGE ( 'NONE', *, *, #1533, .T. ) ;
#2593 = VERTEX_POINT ( 'NONE', #689 ) ;
#2594 = CARTESIAN_POINT ( 'NONE',  ( -88.00000000000000000, 58.00000000000000000, -24.00000000000000000 ) ) ;
#2595 = AXIS2_PLACEMENT_3D ( 'NONE', #696, #2722, #2772 ) ;
#2596 = EDGE_CURVE ( 'NONE', #2432, #102, #1365, .T. ) ;
#2597 = EDGE_CURVE ( 'NONE', #1264, #2828, #1145, .T. ) ;
#2598 = ORIENTED_EDGE ( 'NONE', *, *, #1581, .F. ) ;
#2599 = CIRCLE ( 'NONE', #726, 2.000000000000001776 ) ;
#2600 = CARTESIAN_POINT ( 'NONE',  ( 90.00000000000000000, -18.00000000000002132, -13.00000000000000000 ) ) ;
#2601 = PLANE ( 'NONE',  #2018 ) ;
#2602 = ORIENTED_EDGE ( 'NONE', *, *, #1987, .T. ) ;
#2603 = CYLINDRICAL_SURFACE ( 'NONE', #1909, 2.000000000000001776 ) ;
#2604 = ORIENTED_EDGE ( 'NONE', *, *, #774, .T. ) ;
#2605 = CARTESIAN_POINT ( 'NONE',  ( 88.00000000000001421, -18.00000000000002132, -12.00000000000000000 ) ) ;
#2606 = EDGE_LOOP ( 'NONE', ( #1813, #1140, #2068, #1884 ) ) ;
#2607 = ORIENTED_EDGE ( 'NONE', *, *, #1895, .T. ) ;
#2608 = CARTESIAN_POINT ( 'NONE',  ( 82.00000000000000000, 51.99999999999997868, 2.000000000000000000 ) ) ;
#2609 = VECTOR ( 'NONE', #1322, 1000.000000000000000 ) ;
#2610 = EDGE_CURVE ( 'NONE', #2350, #2675, #2483, .T. ) ;
#2611 = CARTESIAN_POINT ( 'NONE',  ( 90.00000000000000000, 57.99999999999997868, 1.000000000000000000 ) ) ;
#2612 = EDGE_CURVE ( 'NONE', #983, #1873, #1508, .T. ) ;
#2613 = AXIS2_PLACEMENT_3D ( 'NONE', #146, #2017, #2710 ) ;
#2614 = DIRECTION ( 'NONE',  ( -1.000000000000000000, 0.000000000000000000, 0.000000000000000000 ) ) ;
#2615 = ADVANCED_FACE ( 'NONE', ( #162 ), #1086, .T. ) ;
#2616 = CARTESIAN_POINT ( 'NONE',  ( -88.00000000000000000, -1.500000000000000000, -9.500000000000000000 ) ) ;
#2617 = CARTESIAN_POINT ( 'NONE',  ( -81.99999999999998579, 54.00000000000000000, 2.000000000000000000 ) ) ;
#2618 = ORIENTED_EDGE ( 'NONE', *, *, #1828, .F. ) ;
#2619 = DIRECTION ( 'NONE',  ( 0.000000000000000000, 0.000000000000000000, -1.000000000000000000 ) ) ;
#2620 = VERTEX_POINT ( 'NONE', #1800 ) ;
#2621 = AXIS2_PLACEMENT_3D ( 'NONE', #1123, #1629, #2036 ) ;
#2622 = CARTESIAN_POINT ( 'NONE',  ( 88.00000000000001421, -0.8000000000000216938, -12.00000000000000000 ) ) ;
#2623 = ORIENTED_EDGE ( 'NONE', *, *, #2117, .T. ) ;
#2624 = CARTESIAN_POINT ( 'NONE',  ( -88.00000000000001421, 59.00000000000000000, -24.00000000000000000 ) ) ;
#2625 = CIRCLE ( 'NONE', #2437, 2.000000000000001776 ) ;
#2626 = AXIS2_PLACEMENT_3D ( 'NONE', #2147, #755, #2537 ) ;
#2627 = CARTESIAN_POINT ( 'NONE',  ( -88.00000000000000000, -1.500000000000000000, -10.00000000000000000 ) ) ;
#2628 = CARTESIAN_POINT ( 'NONE',  ( -82.00000000000000000, -48.00000000000000000, 2.001000000000000334 ) ) ;
#2629 = CARTESIAN_POINT ( 'NONE',  ( 4.999999999999988454, -60.00100000000002609, -20.30000000000000426 ) ) ;
#2630 = DIRECTION ( 'NONE',  ( -0.000000000000000000, 1.000000000000000000, -0.000000000000000000 ) ) ;
#2631 = ORIENTED_EDGE ( 'NONE', *, *, #911, .F. ) ;
#2632 = EDGE_CURVE ( 'NONE', #655, #2167, #163, .T. ) ;
#2633 = CIRCLE ( 'NONE', #1288, 0.8999999999999980238 ) ;
#2634 = CARTESIAN_POINT ( 'NONE',  ( 87.99999999999998579, -60.00000000000000000, 1.000000000000000000 ) ) ;
#2635 = ORIENTED_EDGE ( 'NONE', *, *, #2742, .T. ) ;
#2636 = FACE_OUTER_BOUND ( 'NONE', #781, .T. ) ;
#2637 = ORIENTED_EDGE ( 'NONE', *, *, #2344, .T. ) ;
#2638 = CARTESIAN_POINT ( 'NONE',  ( 88.00000000000001421, -25.00000000000002132, -14.20000000000000462 ) ) ;
#2639 = CARTESIAN_POINT ( 'NONE',  ( 4.999999999999993783, -60.00000000000000000, -18.69999999999999929 ) ) ;
#2640 = LINE ( 'NONE', #2656, #2087 ) ;
#2641 = AXIS2_PLACEMENT_3D ( 'NONE', #2561, #1203, #524 ) ;
#2642 = CARTESIAN_POINT ( 'NONE',  ( 90.00100000000003320, -25.80000000000002558, -14.20000000000000462 ) ) ;
#2643 = LINE ( 'NONE', #1744, #364 ) ;
#2644 = AXIS2_PLACEMENT_3D ( 'NONE', #383, #1041, #115 ) ;
#2645 = LINE ( 'NONE', #1018, #1101 ) ;
#2646 = ORIENTED_EDGE ( 'NONE', *, *, #1462, .T. ) ;
#2647 = CARTESIAN_POINT ( 'NONE',  ( 79.10000000000000853, 60.00000000000000000, -20.29999999999999716 ) ) ;
#2648 = EDGE_LOOP ( 'NONE', ( #1702, #1358, #2318, #24 ) ) ;
#2649 = EDGE_CURVE ( 'NONE', #978, #2950, #1891, .T. ) ;
#2650 = LINE ( 'NONE', #866, #2977 ) ;
#2651 = EDGE_LOOP ( 'NONE', ( #497, #663, #1926, #5 ) ) ;
#2652 = CARTESIAN_POINT ( 'NONE',  ( 1.500000000000000000, -60.00100000000002609, -11.50000000000000000 ) ) ;
#2653 = ORIENTED_EDGE ( 'NONE', *, *, #2456, .F. ) ;
#2654 = ORIENTED_EDGE ( 'NONE', *, *, #1895, .F. ) ;
#2655 = CARTESIAN_POINT ( 'NONE',  ( 70.90000000000000568, 60.00000000000000000, -18.69999999999999929 ) ) ;
#2656 = CARTESIAN_POINT ( 'NONE',  ( 4.099999999999992539, -60.00100000000002609, -17.79999999999999716 ) ) ;
#2657 = ADVANCED_FACE ( 'NONE', ( #1445 ), #1849, .F. ) ;
#2658 = LINE ( 'NONE', #2190, #2008 ) ;
#2659 = DIRECTION ( 'NONE',  ( 0.000000000000000000, 0.000000000000000000, 1.000000000000000000 ) ) ;
#2660 = AXIS2_PLACEMENT_3D ( 'NONE', #2940, #218, #903 ) ;
#2661 = VECTOR ( 'NONE', #2954, 1000.000000000000000 ) ;
#2662 = CARTESIAN_POINT ( 'NONE',  ( -79.10000000000000853, 60.00099999999999767, -20.30000000000000426 ) ) ;
#2663 = ORIENTED_EDGE ( 'NONE', *, *, #2869, .T. ) ;
#2664 = LINE ( 'NONE', #2443, #2390 ) ;
#2665 = DIRECTION ( 'NONE',  ( 0.000000000000000000, 0.000000000000000000, 1.000000000000000000 ) ) ;
#2666 = VERTEX_POINT ( 'NONE', #2765 ) ;
#2667 = LINE ( 'NONE', #2652, #2689 ) ;
#2668 = EDGE_LOOP ( 'NONE', ( #343, #2916, #2304, #2789 ) ) ;
#2669 = ADVANCED_FACE ( 'NONE', ( #1908 ), #2362, .F. ) ;
#2670 = CARTESIAN_POINT ( 'NONE',  ( -89.00000000000000000, -57.99999999999997868, -23.00000000000000000 ) ) ;
#2671 = DIRECTION ( 'NONE',  ( -1.000000000000000000, 0.000000000000000000, 0.000000000000000000 ) ) ;
#2672 = AXIS2_PLACEMENT_3D ( 'NONE', #2605, #550, #1986 ) ;
#2673 = CARTESIAN_POINT ( 'NONE',  ( 90.00100000000003320, -19.00000000000002132, -6.000000000000000888 ) ) ;
#2674 = DIRECTION ( 'NONE',  ( 0.000000000000000000, 1.000000000000000000, 0.000000000000000000 ) ) ;
#2675 = VERTEX_POINT ( 'NONE', #2822 ) ;
#2676 = DIRECTION ( 'NONE',  ( 0.000000000000000000, -1.000000000000000000, 0.000000000000000000 ) ) ;
#2677 = LINE ( 'NONE', #624, #1453 ) ;
#2678 = AXIS2_PLACEMENT_3D ( 'NONE', #2865, #2851, #1743 ) ;
#2679 = CARTESIAN_POINT ( 'NONE',  ( 79.10000000000000853, 60.00099999999999767, -17.80000000000000071 ) ) ;
#2680 = CARTESIAN_POINT ( 'NONE',  ( 88.00000000000001421, -25.80000000000002558, -15.00000000000000355 ) ) ;
#2681 = VECTOR ( 'NONE', #625, 1000.000000000000000 ) ;
#2682 = ORIENTED_EDGE ( 'NONE', *, *, #2280, .F. ) ;
#2683 = DIRECTION ( 'NONE',  ( 0.000000000000000000, -0.000000000000000000, 1.000000000000000000 ) ) ;
#2684 = EDGE_CURVE ( 'NONE', #2799, #1454, #986, .T. ) ;
#2685 = EDGE_CURVE ( 'NONE', #1353, #2324, #160, .T. ) ;
#2686 = ADVANCED_FACE ( 'NONE', ( #304 ), #971, .F. ) ;
#2687 = LINE ( 'NONE', #631, #67 ) ;
#2688 = CARTESIAN_POINT ( 'NONE',  ( 4.099999999999992539, -58.00000000000001421, -21.19999999999999929 ) ) ;
#2689 = VECTOR ( 'NONE', #1722, 1000.000000000000000 ) ;
#2690 = CYLINDRICAL_SURFACE ( 'NONE', #2256, 0.8000000000000020428 ) ;
#2691 = ORIENTED_EDGE ( 'NONE', *, *, #2061, .T. ) ;
#2692 = LINE ( 'NONE', #1554, #1282 ) ;
#2693 = FACE_OUTER_BOUND ( 'NONE', #379, .T. ) ;
#2694 = CARTESIAN_POINT ( 'NONE',  ( -40.00000000000000000, 58.00000000000000000, -4.000000000000000000 ) ) ;
#2695 = CARTESIAN_POINT ( 'NONE',  ( 1.500000000000000000, 60.00000000000000000, -11.50000000000000000 ) ) ;
#2696 = ORIENTED_EDGE ( 'NONE', *, *, #74, .T. ) ;
#2697 = CARTESIAN_POINT ( 'NONE',  ( -82.00000000000000000, 52.00000000000000000, 2.001000000000000334 ) ) ;
#2698 = DIRECTION ( 'NONE',  ( 1.000000000000000000, 0.000000000000000000, -0.000000000000000000 ) ) ;
#2699 = LINE ( 'NONE', #643, #1603 ) ;
#2700 = EDGE_CURVE ( 'NONE', #118, #308, #2089, .T. ) ;
#2701 = EDGE_CURVE ( 'NONE', #1388, #179, #1215, .T. ) ;
#2702 = CARTESIAN_POINT ( 'NONE',  ( -79.10000000000000853, 60.00099999999999767, -21.20000000000000639 ) ) ;
#2703 = VERTEX_POINT ( 'NONE', #1192 ) ;
#2704 = AXIS2_PLACEMENT_3D ( 'NONE', #619, #2406, #2455 ) ;
#2705 = CARTESIAN_POINT ( 'NONE',  ( 90.00100000000003320, -0.8000000000000214717, -5.000000000000000888 ) ) ;
#2706 = AXIS2_PLACEMENT_3D ( 'NONE', #2508, #1099, #1816 ) ;
#2707 = AXIS2_PLACEMENT_3D ( 'NONE', #2881, #83, #1697 ) ;
#2708 = DIRECTION ( 'NONE',  ( 1.182766006347823109E-16, 1.000000000000000000, -0.000000000000000000 ) ) ;
#2709 = DIRECTION ( 'NONE',  ( 1.000000000000000000, 0.000000000000000000, -0.000000000000000000 ) ) ;
#2710 = DIRECTION ( 'NONE',  ( 0.000000000000000000, 0.000000000000000000, 1.000000000000000000 ) ) ;
#2711 = EDGE_LOOP ( 'NONE', ( #1240, #2460, #2555, #1161 ) ) ;
#2712 = CARTESIAN_POINT ( 'NONE',  ( -88.00000000000000000, 57.99999999999999289, -23.00000000000000000 ) ) ;
#2713 = DIRECTION ( 'NONE',  ( -1.269309860470834477E-16, -1.000000000000000000, 0.000000000000000000 ) ) ;
#2714 = CARTESIAN_POINT ( 'NONE',  ( 79.10000000000000853, 58.00000000000000000, -17.80000000000000071 ) ) ;
#2715 = AXIS2_PLACEMENT_3D ( 'NONE', #896, #2540, #249 ) ;
#2716 = LINE ( 'NONE', #878, #477 ) ;
#2717 = ORIENTED_EDGE ( 'NONE', *, *, #1755, .T. ) ;
#2718 = DIRECTION ( 'NONE',  ( 0.000000000000000000, 0.000000000000000000, -1.000000000000000000 ) ) ;
#2719 = CIRCLE ( 'NONE', #2961, 0.8999999999999980238 ) ;
#2720 = EDGE_CURVE ( 'NONE', #1644, #2522, #1656, .T. ) ;
#2721 = VERTEX_POINT ( 'NONE', #2600 ) ;
#2722 = DIRECTION ( 'NONE',  ( 0.000000000000000000, -1.000000000000000000, 0.000000000000000000 ) ) ;
#2723 = CARTESIAN_POINT ( 'NONE',  ( 88.00000000000002842, 58.00000000000000000, -24.00000000000000000 ) ) ;
#2724 = AXIS2_PLACEMENT_3D ( 'NONE', #1378, #690, #2782 ) ;
#2725 = ORIENTED_EDGE ( 'NONE', *, *, #998, .T. ) ;
#2726 = DIRECTION ( 'NONE',  ( 0.000000000000000000, 0.000000000000000000, -1.000000000000000000 ) ) ;
#2727 = VERTEX_POINT ( 'NONE', #2550 ) ;
#2728 = AXIS2_PLACEMENT_3D ( 'NONE', #1612, #1155, #2065 ) ;
#2729 = EDGE_CURVE ( 'NONE', #313, #331, #2130, .T. ) ;
#2730 = DIRECTION ( 'NONE',  ( -1.000000000000000000, 0.000000000000000000, 0.000000000000000000 ) ) ;
#2731 = AXIS2_PLACEMENT_3D ( 'NONE', #105, #1034, #2426 ) ;
#2732 = CARTESIAN_POINT ( 'NONE',  ( -70.90000000000000568, 60.00000000000000000, -17.80000000000000071 ) ) ;
#2733 = CARTESIAN_POINT ( 'NONE',  ( -80.00000000000000000, 60.00000000000000000, -20.30000000000000426 ) ) ;
#2734 = ORIENTED_EDGE ( 'NONE', *, *, #2380, .F. ) ;
#2735 = DIRECTION ( 'NONE',  ( -1.000000000000000000, 0.000000000000000000, 0.000000000000000000 ) ) ;
#2736 = VECTOR ( 'NONE', #1664, 1000.000000000000000 ) ;
#2737 = EDGE_CURVE ( 'NONE', #31, #2327, #770, .T. ) ;
#2738 = DIRECTION ( 'NONE',  ( 0.000000000000000000, 0.000000000000000000, -1.000000000000000000 ) ) ;
#2739 = EDGE_CURVE ( 'NONE', #1756, #1524, #705, .T. ) ;
#2740 = CYLINDRICAL_SURFACE ( 'NONE', #806, 0.8000000000000020428 ) ;
#2741 = SURFACE_STYLE_USAGE ( .BOTH. , #1827 ) ;
#2742 = EDGE_CURVE ( 'NONE', #760, #2801, #1652, .T. ) ;
#2743 = ADVANCED_FACE ( 'NONE', ( #1686 ), #2793, .F. ) ;
#2744 = ORIENTED_EDGE ( 'NONE', *, *, #1948, .T. ) ;
#2745 = LINE ( 'NONE', #1589, #1490 ) ;
#2746 = AXIS2_PLACEMENT_3D ( 'NONE', #2102, #1876, #919 ) ;
#2747 = DIRECTION ( 'NONE',  ( 0.000000000000000000, -1.000000000000000000, 0.000000000000000000 ) ) ;
#2748 = CARTESIAN_POINT ( 'NONE',  ( -81.99999999999998579, 54.00000000000000000, 0.000000000000000000 ) ) ;
#2749 = EDGE_CURVE ( 'NONE', #1247, #2675, #544, .T. ) ;
#2750 = CARTESIAN_POINT ( 'NONE',  ( -40.00000000000000000, 60.00099999999999767, -20.00000000000000000 ) ) ;
#2751 = ORIENTED_EDGE ( 'NONE', *, *, #1152, .F. ) ;
#2752 = EDGE_CURVE ( 'NONE', #839, #2950, #1205, .T. ) ;
#2753 = DIRECTION ( 'NONE',  ( -1.000000000000000000, 0.000000000000000000, 0.000000000000000000 ) ) ;
#2754 = EDGE_LOOP ( 'NONE', ( #2815, #2944, #745, #2646 ) ) ;
#2755 = CARTESIAN_POINT ( 'NONE',  ( -88.00000000000000000, 57.99999999999999289, -23.00000000000000000 ) ) ;
#2756 = CARTESIAN_POINT ( 'NONE',  ( -4.100000000000006750, -60.00000000000000000, -18.70000000000000284 ) ) ;
#2757 = DIRECTION ( 'NONE',  ( 1.000000000000000000, 0.000000000000000000, 0.000000000000000000 ) ) ;
#2758 = AXIS2_PLACEMENT_3D ( 'NONE', #1591, #1549, #632 ) ;
#2759 = EDGE_CURVE ( 'NONE', #384, #2324, #2806, .T. ) ;
#2760 = EDGE_LOOP ( 'NONE', ( #2114, #1435, #1683, #2812 ) ) ;
#2761 = EDGE_LOOP ( 'NONE', ( #1857, #1382, #1126, #2113 ) ) ;
#2762 = PLANE ( 'NONE',  #977 ) ;
#2763 = ORIENTED_EDGE ( 'NONE', *, *, #562, .F. ) ;
#2764 = DIRECTION ( 'NONE',  ( 0.000000000000000000, 0.000000000000000000, -1.000000000000000000 ) ) ;
#2765 = CARTESIAN_POINT ( 'NONE',  ( 88.00000000000001421, -0.8000000000000210276, -5.000000000000000888 ) ) ;
#2766 = DIRECTION ( 'NONE',  ( -0.000000000000000000, 1.000000000000000000, -0.000000000000000000 ) ) ;
#2767 = ORIENTED_EDGE ( 'NONE', *, *, #810, .F. ) ;
#2768 = CARTESIAN_POINT ( 'NONE',  ( -87.99999999999998579, 59.00000000000000000, 1.000000000000000000 ) ) ;
#2769 = ORIENTED_EDGE ( 'NONE', *, *, #2610, .F. ) ;
#2770 = CIRCLE ( 'NONE', #332, 1.000000000000000888 ) ;
#2771 = FACE_OUTER_BOUND ( 'NONE', #2051, .T. ) ;
#2772 = DIRECTION ( 'NONE',  ( 0.000000000000000000, 0.000000000000000000, -1.000000000000000000 ) ) ;
#2773 = DIRECTION ( 'NONE',  ( -2.392722035830078479E-16, -1.000000000000000000, 0.000000000000000000 ) ) ;
#2774 = ORIENTED_EDGE ( 'NONE', *, *, #325, .F. ) ;
#2775 = ORIENTED_EDGE ( 'NONE', *, *, #525, .T. ) ;
#2776 = CARTESIAN_POINT ( 'NONE',  ( 90.00000000000000000, 0.1999999999999782507, -12.00000000000000000 ) ) ;
#2777 = ORIENTED_EDGE ( 'NONE', *, *, #739, .T. ) ;
#2778 = CYLINDRICAL_SURFACE ( 'NONE', #683, 0.5000000000000004441 ) ;
#2779 = EDGE_CURVE ( 'NONE', #2931, #1680, #1038, .T. ) ;
#2780 = VECTOR ( 'NONE', #922, 1000.000000000000000 ) ;
#2781 = DIRECTION ( 'NONE',  ( 1.000000000000000000, 0.000000000000000000, 0.000000000000000000 ) ) ;
#2782 = DIRECTION ( 'NONE',  ( 0.000000000000000000, 0.000000000000000000, 1.000000000000000000 ) ) ;
#2783 = ORIENTED_EDGE ( 'NONE', *, *, #1533, .F. ) ;
#2784 = LINE ( 'NONE', #2366, #1749 ) ;
#2785 = ORIENTED_EDGE ( 'NONE', *, *, #2027, .T. ) ;
#2786 = DIRECTION ( 'NONE',  ( -1.000000000000000000, 0.000000000000000000, -8.462065736472230835E-16 ) ) ;
#2787 = ADVANCED_FACE ( 'NONE', ( #1109, #1026 ), #2936, .T. ) ;
#2788 = VECTOR ( 'NONE', #968, 1000.000000000000000 ) ;
#2789 = ORIENTED_EDGE ( 'NONE', *, *, #305, .T. ) ;
#2790 = ORIENTED_EDGE ( 'NONE', *, *, #498, .F. ) ;
#2791 = CARTESIAN_POINT ( 'NONE',  ( -82.00000000000000000, -48.00000000000000000, 0.000000000000000000 ) ) ;
#2792 = CARTESIAN_POINT ( 'NONE',  ( 84.00000000000000000, 51.99999999999996447, 2.000000000000000000 ) ) ;
#2793 = CYLINDRICAL_SURFACE ( 'NONE', #644, 0.9000000000000014655 ) ;
#2794 = CARTESIAN_POINT ( 'NONE',  ( -1.500000000000000000, 60.00000000000000000, -11.50000000000000000 ) ) ;
#2795 = ORIENTED_EDGE ( 'NONE', *, *, #1586, .T. ) ;
#2796 = EDGE_CURVE ( 'NONE', #331, #2937, #2564, .T. ) ;
#2797 = DIRECTION ( 'NONE',  ( 5.687617954022318617E-16, 1.000000000000000000, 0.000000000000000000 ) ) ;
#2798 = EDGE_CURVE ( 'NONE', #328, #717, #2640, .T. ) ;
#2799 = VERTEX_POINT ( 'NONE', #2611 ) ;
#2800 = LINE ( 'NONE', #1222, #2050 ) ;
#2801 = VERTEX_POINT ( 'NONE', #382 ) ;
#2802 = ORIENTED_EDGE ( 'NONE', *, *, #1802, .F. ) ;
#2803 = DIRECTION ( 'NONE',  ( 0.000000000000000000, -1.000000000000000000, 0.000000000000000000 ) ) ;
#2804 = VECTOR ( 'NONE', #1606, 1000.000000000000000 ) ;
#2805 = AXIS2_PLACEMENT_3D ( 'NONE', #1269, #786, #2188 ) ;
#2806 = LINE ( 'NONE', #2580, #798 ) ;
#2807 = CARTESIAN_POINT ( 'NONE',  ( -81.99999999999998579, 54.00000000000000000, 2.000000000000000000 ) ) ;
#2808 = ORIENTED_EDGE ( 'NONE', *, *, #46, .F. ) ;
#2809 = PRODUCT_DEFINITION_FORMATION_WITH_SPECIFIED_SOURCE ( 'ANY', '', #2199, .NOT_KNOWN. ) ;
#2810 = CYLINDRICAL_SURFACE ( 'NONE', #278, 1.000000000000000888 ) ;
#2811 = AXIS2_PLACEMENT_3D ( 'NONE', #688, #1705, #1409 ) ;
#2812 = ORIENTED_EDGE ( 'NONE', *, *, #2817, .F. ) ;
#2813 = ADVANCED_FACE ( 'NONE', ( #1039 ), #98, .F. ) ;
#2814 = CARTESIAN_POINT ( 'NONE',  ( 87.99999999999998579, 60.00000000000000000, -23.00000000000000000 ) ) ;
#2815 = ORIENTED_EDGE ( 'NONE', *, *, #2759, .T. ) ;
#2816 = EDGE_CURVE ( 'NONE', #2382, #839, #2423, .T. ) ;
#2817 = EDGE_CURVE ( 'NONE', #2559, #2133, #1254, .T. ) ;
#2818 = CIRCLE ( 'NONE', #2525, 0.5000000000000008882 ) ;
#2819 = ORIENTED_EDGE ( 'NONE', *, *, #889, .F. ) ;
#2820 = ORIENTED_EDGE ( 'NONE', *, *, #41, .T. ) ;
#2821 = CARTESIAN_POINT ( 'NONE',  ( 90.00000000000000000, -25.00000000000002132, -14.20000000000000462 ) ) ;
#2822 = CARTESIAN_POINT ( 'NONE',  ( 70.00000000000000000, 58.00000000000000000, -20.30000000000000071 ) ) ;
#2823 = AXIS2_PLACEMENT_3D ( 'NONE', #1622, #1194, #290 ) ;
#2824 = LINE ( 'NONE', #833, #1675 ) ;
#2825 = ORIENTED_EDGE ( 'NONE', *, *, #168, .T. ) ;
#2826 = DIRECTION ( 'NONE',  ( 4.231032868236114925E-16, -5.004321848290005095E-32, 1.000000000000000000 ) ) ;
#2827 = AXIS2_PLACEMENT_3D ( 'NONE', #2251, #2708, #447 ) ;
#2828 = VERTEX_POINT ( 'NONE', #1725 ) ;
#2829 = DIRECTION ( 'NONE',  ( 0.000000000000000000, 1.000000000000000000, 0.000000000000000000 ) ) ;
#2830 = ORIENTED_EDGE ( 'NONE', *, *, #266, .T. ) ;
#2831 = VECTOR ( 'NONE', #1287, 1000.000000000000000 ) ;
#2832 = ADVANCED_FACE ( 'NONE', ( #883, #1934 ), #814, .T. ) ;
#2833 = ORIENTED_EDGE ( 'NONE', *, *, #39, .F. ) ;
#2834 = ORIENTED_EDGE ( 'NONE', *, *, #344, .F. ) ;
#2835 = CARTESIAN_POINT ( 'NONE',  ( -90.00000000000000000, -57.99999999999997868, -23.00000000000000000 ) ) ;
#2836 = EDGE_CURVE ( 'NONE', #824, #417, #1130, .T. ) ;
#2837 = CARTESIAN_POINT ( 'NONE',  ( 88.00000000000000000, 57.99999999999999289, 0.000000000000000000 ) ) ;
#2838 = DIRECTION ( 'NONE',  ( -0.000000000000000000, -0.000000000000000000, 1.000000000000000000 ) ) ;
#2839 = DIRECTION ( 'NONE',  ( -1.000000000000000000, -0.000000000000000000, -0.000000000000000000 ) ) ;
#2840 = LINE ( 'NONE', #1062, #1291 ) ;
#2841 = ORIENTED_EDGE ( 'NONE', *, *, #1678, .T. ) ;
#2842 = CARTESIAN_POINT ( 'NONE',  ( 90.00000000000000000, -0.8000000000000221378, -12.00000000000000000 ) ) ;
#2843 = ORIENTED_EDGE ( 'NONE', *, *, #2441, .F. ) ;
#2844 = PLANE ( 'NONE',  #1764 ) ;
#2845 = ORIENTED_EDGE ( 'NONE', *, *, #465, .F. ) ;
#2846 = LINE ( 'NONE', #2402, #2736 ) ;
#2847 = VECTOR ( 'NONE', #2163, 1000.000000000000000 ) ;
#2848 = DIRECTION ( 'NONE',  ( 1.182766006347823109E-16, 1.000000000000000000, 0.000000000000000000 ) ) ;
#2849 = VECTOR ( 'NONE', #57, 1000.000000000000000 ) ;
#2850 = ADVANCED_FACE ( 'NONE', ( #2403 ), #353, .F. ) ;
#2851 = DIRECTION ( 'NONE',  ( -4.231032868236115418E-16, 0.000000000000000000, 1.000000000000000000 ) ) ;
#2852 = CARTESIAN_POINT ( 'NONE',  ( 87.99999999999998579, -60.00000000000000000, 2.000000000000000000 ) ) ;
#2853 = DIRECTION ( 'NONE',  ( -5.687617954022318617E-16, -1.000000000000000000, -7.109522442527898271E-17 ) ) ;
#2854 = EDGE_LOOP ( 'NONE', ( #1424, #1172, #292, #1740 ) ) ;
#2855 = AXIS2_PLACEMENT_3D ( 'NONE', #2723, #1569, #2773 ) ;
#2856 = CARTESIAN_POINT ( 'NONE',  ( 90.00000000000000000, -19.00000000000002132, -12.00000000000000000 ) ) ;
#2857 = ORIENTED_EDGE ( 'NONE', *, *, #2189, .F. ) ;
#2858 = DIRECTION ( 'NONE',  ( -1.000000000000000000, -0.000000000000000000, -0.000000000000000000 ) ) ;
#2859 = ORIENTED_EDGE ( 'NONE', *, *, #685, .T. ) ;
#2860 = DIRECTION ( 'NONE',  ( 0.000000000000000000, -1.000000000000000000, 0.000000000000000000 ) ) ;
#2861 = AXIS2_PLACEMENT_3D ( 'NONE', #166, #1259, #119 ) ;
#2862 = VECTOR ( 'NONE', #12, 1000.000000000000000 ) ;
#2863 = CARTESIAN_POINT ( 'NONE',  ( 88.00000000000000000, -57.99999999999999289, 2.000000000000000000 ) ) ;
#2864 = EDGE_CURVE ( 'NONE', #2948, #2327, #799, .T. ) ;
#2865 = CARTESIAN_POINT ( 'NONE',  ( -79.10000000000000853, 60.00099999999999767, -17.80000000000000426 ) ) ;
#2866 = PLANE ( 'NONE',  #2945 ) ;
#2867 = EDGE_CURVE ( 'NONE', #1893, #2559, #1226, .T. ) ;
#2868 = AXIS2_PLACEMENT_3D ( 'NONE', #589, #133, #863 ) ;
#2869 = EDGE_CURVE ( 'NONE', #334, #2129, #2947, .T. ) ;
#2870 = DIRECTION ( 'NONE',  ( 1.000000000000000000, 0.000000000000000000, -0.000000000000000000 ) ) ;
#2871 = EDGE_LOOP ( 'NONE', ( #2529, #1730, #2910, #830 ) ) ;
#2872 = TOROIDAL_SURFACE ( 'NONE', #1576, 1.000000000000001776, 1.000000000000000000 ) ;
#2873 = DIRECTION ( 'NONE',  ( 0.000000000000000000, 1.000000000000000000, 0.000000000000000000 ) ) ;
#2874 = ORIENTED_EDGE ( 'NONE', *, *, #2241, .T. ) ;
#2875 = DIRECTION ( 'NONE',  ( 0.000000000000000000, 0.000000000000000000, -1.000000000000000000 ) ) ;
#2876 = TOROIDAL_SURFACE ( 'NONE', #1580, 1.000000000000001776, 1.000000000000000000 ) ;
#2877 = ORIENTED_EDGE ( 'NONE', *, *, #2579, .F. ) ;
#2878 = DIRECTION ( 'NONE',  ( -0.000000000000000000, 0.000000000000000000, -1.000000000000000000 ) ) ;
#2879 = ORIENTED_EDGE ( 'NONE', *, *, #527, .F. ) ;
#2880 = CARTESIAN_POINT ( 'NONE',  ( 70.00000000000000000, 60.00099999999999767, -20.30000000000000071 ) ) ;
#2881 = CARTESIAN_POINT ( 'NONE',  ( 88.00000000000001421, -18.00000000000002132, -6.000000000000000888 ) ) ;
#2882 = AXIS2_PLACEMENT_3D ( 'NONE', #2494, #951, #1141 ) ;
#2883 = CARTESIAN_POINT ( 'NONE',  ( -4.100000000000007638, -58.00000000000001421, -20.30000000000000071 ) ) ;
#2884 = ORIENTED_EDGE ( 'NONE', *, *, #1336, .F. ) ;
#2885 = DIRECTION ( 'NONE',  ( -1.000000000000000000, 2.392722035830078479E-16, -0.000000000000000000 ) ) ;
#2886 = DIRECTION ( 'NONE',  ( 1.000000000000000000, 0.000000000000000000, 0.000000000000000000 ) ) ;
#2887 = EDGE_CURVE ( 'NONE', #2546, #2309, #1742, .T. ) ;
#2888 = ORIENTED_EDGE ( 'NONE', *, *, #1400, .T. ) ;
#2889 = DIRECTION ( 'NONE',  ( 0.000000000000000000, -0.000000000000000000, 1.000000000000000000 ) ) ;
#2890 = ORIENTED_EDGE ( 'NONE', *, *, #933, .T. ) ;
#2891 = EDGE_CURVE ( 'NONE', #2165, #2799, #942, .T. ) ;
#2892 = CARTESIAN_POINT ( 'NONE',  ( 84.00000000000000000, 51.99999999999996447, 2.001000000000000334 ) ) ;
#2893 = VERTEX_POINT ( 'NONE', #1708 ) ;
#2894 = DIRECTION ( 'NONE',  ( -1.000000000000000000, -0.000000000000000000, -0.000000000000000000 ) ) ;
#2895 = EDGE_LOOP ( 'NONE', ( #2834, #603 ) ) ;
#2896 = VERTEX_POINT ( 'NONE', #1458 ) ;
#2897 = CARTESIAN_POINT ( 'NONE',  ( 90.00000000000000000, -0.8000000000000221378, -13.00000000000000178 ) ) ;
#2898 = CARTESIAN_POINT ( 'NONE',  ( 4.099999999999992539, -58.00000000000001421, -17.79999999999999716 ) ) ;
#2899 = DIRECTION ( 'NONE',  ( -1.000000000000000000, 2.392722035830078479E-16, 0.000000000000000000 ) ) ;
#2900 = CIRCLE ( 'NONE', #2326, 2.000000000000001776 ) ;
#2901 = LINE ( 'NONE', #1729, #2969 ) ;
#2902 = EDGE_LOOP ( 'NONE', ( #1346, #2587, #2978, #719, #396, #1228, #2342, #1739 ) ) ;
#2903 = CARTESIAN_POINT ( 'NONE',  ( 81.99999999999998579, 53.99999999999997868, 0.000000000000000000 ) ) ;
#2905 = ADVANCED_FACE ( 'NONE', ( #2375 ), #2209, .T. ) ;
#2904 = CARTESIAN_POINT ( 'NONE',  ( -87.99999999999998579, 59.00000000000000000, 2.000000000000000000 ) ) ;
#2906 = ORIENTED_EDGE ( 'NONE', *, *, #2737, .T. ) ;
#2907 = ADVANCED_FACE ( 'NONE', ( #322 ), #2096, .T. ) ;
#2908 = CARTESIAN_POINT ( 'NONE',  ( 70.90000000000000568, 58.00000000000000000, -17.80000000000000071 ) ) ;
#2909 = EDGE_CURVE ( 'NONE', #1355, #824, #1184, .T. ) ;
#2910 = ORIENTED_EDGE ( 'NONE', *, *, #2044, .T. ) ;
#2911 = FACE_BOUND ( 'NONE', #2413, .T. ) ;
#2912 = DIRECTION ( 'NONE',  ( -1.000000000000000000, 2.392722035830078479E-16, -0.000000000000000000 ) ) ;
#2913 = VECTOR ( 'NONE', #2786, 1000.000000000000000 ) ;
#2914 = DIRECTION ( 'NONE',  ( 0.000000000000000000, 1.000000000000000000, 0.000000000000000000 ) ) ;
#2915 = PLANE ( 'NONE',  #1773 ) ;
#2916 = ORIENTED_EDGE ( 'NONE', *, *, #1900, .T. ) ;
#2917 = LINE ( 'NONE', #1779, #176 ) ;
#2918 = CARTESIAN_POINT ( 'NONE',  ( -79.10000000000000853, 60.00099999999999767, -17.80000000000000426 ) ) ;
#2919 = AXIS2_PLACEMENT_3D ( 'NONE', #563, #1984, #2421 ) ;
#2920 = DIRECTION ( 'NONE',  ( -1.000000000000000000, 0.000000000000000000, 0.000000000000000000 ) ) ;
#2921 = DIRECTION ( 'NONE',  ( -0.000000000000000000, -1.000000000000000000, -0.000000000000000000 ) ) ;
#2922 = ORIENTED_EDGE ( 'NONE', *, *, #2380, .T. ) ;
#2923 = EDGE_CURVE ( 'NONE', #2593, #318, #682, .T. ) ;
#2924 = ORIENTED_EDGE ( 'NONE', *, *, #2431, .T. ) ;
#2925 = DIRECTION ( 'NONE',  ( -1.000000000000000000, 2.392722035830078479E-16, 0.000000000000000000 ) ) ;
#2926 = EDGE_CURVE ( 'NONE', #86, #318, #697, .T. ) ;
#2927 = DIRECTION ( 'NONE',  ( 0.000000000000000000, 0.000000000000000000, -1.000000000000000000 ) ) ;
#2928 = DIRECTION ( 'NONE',  ( 0.000000000000000000, -1.000000000000000000, 0.000000000000000000 ) ) ;
#2929 = AXIS2_PLACEMENT_3D ( 'NONE', #1285, #157, #1068 ) ;
#2930 = FACE_OUTER_BOUND ( 'NONE', #566, .T. ) ;
#2931 = VERTEX_POINT ( 'NONE', #35 ) ;
#2932 = DIRECTION ( 'NONE',  ( -1.000000000000000000, 0.000000000000000000, 0.000000000000000000 ) ) ;
#2933 = AXIS2_PLACEMENT_3D ( 'NONE', #2418, #1057, #787 ) ;
#2934 = ORIENTED_EDGE ( 'NONE', *, *, #1684, .F. ) ;
#2935 = CARTESIAN_POINT ( 'NONE',  ( 90.00100000000001899, -50.20000000000002416, -5.000000000000000888 ) ) ;
#2936 = PLANE ( 'NONE',  #415 ) ;
#2937 = VERTEX_POINT ( 'NONE', #1344 ) ;
#2938 = CARTESIAN_POINT ( 'NONE',  ( 90.00000000000000000, -57.99999999999997868, 1.000000000000000000 ) ) ;
#2939 = ORIENTED_EDGE ( 'NONE', *, *, #2027, .F. ) ;
#2940 = CARTESIAN_POINT ( 'NONE',  ( -4.100000000000006750, -58.00000000000001421, -18.70000000000000284 ) ) ;
#2941 = CARTESIAN_POINT ( 'NONE',  ( 70.00000000000000000, 60.00099999999999767, -20.30000000000000071 ) ) ;
#2942 = EDGE_CURVE ( 'NONE', #1197, #328, #607, .T. ) ;
#2943 = CARTESIAN_POINT ( 'NONE',  ( -80.00000000000000000, 58.00000000000000000, -18.70000000000000284 ) ) ;
#2944 = ORIENTED_EDGE ( 'NONE', *, *, #20, .T. ) ;
#2945 = AXIS2_PLACEMENT_3D ( 'NONE', #802, #2419, #1059 ) ;
#2946 = DIRECTION ( 'NONE',  ( 1.000000000000000000, -1.182766006347823109E-16, -2.168404344970998613E-15 ) ) ;
#2947 = CIRCLE ( 'NONE', #367, 0.8000000000000020428 ) ;
#2948 = VERTEX_POINT ( 'NONE', #1585 ) ;
#2949 = CARTESIAN_POINT ( 'NONE',  ( -4.100000000000006750, -58.00000000000001421, -17.79999999999999716 ) ) ;
#2950 = VERTEX_POINT ( 'NONE', #250 ) ;
#2951 = ORIENTED_EDGE ( 'NONE', *, *, #2162, .F. ) ;
#2952 = CIRCLE ( 'NONE', #473, 0.5000000000000004441 ) ;
#2953 = DIRECTION ( 'NONE',  ( 0.000000000000000000, 1.000000000000000000, 0.000000000000000000 ) ) ;
#2954 = DIRECTION ( 'NONE',  ( -1.000000000000000000, 0.000000000000000000, 0.000000000000000000 ) ) ;
#2955 = ADVANCED_FACE ( 'NONE', ( #1597 ), #2276, .F. ) ;
#2956 = AXIS2_PLACEMENT_3D ( 'NONE', #2572, #520, #2336 ) ;
#2957 = DIRECTION ( 'NONE',  ( 0.000000000000000000, -1.000000000000000000, 0.000000000000000000 ) ) ;
#2958 = ORIENTED_EDGE ( 'NONE', *, *, #542, .T. ) ;
#2959 = EDGE_CURVE ( 'NONE', #2129, #2063, #197, .T. ) ;
#2960 = CARTESIAN_POINT ( 'NONE',  ( -84.00000000000001421, -45.99999999999998579, 0.000000000000000000 ) ) ;
#2961 = AXIS2_PLACEMENT_3D ( 'NONE', #326, #61, #259 ) ;
#2962 = ADVANCED_FACE ( 'NONE', ( #1872, #1856, #1614 ), #654, .T. ) ;
#2963 = ORIENTED_EDGE ( 'NONE', *, *, #1661, .F. ) ;
#2964 = LINE ( 'NONE', #1584, #2097 ) ;
#2965 = ORIENTED_EDGE ( 'NONE', *, *, #1551, .T. ) ;
#2966 = AXIS2_PLACEMENT_3D ( 'NONE', #1446, #2766, #514 ) ;
#2967 = VERTEX_POINT ( 'NONE', #2492 ) ;
#2968 = CARTESIAN_POINT ( 'NONE',  ( -88.00000000000000000, -1.500000000000000000, -10.00000000000000000 ) ) ;
#2969 = VECTOR ( 'NONE', #2215, 1000.000000000000000 ) ;
#2970 = ADVANCED_FACE ( 'NONE', ( #2266 ), #2081, .F. ) ;
#2971 = FACE_OUTER_BOUND ( 'NONE', #606, .T. ) ;
#2972 = CARTESIAN_POINT ( 'NONE',  ( -5.000000000000006217, -60.00100000000002609, -20.30000000000000071 ) ) ;
#2973 = CARTESIAN_POINT ( 'NONE',  ( 88.00000000000001421, -19.00000000000002132, -12.00000000000000000 ) ) ;
#2974 = ORIENTED_EDGE ( 'NONE', *, *, #2235, .F. ) ;
#2975 = LINE ( 'NONE', #1104, #226 ) ;
#2976 = AXIS2_PLACEMENT_3D ( 'NONE', #196, #1811, #448 ) ;
#2977 = VECTOR ( 'NONE', #1781, 1000.000000000000000 ) ;
#2978 = ORIENTED_EDGE ( 'NONE', *, *, #1399, .T. ) ;
#2979 = ORIENTED_EDGE ( 'NONE', *, *, #774, .F. ) ;
#2980 = CARTESIAN_POINT ( 'NONE',  ( -79.10000000000000853, 60.00000000000000000, -21.20000000000000639 ) ) ;
ENDSEC;
END-ISO-10303-21;
