ISO-10303-21;
HEADER;
FILE_DESCRIPTION (( 'STEP AP214' ),
    '1' );
FILE_NAME ('epaper-screen-4.STEP',
    '2026-08-22T22:07:54',
    ( '' ),
    ( '' ),
    'SwSTEP 2.0',
    'SolidWorks 2019',
    '' );
FILE_SCHEMA (( 'AUTOMOTIVE_DESIGN' ));
ENDSEC;

DATA;
#1 = ORIENTED_EDGE ( 'NONE', *, *, #2149, .T. ) ;
#2 = VECTOR ( 'NONE', #1864, 1000.000000000000000 ) ;
#3 = DIRECTION ( 'NONE',  ( -0.000000000000000000, -0.000000000000000000, 1.000000000000000000 ) ) ;
#4 = ORIENTED_EDGE ( 'NONE', *, *, #2055, .F. ) ;
#5 = EDGE_CURVE ( 'NONE', #1341, #1319, #1065, .T. ) ;
#6 = VECTOR ( 'NONE', #940, 1000.000000000000000 ) ;
#7 = CARTESIAN_POINT ( 'NONE',  ( -87.00000000000000000, 19.00000000000000000, -2.000000000000000000 ) ) ;
#8 = DIRECTION ( 'NONE',  ( -1.000000000000000000, 0.000000000000000000, 0.000000000000000000 ) ) ;
#9 = ADVANCED_FACE ( 'NONE', ( #851 ), #1690, .T. ) ;
#10 = DIRECTION ( 'NONE',  ( 1.000000000000000000, 0.000000000000000000, 0.000000000000000000 ) ) ;
#11 = VECTOR ( 'NONE', #2141, 1000.000000000000000 ) ;
#12 = ORIENTED_EDGE ( 'NONE', *, *, #154, .F. ) ;
#13 = EDGE_CURVE ( 'NONE', #472, #1959, #2526, .T. ) ;
#14 = DIRECTION ( 'NONE',  ( 0.000000000000000000, -1.000000000000000000, 0.000000000000000000 ) ) ;
#15 = EDGE_LOOP ( 'NONE', ( #71, #1985, #1641, #1667 ) ) ;
#16 = LINE ( 'NONE', #840, #30 ) ;
#17 = CARTESIAN_POINT ( 'NONE',  ( -86.00000000000000000, -56.00000000000000000, 2.000000000000000000 ) ) ;
#18 = ORIENTED_EDGE ( 'NONE', *, *, #1863, .T. ) ;
#19 = ORIENTED_EDGE ( 'NONE', *, *, #1366, .T. ) ;
#20 = CARTESIAN_POINT ( 'NONE',  ( -88.00000000000000000, 53.00000000000002132, -2.000000000000000000 ) ) ;
#21 = DIRECTION ( 'NONE',  ( -0.000000000000000000, -0.000000000000000000, 1.000000000000000000 ) ) ;
#22 = CARTESIAN_POINT ( 'NONE',  ( -87.00000000000000000, -0.2000000000000056455, 2.000000000000000000 ) ) ;
#23 = CYLINDRICAL_SURFACE ( 'NONE', #1630, 1.000000000000000888 ) ;
#24 = VERTEX_POINT ( 'NONE', #40 ) ;
#25 = EDGE_CURVE ( 'NONE', #944, #842, #1666, .T. ) ;
#26 = CIRCLE ( 'NONE', #368, 1.000000000000000888 ) ;
#27 = EDGE_CURVE ( 'NONE', #1177, #2518, #2494, .T. ) ;
#28 = EDGE_LOOP ( 'NONE', ( #2382, #1036, #68, #609 ) ) ;
#29 = ORIENTED_EDGE ( 'NONE', *, *, #1136, .T. ) ;
#30 = VECTOR ( 'NONE', #1054, 1000.000000000000000 ) ;
#31 = CARTESIAN_POINT ( 'NONE',  ( -88.00000000000000000, 25.00000000000000000, -2.000000000000000000 ) ) ;
#32 = ORIENTED_EDGE ( 'NONE', *, *, #1536, .F. ) ;
#33 = EDGE_CURVE ( 'NONE', #24, #1679, #444, .T. ) ;
#34 = EDGE_LOOP ( 'NONE', ( #109, #1764, #2452, #1329 ) ) ;
#35 = DIRECTION ( 'NONE',  ( -0.000000000000000000, -0.000000000000000000, -1.000000000000000000 ) ) ;
#36 = VECTOR ( 'NONE', #148, 1000.000000000000000 ) ;
#37 = LINE ( 'NONE', #860, #848 ) ;
#38 = CYLINDRICAL_SURFACE ( 'NONE', #523, 2.000000000000000888 ) ;
#39 = EDGE_CURVE ( 'NONE', #2127, #2350, #534, .T. ) ;
#40 = CARTESIAN_POINT ( 'NONE',  ( -88.00000000000000000, 23.00000000000000355, -2.000000000000000000 ) ) ;
#41 = ORIENTED_EDGE ( 'NONE', *, *, #1081, .T. ) ;
#42 = DIRECTION ( 'NONE',  ( -0.000000000000000000, -0.000000000000000000, -1.000000000000000000 ) ) ;
#43 = ORIENTED_EDGE ( 'NONE', *, *, #1564, .T. ) ;
#44 = ORIENTED_EDGE ( 'NONE', *, *, #97, .T. ) ;
#45 = CARTESIAN_POINT ( 'NONE',  ( -28.99999999999999645, 52.50000000000000711, 2.000000000000000000 ) ) ;
#46 = EDGE_CURVE ( 'NONE', #1127, #798, #1744, .T. ) ;
#47 = ORIENTED_EDGE ( 'NONE', *, *, #1635, .F. ) ;
#48 = AXIS2_PLACEMENT_3D ( 'NONE', #17, #1433, #2253 ) ;
#49 = FACE_OUTER_BOUND ( 'NONE', #1301, .T. ) ;
#50 = VERTEX_POINT ( 'NONE', #1123 ) ;
#51 = CARTESIAN_POINT ( 'NONE',  ( -86.50000000000000000, 27.50000000000000000, 0.000000000000000000 ) ) ;
#52 = CIRCLE ( 'NONE', #1506, 1.000000000000000888 ) ;
#53 = LINE ( 'NONE', #198, #646 ) ;
#54 = LINE ( 'NONE', #877, #2202 ) ;
#55 = VERTEX_POINT ( 'NONE', #702 ) ;
#56 = EDGE_LOOP ( 'NONE', ( #266, #1681, #970, #1546 ) ) ;
#57 = LINE ( 'NONE', #1460, #2078 ) ;
#58 = ORIENTED_EDGE ( 'NONE', *, *, #2183, .T. ) ;
#59 = VERTEX_POINT ( 'NONE', #2151 ) ;
#60 = DIRECTION ( 'NONE',  ( -1.000000000000000000, 0.000000000000000000, 0.000000000000000000 ) ) ;
#61 = EDGE_CURVE ( 'NONE', #1242, #2644, #1942, .T. ) ;
#62 = MECHANICAL_DESIGN_GEOMETRIC_PRESENTATION_REPRESENTATION (  '', ( #465 ), #2283 ) ;
#63 = LINE ( 'NONE', #2146, #1838 ) ;
#64 = EDGE_CURVE ( 'NONE', #1101, #1404, #497, .T. ) ;
#65 = DIRECTION ( 'NONE',  ( 0.000000000000000000, 1.000000000000000000, -0.000000000000000000 ) ) ;
#66 = CARTESIAN_POINT ( 'NONE',  ( -57.70000000000001705, 19.99999999999999289, -2.000000000000000000 ) ) ;
#67 = LINE ( 'NONE', #916, #1541 ) ;
#68 = ORIENTED_EDGE ( 'NONE', *, *, #1749, .T. ) ;
#69 = VERTEX_POINT ( 'NONE', #96 ) ;
#70 = LINE ( 'NONE', #1707, #2320 ) ;
#71 = ORIENTED_EDGE ( 'NONE', *, *, #1462, .T. ) ;
#72 = AXIS2_PLACEMENT_3D ( 'NONE', #1410, #2444, #8 ) ;
#73 = ORIENTED_EDGE ( 'NONE', *, *, #211, .F. ) ;
#74 = LINE ( 'NONE', #2542, #1302 ) ;
#75 = EDGE_CURVE ( 'NONE', #2560, #2043, #918, .T. ) ;
#76 = LINE ( 'NONE', #1508, #85 ) ;
#77 = CARTESIAN_POINT ( 'NONE',  ( -87.00000000000000000, 54.00000000000002842, -2.000000000000000000 ) ) ;
#78 = CARTESIAN_POINT ( 'NONE',  ( -57.69999999999999574, 18.99999999999999289, -2.000000000000000000 ) ) ;
#79 = AXIS2_PLACEMENT_3D ( 'NONE', #1566, #512, #2381 ) ;
#80 = DIRECTION ( 'NONE',  ( -0.000000000000000000, -0.000000000000000000, 1.000000000000000000 ) ) ;
#81 = VECTOR ( 'NONE', #1021, 1000.000000000000000 ) ;
#82 = EDGE_LOOP ( 'NONE', ( #1907, #1895, #408, #1786 ) ) ;
#83 = EDGE_LOOP ( 'NONE', ( #1638, #732, #244, #1125 ) ) ;
#84 = DIRECTION ( 'NONE',  ( 1.000000000000000000, 0.000000000000000000, 0.000000000000000000 ) ) ;
#85 = VECTOR ( 'NONE', #1308, 1000.000000000000000 ) ;
#86 = ORIENTED_EDGE ( 'NONE', *, *, #2337, .T. ) ;
#87 = EDGE_LOOP ( 'NONE', ( #2023, #2074, #2591, #2153 ) ) ;
#88 = DIRECTION ( 'NONE',  ( -1.000000000000000000, 0.000000000000000000, 0.000000000000000000 ) ) ;
#89 = DIRECTION ( 'NONE',  ( -0.000000000000000000, -0.000000000000000000, -1.000000000000000000 ) ) ;
#90 = CARTESIAN_POINT ( 'NONE',  ( 88.00000000000000000, -4.999999999999997335, 2.000000000000000000 ) ) ;
#91 = AXIS2_PLACEMENT_3D ( 'NONE', #1640, #606, #2451 ) ;
#92 = LINE ( 'NONE', #66, #607 ) ;
#93 = LINE ( 'NONE', #2535, #1521 ) ;
#94 = CIRCLE ( 'NONE', #2399, 2.000000000000001776 ) ;
#95 = EDGE_CURVE ( 'NONE', #2326, #1291, #420, .T. ) ;
#96 = CARTESIAN_POINT ( 'NONE',  ( -86.50000000000000000, 27.50000000000000000, 2.000000000000000000 ) ) ;
#97 = EDGE_CURVE ( 'NONE', #2419, #2294, #978, .T. ) ;
#98 = ORIENTED_EDGE ( 'NONE', *, *, #1812, .T. ) ;
#99 = DIRECTION ( 'NONE',  ( 0.000000000000000000, 1.000000000000000000, 0.000000000000000000 ) ) ;
#100 = ORIENTED_EDGE ( 'NONE', *, *, #293, .T. ) ;
#101 = ORIENTED_EDGE ( 'NONE', *, *, #245, .F. ) ;
#102 = DIRECTION ( 'NONE',  ( 1.000000000000000000, 4.336808689942025132E-16, -0.000000000000000000 ) ) ;
#103 = CARTESIAN_POINT ( 'NONE',  ( 16.00000000000000000, 58.00000000000000000, 2.000000000000000000 ) ) ;
#104 = CARTESIAN_POINT ( 'NONE',  ( -29.00000000000000000, 23.49999999999999289, -2.000000000000000000 ) ) ;
#105 = DIRECTION ( 'NONE',  ( 1.000000000000000000, 0.000000000000000000, 0.000000000000000000 ) ) ;
#106 = CARTESIAN_POINT ( 'NONE',  ( -2.999999999999986233, -48.00000000000000000, 0.000000000000000000 ) ) ;
#107 = CARTESIAN_POINT ( 'NONE',  ( -87.00000000000000000, -0.1999999999999987899, -2.000000000000000000 ) ) ;
#108 = ADVANCED_FACE ( 'NONE', ( #2536 ), #1980, .F. ) ;
#109 = ORIENTED_EDGE ( 'NONE', *, *, #1190, .T. ) ;
#110 = FACE_OUTER_BOUND ( 'NONE', #659, .T. ) ;
#111 = VERTEX_POINT ( 'NONE', #943 ) ;
#112 = EDGE_CURVE ( 'NONE', #529, #1200, #2371, .T. ) ;
#113 = VECTOR ( 'NONE', #1170, 1000.000000000000000 ) ;
#114 = EDGE_LOOP ( 'NONE', ( #2467, #434, #2266, #1930 ) ) ;
#115 = CARTESIAN_POINT ( 'NONE',  ( 20.00000000000000355, -58.00000000000000000, 0.000000000000000000 ) ) ;
#116 = EDGE_CURVE ( 'NONE', #429, #1490, #1526, .T. ) ;
#117 = VECTOR ( 'NONE', #480, 1000.000000000000000 ) ;
#118 = AXIS2_PLACEMENT_3D ( 'NONE', #179, #575, #1810 ) ;
#119 = LINE ( 'NONE', #1132, #6 ) ;
#120 = DIRECTION ( 'NONE',  ( -0.000000000000000000, -0.000000000000000000, 1.000000000000000000 ) ) ;
#121 = CARTESIAN_POINT ( 'NONE',  ( -16.00000000000000000, 57.00000000000000000, 2.000000000000000000 ) ) ;
#122 = ORIENTED_EDGE ( 'NONE', *, *, #2431, .T. ) ;
#123 = DIRECTION ( 'NONE',  ( 0.000000000000000000, 0.000000000000000000, -1.000000000000000000 ) ) ;
#124 = AXIS2_PLACEMENT_3D ( 'NONE', #377, #996, #2571 ) ;
#125 = ORIENTED_EDGE ( 'NONE', *, *, #1912, .F. ) ;
#126 = EDGE_CURVE ( 'NONE', #1781, #1748, #729, .T. ) ;
#127 = ORIENTED_EDGE ( 'NONE', *, *, #1287, .F. ) ;
#128 = VECTOR ( 'NONE', #801, 1000.000000000000000 ) ;
#129 = DIRECTION ( 'NONE',  ( -1.206764157201257291E-16, -1.000000000000000000, 0.000000000000000000 ) ) ;
#130 = ORIENTED_EDGE ( 'NONE', *, *, #2082, .F. ) ;
#131 = ADVANCED_FACE ( 'NONE', ( #2565 ), #958, .T. ) ;
#132 = ADVANCED_FACE ( 'NONE', ( #1770 ), #1224, .F. ) ;
#133 = CARTESIAN_POINT ( 'NONE',  ( -15.99999999999998579, 58.00000000000000000, 2.000000000000000000 ) ) ;
#134 = PLANE ( 'NONE',  #719 ) ;
#135 = DIRECTION ( 'NONE',  ( 0.000000000000000000, -0.000000000000000000, 1.000000000000000000 ) ) ;
#136 = CARTESIAN_POINT ( 'NONE',  ( 5.000000000000004441, -58.00000000000000000, 2.001000000000000334 ) ) ;
#137 = AXIS2_PLACEMENT_3D ( 'NONE', #1304, #2115, #288 ) ;
#138 = ORIENTED_EDGE ( 'NONE', *, *, #852, .T. ) ;
#139 = CIRCLE ( 'NONE', #2184, 2.000000000000001776 ) ;
#140 = EDGE_LOOP ( 'NONE', ( #445, #122, #1933, #2449 ) ) ;
#141 = DIRECTION ( 'NONE',  ( 1.239088197126291063E-16, -1.000000000000000000, 0.000000000000000000 ) ) ;
#142 = EDGE_LOOP ( 'NONE', ( #172, #1192, #755, #1306 ) ) ;
#143 = EDGE_CURVE ( 'NONE', #1331, #529, #2346, .T. ) ;
#144 = EDGE_CURVE ( 'NONE', #1844, #1357, #928, .T. ) ;
#145 = CARTESIAN_POINT ( 'NONE',  ( -88.00000000000001421, 21.26794919243113213, 0.000000000000000000 ) ) ;
#146 = FACE_OUTER_BOUND ( 'NONE', #1019, .T. ) ;
#147 = DIRECTION ( 'NONE',  ( 1.000000000000000000, -2.368223175394958470E-16, 0.000000000000000000 ) ) ;
#148 = DIRECTION ( 'NONE',  ( 1.000000000000000000, 0.000000000000000000, 0.000000000000000000 ) ) ;
#149 = ORIENTED_EDGE ( 'NONE', *, *, #1143, .F. ) ;
#150 = ORIENTED_EDGE ( 'NONE', *, *, #834, .T. ) ;
#151 = CARTESIAN_POINT ( 'NONE',  ( -5.000000000000000888, -58.00000000000000000, 2.001000000000000334 ) ) ;
#152 = DIRECTION ( 'NONE',  ( 1.000000000000000000, 0.000000000000000000, 0.000000000000000000 ) ) ;
#153 = VECTOR ( 'NONE', #367, 1000.000000000000000 ) ;
#154 = EDGE_CURVE ( 'NONE', #895, #645, #348, .T. ) ;
#155 = CARTESIAN_POINT ( 'NONE',  ( -29.00000000000000000, 23.50000000000000000, 2.000000000000000000 ) ) ;
#156 = AXIS2_PLACEMENT_3D ( 'NONE', #1687, #2122, #1714 ) ;
#157 = CARTESIAN_POINT ( 'NONE',  ( -88.00000000000001421, 21.26794919243113213, 0.000000000000000000 ) ) ;
#158 = CARTESIAN_POINT ( 'NONE',  ( -27.50000000000000000, 48.99999999999999289, -2.000000000000000000 ) ) ;
#159 = CARTESIAN_POINT ( 'NONE',  ( -26.49999999999999645, 56.00000000000000000, 0.000000000000000000 ) ) ;
#160 = ORIENTED_EDGE ( 'NONE', *, *, #2183, .F. ) ;
#161 = CARTESIAN_POINT ( 'NONE',  ( -5.000000000000000888, -58.00000000000000000, 2.000000000000000000 ) ) ;
#162 = ORIENTED_EDGE ( 'NONE', *, *, #937, .F. ) ;
#163 = VECTOR ( 'NONE', #2176, 1000.000000000000000 ) ;
#164 = CARTESIAN_POINT ( 'NONE',  ( -28.99999999999999645, 52.50000000000000711, -2.000000000000000000 ) ) ;
#165 = CARTESIAN_POINT ( 'NONE',  ( -3.000000000000000444, -50.00000000000000000, 0.000000000000000000 ) ) ;
#166 = VERTEX_POINT ( 'NONE', #2333 ) ;
#167 = AXIS2_PLACEMENT_3D ( 'NONE', #590, #2029, #1022 ) ;
#168 = DIRECTION ( 'NONE',  ( -0.000000000000000000, -0.000000000000000000, -1.000000000000000000 ) ) ;
#169 = PLANE ( 'NONE',  #2123 ) ;
#170 = CARTESIAN_POINT ( 'NONE',  ( -57.69999999999998863, 4.799999999999995381, 2.000000000000000000 ) ) ;
#171 = DIRECTION ( 'NONE',  ( 0.000000000000000000, 0.000000000000000000, -1.000000000000000000 ) ) ;
#172 = ORIENTED_EDGE ( 'NONE', *, *, #887, .T. ) ;
#173 = EDGE_CURVE ( 'NONE', #311, #799, #525, .T. ) ;
#174 = AXIS2_PLACEMENT_3D ( 'NONE', #552, #192, #2595 ) ;
#175 = EDGE_CURVE ( 'NONE', #476, #1773, #1664, .T. ) ;
#176 = DIRECTION ( 'NONE',  ( 1.000000000000000000, 0.000000000000000000, 0.000000000000000000 ) ) ;
#177 = CARTESIAN_POINT ( 'NONE',  ( 22.00000000000001776, -48.00000000000000000, 2.001000000000000334 ) ) ;
#178 = ORIENTED_EDGE ( 'NONE', *, *, #1538, .T. ) ;
#179 = CARTESIAN_POINT ( 'NONE',  ( -86.50000000000000000, 25.00000000000000000, -2.000000000000000000 ) ) ;
#180 = CARTESIAN_POINT ( 'NONE',  ( -87.00000000000000000, -0.1999999999999987899, -2.000000000000000000 ) ) ;
#181 = CIRCLE ( 'NONE', #436, 2.000000000000001776 ) ;
#182 = EDGE_LOOP ( 'NONE', ( #430, #98, #634, #365 ) ) ;
#183 = CARTESIAN_POINT ( 'NONE',  ( -88.00000000000001421, 18.99999999999999289, -2.000000000000000000 ) ) ;
#184 = LINE ( 'NONE', #213, #2586 ) ;
#185 = DIRECTION ( 'NONE',  ( -0.000000000000000000, -0.000000000000000000, -1.000000000000000000 ) ) ;
#186 = ORIENTED_EDGE ( 'NONE', *, *, #470, .T. ) ;
#187 = EDGE_CURVE ( 'NONE', #2474, #1455, #2171, .T. ) ;
#188 = FACE_OUTER_BOUND ( 'NONE', #1380, .T. ) ;
#189 = APPLICATION_PROTOCOL_DEFINITION ( 'draft international standard', 'automotive_design', 1998, #260 ) ;
#190 = ORIENTED_EDGE ( 'NONE', *, *, #344, .F. ) ;
#191 = CARTESIAN_POINT ( 'NONE',  ( -88.00000000000001421, 53.24261666968520501, -0.7573924122180281104 ) ) ;
#192 = DIRECTION ( 'NONE',  ( -0.000000000000000000, -0.000000000000000000, -1.000000000000000000 ) ) ;
#193 = VERTEX_POINT ( 'NONE', #2002 ) ;
#194 = EDGE_CURVE ( 'NONE', #2487, #262, #2393, .T. ) ;
#195 = DIRECTION ( 'NONE',  ( 1.000000000000000000, 0.000000000000000000, 0.000000000000000000 ) ) ;
#196 = LINE ( 'NONE', #22, #1914 ) ;
#197 = CIRCLE ( 'NONE', #1478, 1.000000000000000888 ) ;
#198 = CARTESIAN_POINT ( 'NONE',  ( -28.99999999999999645, 52.50000000000000711, 2.000000000000000000 ) ) ;
#199 = ORIENTED_EDGE ( 'NONE', *, *, #126, .F. ) ;
#200 = AXIS2_PLACEMENT_3D ( 'NONE', #1275, #42, #1842 ) ;
#201 = CARTESIAN_POINT ( 'NONE',  ( -2.999999999999986677, -48.00000000000000000, 2.000000000000000000 ) ) ;
#202 = SURFACE_STYLE_USAGE ( .BOTH. , #2240 ) ;
#203 = ORIENTED_EDGE ( 'NONE', *, *, #1925, .F. ) ;
#204 = AXIS2_PLACEMENT_3D ( 'NONE', #2097, #715, #1098 ) ;
#205 = PLANE ( 'NONE',  #331 ) ;
#206 = CARTESIAN_POINT ( 'NONE',  ( -57.69999999999999574, 18.99999999999999289, -2.000000000000000000 ) ) ;
#207 = EDGE_CURVE ( 'NONE', #1247, #710, #557, .T. ) ;
#208 = EDGE_LOOP ( 'NONE', ( #1917, #1837, #1527, #2088, #1821, #1647, #2426, #2334, #2290, #2433, #2280, #490, #2108, #675, #1245, #1884, #233, #679 ) ) ;
#209 = DIRECTION ( 'NONE',  ( -0.000000000000000000, -0.000000000000000000, 1.000000000000000000 ) ) ;
#210 = EDGE_CURVE ( 'NONE', #69, #1441, #1387, .T. ) ;
#211 = EDGE_CURVE ( 'NONE', #843, #414, #2205, .T. ) ;
#212 = FACE_OUTER_BOUND ( 'NONE', #1365, .T. ) ;
#213 = CARTESIAN_POINT ( 'NONE',  ( -57.69999999999999574, 18.99999999999999289, 0.000000000000000000 ) ) ;
#214 = VECTOR ( 'NONE', #1321, 1000.000000000000000 ) ;
#215 = DIRECTION ( 'NONE',  ( -0.000000000000000000, -0.000000000000000000, 1.000000000000000000 ) ) ;
#216 = ORIENTED_EDGE ( 'NONE', *, *, #1076, .T. ) ;
#217 = LINE ( 'NONE', #1415, #2084 ) ;
#218 = ORIENTED_EDGE ( 'NONE', *, *, #2482, .T. ) ;
#219 = LINE ( 'NONE', #446, #1875 ) ;
#220 = LINE ( 'NONE', #1229, #2359 ) ;
#221 = ORIENTED_EDGE ( 'NONE', *, *, #2221, .F. ) ;
#222 = AXIS2_PLACEMENT_3D ( 'NONE', #499, #99, #1544 ) ;
#223 = LINE ( 'NONE', #2268, #1765 ) ;
#224 = VECTOR ( 'NONE', #2414, 1000.000000000000000 ) ;
#225 = ADVANCED_FACE ( 'NONE', ( #587 ), #1600, .F. ) ;
#226 = CARTESIAN_POINT ( 'NONE',  ( -87.00000000000000000, 53.00000000000002132, -1.000000000000000000 ) ) ;
#227 = CARTESIAN_POINT ( 'NONE',  ( 87.99999999999998579, 55.99999999999998579, 2.000000000000000000 ) ) ;
#228 = EDGE_CURVE ( 'NONE', #2241, #472, #788, .T. ) ;
#229 = LINE ( 'NONE', #2457, #230 ) ;
#230 = VECTOR ( 'NONE', #453, 1000.000000000000000 ) ;
#231 = ORIENTED_EDGE ( 'NONE', *, *, #2509, .T. ) ;
#232 = DIRECTION ( 'NONE',  ( -0.000000000000000000, -0.000000000000000000, -1.000000000000000000 ) ) ;
#233 = ORIENTED_EDGE ( 'NONE', *, *, #33, .F. ) ;
#234 = DIRECTION ( 'NONE',  ( -0.000000000000000000, -0.000000000000000000, 1.000000000000000000 ) ) ;
#235 = DIRECTION ( 'NONE',  ( -0.000000000000000000, 0.000000000000000000, -1.000000000000000000 ) ) ;
#236 = EDGE_LOOP ( 'NONE', ( #2140, #845, #627, #1993 ) ) ;
#237 = CARTESIAN_POINT ( 'NONE',  ( -29.00000000000000000, 26.99999999999999645, -2.000000000000000000 ) ) ;
#238 = VERTEX_POINT ( 'NONE', #1401 ) ;
#239 = DIRECTION ( 'NONE',  ( -1.000000000000000000, 0.000000000000000000, 0.000000000000000000 ) ) ;
#240 = LINE ( 'NONE', #1059, #579 ) ;
#241 = EDGE_CURVE ( 'NONE', #710, #604, #362, .T. ) ;
#242 = LINE ( 'NONE', #835, #2327 ) ;
#243 = VECTOR ( 'NONE', #803, 1000.000000000000000 ) ;
#244 = ORIENTED_EDGE ( 'NONE', *, *, #386, .F. ) ;
#245 = EDGE_CURVE ( 'NONE', #743, #1773, #1992, .T. ) ;
#246 = EDGE_LOOP ( 'NONE', ( #231, #1157, #1390, #762 ) ) ;
#247 = VECTOR ( 'NONE', #2009, 1000.000000000000000 ) ;
#248 = CARTESIAN_POINT ( 'NONE',  ( -28.99999999999999645, 48.50000000000000000, 2.000000000000000000 ) ) ;
#249 = VECTOR ( 'NONE', #1927, 1000.000000000000000 ) ;
#250 = ORIENTED_EDGE ( 'NONE', *, *, #1233, .T. ) ;
#251 = CARTESIAN_POINT ( 'NONE',  ( -26.49999999999999645, 53.00000000000002842, 0.000000000000000000 ) ) ;
#252 = LINE ( 'NONE', #1815, #128 ) ;
#253 = DIRECTION ( 'NONE',  ( -0.000000000000000000, -0.000000000000000000, -1.000000000000000000 ) ) ;
#254 = CARTESIAN_POINT ( 'NONE',  ( -87.00000000000000000, 55.00000000000002842, -1.000000000000000000 ) ) ;
#255 = PRESENTATION_LAYER_ASSIGNMENT (  '', '', ( #1108 ) ) ;
#256 = CARTESIAN_POINT ( 'NONE',  ( 5.000000000000001776, -50.00000000000001421, 2.000000000000000000 ) ) ;
#257 = VERTEX_POINT ( 'NONE', #778 ) ;
#258 = ADVANCED_FACE ( 'NONE', ( #1807 ), #837, .F. ) ;
#259 = ORIENTED_EDGE ( 'NONE', *, *, #2383, .F. ) ;
#260 = APPLICATION_CONTEXT ( 'automotive_design' ) ;
#261 = DIRECTION ( 'NONE',  ( 1.000000000000000000, 0.000000000000000000, 0.000000000000000000 ) ) ;
#262 = VERTEX_POINT ( 'NONE', #2448 ) ;
#263 = ADVANCED_FACE ( 'NONE', ( #1178 ), #1038, .F. ) ;
#264 = ORIENTED_EDGE ( 'NONE', *, *, #1910, .T. ) ;
#265 = DIRECTION ( 'NONE',  ( -1.000000000000000000, -0.000000000000000000, -0.000000000000000000 ) ) ;
#266 = ORIENTED_EDGE ( 'NONE', *, *, #1371, .F. ) ;
#267 = DIRECTION ( 'NONE',  ( -1.000000000000000000, 0.000000000000000000, 0.000000000000000000 ) ) ;
#268 = VECTOR ( 'NONE', #2051, 1000.000000000000000 ) ;
#269 = CARTESIAN_POINT ( 'NONE',  ( 78.00000000000000000, 2.999999999999985789, 0.000000000000000000 ) ) ;
#270 = TOROIDAL_SURFACE ( 'NONE', #1762, 2.000000000000006217, 1.000000000000000000 ) ;
#271 = VECTOR ( 'NONE', #1449, 1000.000000000000000 ) ;
#272 = DIRECTION ( 'NONE',  ( 0.000000000000000000, -1.000000000000000000, 0.000000000000000000 ) ) ;
#273 = CARTESIAN_POINT ( 'NONE',  ( -88.00000000000000000, 23.00000000000000355, -1.000000000000000000 ) ) ;
#274 = VERTEX_POINT ( 'NONE', #1592 ) ;
#275 = ORIENTED_EDGE ( 'NONE', *, *, #937, .T. ) ;
#276 = EDGE_LOOP ( 'NONE', ( #1239, #100, #2394, #982 ) ) ;
#277 = LINE ( 'NONE', #1343, #349 ) ;
#278 = EDGE_CURVE ( 'NONE', #1679, #574, #2193, .T. ) ;
#279 = VERTEX_POINT ( 'NONE', #1403 ) ;
#280 = CYLINDRICAL_SURFACE ( 'NONE', #2064, 2.000000000000001776 ) ;
#281 = VERTEX_POINT ( 'NONE', #201 ) ;
#282 = CARTESIAN_POINT ( 'NONE',  ( 20.00000000000000000, -50.00000000000001421, 2.001000000000000334 ) ) ;
#283 = CARTESIAN_POINT ( 'NONE',  ( -28.99999999999999645, 48.99999999999999289, 0.000000000000000000 ) ) ;
#284 = CARTESIAN_POINT ( 'NONE',  ( 67.99999999999998579, -50.00000000000000000, 2.000000000000000000 ) ) ;
#285 = CARTESIAN_POINT ( 'NONE',  ( -56.70000000000000995, -0.2000000000000003164, -2.000000000000000000 ) ) ;
#286 = ORIENTED_EDGE ( 'NONE', *, *, #1371, .T. ) ;
#287 = ORIENTED_EDGE ( 'NONE', *, *, #194, .F. ) ;
#288 = DIRECTION ( 'NONE',  ( 1.000000000000000000, 0.000000000000000000, 0.000000000000000000 ) ) ;
#289 = VECTOR ( 'NONE', #253, 1000.000000000000000 ) ;
#290 = ORIENTED_EDGE ( 'NONE', *, *, #782, .T. ) ;
#291 = DIRECTION ( 'NONE',  ( -0.000000000000000000, -0.000000000000000000, -1.000000000000000000 ) ) ;
#292 = CARTESIAN_POINT ( 'NONE',  ( -86.00000000000000000, 58.00000000000000000, 0.000000000000000000 ) ) ;
#293 = EDGE_CURVE ( 'NONE', #1278, #238, #217, .T. ) ;
#294 = CARTESIAN_POINT ( 'NONE',  ( -57.70000000000000284, -0.2000000000000057288, -2.000000000000000000 ) ) ;
#295 = LINE ( 'NONE', #1926, #870 ) ;
#296 = CARTESIAN_POINT ( 'NONE',  ( 22.00000000000000355, -50.00000000000000000, 0.000000000000000000 ) ) ;
#297 = CARTESIAN_POINT ( 'NONE',  ( 67.99999999999997158, -48.00000000000000000, 2.000000000000000000 ) ) ;
#298 = ORIENTED_EDGE ( 'NONE', *, *, #2337, .F. ) ;
#299 = CARTESIAN_POINT ( 'NONE',  ( -29.00000000000000000, 26.99999999999999645, -2.000000000000000000 ) ) ;
#300 = ORIENTED_EDGE ( 'NONE', *, *, #210, .F. ) ;
#301 = ORIENTED_EDGE ( 'NONE', *, *, #628, .F. ) ;
#302 = CARTESIAN_POINT ( 'NONE',  ( 88.00000000000000000, 4.999999999999997335, 2.001000000000000334 ) ) ;
#303 = DIRECTION ( 'NONE',  ( -1.000000000000000000, 8.673617379883968419E-16, 0.000000000000000000 ) ) ;
#304 = CARTESIAN_POINT ( 'NONE',  ( -87.00000000000000000, 23.00000000000000355, -2.000000000000000000 ) ) ;
#305 = EDGE_CURVE ( 'NONE', #2310, #798, #790, .T. ) ;
#306 = CARTESIAN_POINT ( 'NONE',  ( -26.49999999999999645, 56.00000000000009948, 0.000000000000000000 ) ) ;
#307 = DIRECTION ( 'NONE',  ( 1.000000000000000000, 0.000000000000000000, 0.000000000000000000 ) ) ;
#308 = CIRCLE ( 'NONE', #1334, 2.000000000000001776 ) ;
#309 = EDGE_CURVE ( 'NONE', #2310, #820, #2421, .T. ) ;
#310 = CARTESIAN_POINT ( 'NONE',  ( 85.99999999999998579, 55.00000000000004974, 0.000000000000000000 ) ) ;
#311 = VERTEX_POINT ( 'NONE', #1214 ) ;
#312 = ADVANCED_FACE ( 'NONE', ( #188 ), #2005, .F. ) ;
#313 = CARTESIAN_POINT ( 'NONE',  ( 20.00000000000000355, -58.00000000000000000, 2.000000000000000000 ) ) ;
#314 = ORIENTED_EDGE ( 'NONE', *, *, #489, .F. ) ;
#315 = ORIENTED_EDGE ( 'NONE', *, *, #39, .F. ) ;
#316 = SURFACE_STYLE_FILL_AREA ( #1936 ) ;
#317 = CARTESIAN_POINT ( 'NONE',  ( 69.99999999999998579, -58.00000000000000000, 0.000000000000000000 ) ) ;
#318 = ADVANCED_FACE ( 'NONE', ( #2045 ), #2626, .F. ) ;
#319 = CARTESIAN_POINT ( 'NONE',  ( 15.00000000000000000, 58.00000000000000000, 2.001000000000000334 ) ) ;
#320 = DIRECTION ( 'NONE',  ( -1.000000000000000000, 0.000000000000000000, 0.000000000000000000 ) ) ;
#321 = ORIENTED_EDGE ( 'NONE', *, *, #1094, .T. ) ;
#322 = DIRECTION ( 'NONE',  ( 1.000000000000000000, 0.000000000000000000, 0.000000000000000000 ) ) ;
#323 = ORIENTED_EDGE ( 'NONE', *, *, #1986, .F. ) ;
#324 = CIRCLE ( 'NONE', #796, 1.000000000000000888 ) ;
#325 = ORIENTED_EDGE ( 'NONE', *, *, #207, .F. ) ;
#326 = CARTESIAN_POINT ( 'NONE',  ( 5.000000000000004441, -58.00000000000000000, 2.001000000000000334 ) ) ;
#327 = EDGE_LOOP ( 'NONE', ( #526, #1032, #746, #298 ) ) ;
#328 = AXIS2_PLACEMENT_3D ( 'NONE', #2391, #2358, #522 ) ;
#329 =( NAMED_UNIT ( * ) PLANE_ANGLE_UNIT ( ) SI_UNIT ( $, .RADIAN. ) );
#330 = VERTEX_POINT ( 'NONE', #573 ) ;
#331 = AXIS2_PLACEMENT_3D ( 'NONE', #631, #1444, #1216 ) ;
#332 = CARTESIAN_POINT ( 'NONE',  ( 5.000000000000001776, -50.00000000000001421, 2.001000000000000334 ) ) ;
#333 = CARTESIAN_POINT ( 'NONE',  ( -29.00000000000000000, 26.99999999999999645, 0.000000000000000000 ) ) ;
#334 = VECTOR ( 'NONE', #886, 1000.000000000000000 ) ;
#335 = DIRECTION ( 'NONE',  ( -2.368223175394958964E-16, -1.000000000000000000, 0.000000000000000000 ) ) ;
#336 = CARTESIAN_POINT ( 'NONE',  ( -28.99999999999999645, 27.49999999999999289, 2.001000000000000334 ) ) ;
#337 = ORIENTED_EDGE ( 'NONE', *, *, #46, .F. ) ;
#338 = VECTOR ( 'NONE', #1176, 1000.000000000000000 ) ;
#339 = EDGE_CURVE ( 'NONE', #1272, #1056, #807, .T. ) ;
#340 = ORIENTED_EDGE ( 'NONE', *, *, #993, .F. ) ;
#341 = AXIS2_PLACEMENT_3D ( 'NONE', #2442, #449, #1033 ) ;
#342 = DIRECTION ( 'NONE',  ( -1.000000000000000000, 0.000000000000000000, 0.000000000000000000 ) ) ;
#343 = ORIENTED_EDGE ( 'NONE', *, *, #1350, .F. ) ;
#344 = EDGE_CURVE ( 'NONE', #1056, #2091, #391, .T. ) ;
#345 = LINE ( 'NONE', #1987, #1294 ) ;
#346 = CARTESIAN_POINT ( 'NONE',  ( 69.99999999999998579, -58.00000000000000000, 2.001000000000000334 ) ) ;
#347 = FACE_OUTER_BOUND ( 'NONE', #869, .T. ) ;
#348 = LINE ( 'NONE', #1780, #2593 ) ;
#349 = VECTOR ( 'NONE', #2154, 1000.000000000000000 ) ;
#350 = VERTEX_POINT ( 'NONE', #1007 ) ;
#351 = AXIS2_PLACEMENT_3D ( 'NONE', #1496, #2318, #581 ) ;
#352 = ORIENTED_EDGE ( 'NONE', *, *, #33, .T. ) ;
#353 = CARTESIAN_POINT ( 'NONE',  ( -88.00000000000002842, 54.55872612573499225, -2.634272465960873068E-16 ) ) ;
#354 = DIRECTION ( 'NONE',  ( 1.184111587697479482E-16, 1.000000000000000000, -0.000000000000000000 ) ) ;
#355 = EDGE_CURVE ( 'NONE', #574, #2476, #1819, .T. ) ;
#356 = VECTOR ( 'NONE', #849, 1000.000000000000000 ) ;
#357 = ADVANCED_FACE ( 'NONE', ( #1619 ), #2434, .T. ) ;
#358 = CARTESIAN_POINT ( 'NONE',  ( -88.00000000000001421, 21.93458505610399811, -0.1484888465073874175 ) ) ;
#359 = DIRECTION ( 'NONE',  ( -0.000000000000000000, 0.000000000000000000, -1.000000000000000000 ) ) ;
#360 = AXIS2_PLACEMENT_3D ( 'NONE', #2145, #2339, #517 ) ;
#361 = DIRECTION ( 'NONE',  ( -1.000000000000000000, 1.040834085586083310E-14, 0.000000000000000000 ) ) ;
#362 = LINE ( 'NONE', #1377, #338 ) ;
#363 = EDGE_LOOP ( 'NONE', ( #1945, #160, #290, #395 ) ) ;
#364 = CARTESIAN_POINT ( 'NONE',  ( -28.99999999999999645, 52.50000000000000711, -2.000000000000000000 ) ) ;
#365 = ORIENTED_EDGE ( 'NONE', *, *, #2107, .F. ) ;
#366 = DIRECTION ( 'NONE',  ( -0.000000000000000000, -0.000000000000000000, -1.000000000000000000 ) ) ;
#367 = DIRECTION ( 'NONE',  ( 1.000000000000000000, 0.000000000000000000, 0.000000000000000000 ) ) ;
#368 = AXIS2_PLACEMENT_3D ( 'NONE', #772, #1966, #1988 ) ;
#369 = ADVANCED_FACE ( 'NONE', ( #822 ), #629, .T. ) ;
#370 = CARTESIAN_POINT ( 'NONE',  ( -88.00000000000001421, 55.99999999999998579, 2.000000000000000000 ) ) ;
#371 = VECTOR ( 'NONE', #673, 1000.000000000000000 ) ;
#372 = DIRECTION ( 'NONE',  ( -0.000000000000000000, 0.000000000000000000, 1.000000000000000000 ) ) ;
#373 = ADVANCED_FACE ( 'NONE', ( #1389 ), #2208, .T. ) ;
#374 = DIRECTION ( 'NONE',  ( 1.000000000000000000, 0.000000000000000000, 0.000000000000000000 ) ) ;
#375 = DIRECTION ( 'NONE',  ( 1.000000000000000000, -2.168404344971014538E-16, -0.000000000000000000 ) ) ;
#376 = ORIENTED_EDGE ( 'NONE', *, *, #2215, .F. ) ;
#377 = CARTESIAN_POINT ( 'NONE',  ( -86.00000000000000000, 56.00000000000000000, 2.000000000000000000 ) ) ;
#378 =( NAMED_UNIT ( * ) SI_UNIT ( $, .STERADIAN. ) SOLID_ANGLE_UNIT ( ) );
#379 = ORIENTED_EDGE ( 'NONE', *, *, #1925, .T. ) ;
#380 = VECTOR ( 'NONE', #2126, 1000.000000000000000 ) ;
#381 = DIRECTION ( 'NONE',  ( -0.000000000000000000, -0.000000000000000000, 1.000000000000000000 ) ) ;
#382 = DIRECTION ( 'NONE',  ( -0.000000000000000000, 0.000000000000000000, -1.000000000000000000 ) ) ;
#383 = VERTEX_POINT ( 'NONE', #1117 ) ;
#384 = CARTESIAN_POINT ( 'NONE',  ( -88.00000000000000000, 22.75870106586280173, -0.7587022722351925985 ) ) ;
#385 = CARTESIAN_POINT ( 'NONE',  ( -87.00000000000000000, -0.2000000000000056455, 2.000000000000000000 ) ) ;
#386 = EDGE_CURVE ( 'NONE', #2220, #820, #1129, .T. ) ;
#387 = PLANE ( 'NONE',  #1379 ) ;
#388 = CARTESIAN_POINT ( 'NONE',  ( -28.99999999999999645, 52.50000000000000711, 0.000000000000000000 ) ) ;
#389 = ADVANCED_FACE ( 'NONE', ( #2351 ), #1295, .F. ) ;
#390 = VERTEX_POINT ( 'NONE', #2519 ) ;
#391 = LINE ( 'NONE', #1202, #1024 ) ;
#392 = MANIFOLD_SOLID_BREP ( '°£®Æ-¦ùªø4', #2578 ) ;
#393 = LINE ( 'NONE', #1620, #637 ) ;
#394 = ADVANCED_FACE ( 'NONE', ( #1507 ), #2366, .F. ) ;
#395 = ORIENTED_EDGE ( 'NONE', *, *, #1081, .F. ) ;
#396 = CARTESIAN_POINT ( 'NONE',  ( 16.00000000000000000, 58.00000000000000000, 0.000000000000000000 ) ) ;
#397 = DIRECTION ( 'NONE',  ( 0.000000000000000000, 1.000000000000000000, 0.000000000000000000 ) ) ;
#398 = ORIENTED_EDGE ( 'NONE', *, *, #1051, .F. ) ;
#399 = VERTEX_POINT ( 'NONE', #1751 ) ;
#400 = PLANE ( 'NONE',  #766 ) ;
#401 = CARTESIAN_POINT ( 'NONE',  ( -27.50000000000000000, 26.99999999999999645, 0.000000000000000000 ) ) ;
#402 = CARTESIAN_POINT ( 'NONE',  ( -87.00000000000000000, 22.00000000000000355, -1.000000000000000000 ) ) ;
#403 = ORIENTED_EDGE ( 'NONE', *, *, #721, .F. ) ;
#404 = CARTESIAN_POINT ( 'NONE',  ( 22.00000000000000355, -50.00000000000000000, 2.001000000000000334 ) ) ;
#405 = ORIENTED_EDGE ( 'NONE', *, *, #1812, .F. ) ;
#406 = DIRECTION ( 'NONE',  ( -0.000000000000000000, -0.000000000000000000, 1.000000000000000000 ) ) ;
#407 = CARTESIAN_POINT ( 'NONE',  ( -86.50000000000000000, 48.50000000000000000, 0.000000000000000000 ) ) ;
#408 = ORIENTED_EDGE ( 'NONE', *, *, #818, .T. ) ;
#409 = VERTEX_POINT ( 'NONE', #115 ) ;
#410 = PLANE ( 'NONE',  #2389 ) ;
#411 = CARTESIAN_POINT ( 'NONE',  ( -86.50000000000000000, 51.00000000000000000, -2.000000000000000000 ) ) ;
#412 = VECTOR ( 'NONE', #610, 1000.000000000000000 ) ;
#413 = LINE ( 'NONE', #2497, #2530 ) ;
#414 = VERTEX_POINT ( 'NONE', #1518 ) ;
#415 = DIRECTION ( 'NONE',  ( 1.000000000000000000, 0.000000000000000000, 0.000000000000000000 ) ) ;
#416 = VERTEX_POINT ( 'NONE', #1547 ) ;
#417 = CARTESIAN_POINT ( 'NONE',  ( -28.99999999999999645, 27.49999999999999289, 0.000000000000000000 ) ) ;
#418 = DIRECTION ( 'NONE',  ( 1.000000000000000000, -0.000000000000000000, -0.000000000000000000 ) ) ;
#419 = EDGE_CURVE ( 'NONE', #645, #1331, #74, .T. ) ;
#420 = CIRCLE ( 'NONE', #898, 1.000000000000004441 ) ;
#421 = ORIENTED_EDGE ( 'NONE', *, *, #764, .T. ) ;
#422 = ADVANCED_FACE ( 'NONE', ( #1960 ), #897, .F. ) ;
#423 = CYLINDRICAL_SURFACE ( 'NONE', #1155, 2.000000000000001776 ) ;
#424 = ORIENTED_EDGE ( 'NONE', *, *, #1069, .T. ) ;
#425 = FACE_BOUND ( 'NONE', #656, .T. ) ;
#426 = CARTESIAN_POINT ( 'NONE',  ( 87.99999999999998579, 55.99999999999998579, 0.000000000000000000 ) ) ;
#427 = TOROIDAL_SURFACE ( 'NONE', #2637, 1.999999999999999112, 1.000000000000000000 ) ;
#428 = DIRECTION ( 'NONE',  ( 0.000000000000000000, -1.000000000000000000, 0.000000000000000000 ) ) ;
#429 = VERTEX_POINT ( 'NONE', #948 ) ;
#430 = ORIENTED_EDGE ( 'NONE', *, *, #1249, .T. ) ;
#431 = ORIENTED_EDGE ( 'NONE', *, *, #1885, .T. ) ;
#432 = CARTESIAN_POINT ( 'NONE',  ( 3.000000000000000888, -50.00000000000000000, 2.000000000000000000 ) ) ;
#433 = FACE_OUTER_BOUND ( 'NONE', #824, .T. ) ;
#434 = ORIENTED_EDGE ( 'NONE', *, *, #2289, .T. ) ;
#435 = ADVANCED_FACE ( 'NONE', ( #936 ), #1711, .F. ) ;
#436 = AXIS2_PLACEMENT_3D ( 'NONE', #805, #2432, #361 ) ;
#437 = CARTESIAN_POINT ( 'NONE',  ( -15.00000000000000000, 52.00000000000000000, 2.001000000000000334 ) ) ;
#438 = ORIENTED_EDGE ( 'NONE', *, *, #2431, .F. ) ;
#439 = FACE_OUTER_BOUND ( 'NONE', #1731, .T. ) ;
#440 = PRODUCT_DEFINITION_CONTEXT ( 'detailed design', #260, 'design' ) ;
#441 = FACE_OUTER_BOUND ( 'NONE', #56, .T. ) ;
#442 = ADVANCED_FACE ( 'NONE', ( #2106 ), #280, .F. ) ;
#443 = CARTESIAN_POINT ( 'NONE',  ( 5.000000000000004441, -58.00000000000000000, 0.000000000000000000 ) ) ;
#444 = LINE ( 'NONE', #1929, #380 ) ;
#445 = ORIENTED_EDGE ( 'NONE', *, *, #703, .T. ) ;
#446 = CARTESIAN_POINT ( 'NONE',  ( 69.99999999999998579, -58.00000000000000000, 2.001000000000000334 ) ) ;
#447 = ORIENTED_EDGE ( 'NONE', *, *, #2356, .F. ) ;
#448 = DIRECTION ( 'NONE',  ( -0.000000000000000000, -0.000000000000000000, -1.000000000000000000 ) ) ;
#449 = DIRECTION ( 'NONE',  ( -1.000000000000000000, -1.239088197126291310E-16, 0.000000000000000000 ) ) ;
#450 = ORIENTED_EDGE ( 'NONE', *, *, #2575, .F. ) ;
#451 = LINE ( 'NONE', #77, #625 ) ;
#452 = EDGE_CURVE ( 'NONE', #1981, #1757, #2408, .T. ) ;
#453 = DIRECTION ( 'NONE',  ( -0.000000000000000000, 1.000000000000000000, -0.000000000000000000 ) ) ;
#454 = LINE ( 'NONE', #667, #956 ) ;
#455 = ADVANCED_FACE ( 'NONE', ( #1736 ), #1531, .T. ) ;
#456 = VECTOR ( 'NONE', #1368, 1000.000000000000000 ) ;
#457 = EDGE_LOOP ( 'NONE', ( #2502, #1621, #1771, #101 ) ) ;
#458 = ORIENTED_EDGE ( 'NONE', *, *, #143, .T. ) ;
#459 = VECTOR ( 'NONE', #2195, 1000.000000000000000 ) ;
#460 = DIRECTION ( 'NONE',  ( -1.000000000000000000, 0.000000000000000000, 0.000000000000000000 ) ) ;
#461 = ORIENTED_EDGE ( 'NONE', *, *, #1631, .F. ) ;
#462 = DIRECTION ( 'NONE',  ( 1.000000000000000000, 0.000000000000000000, 0.000000000000000000 ) ) ;
#463 = CARTESIAN_POINT ( 'NONE',  ( -15.00000000000000000, 58.00000000000000000, 2.001000000000000334 ) ) ;
#464 = EDGE_LOOP ( 'NONE', ( #340, #138, #221, #2472 ) ) ;
#465 = STYLED_ITEM ( 'NONE', ( #1761 ), #392 ) ;
#466 = LINE ( 'NONE', #508, #1604 ) ;
#467 =( GEOMETRIC_REPRESENTATION_CONTEXT ( 3 ) GLOBAL_UNCERTAINTY_ASSIGNED_CONTEXT ( ( #1266 ) ) GLOBAL_UNIT_ASSIGNED_CONTEXT ( ( #2006, #329, #378 ) ) REPRESENTATION_CONTEXT ( 'NONE', 'WORKASPACE' ) );
#468 = CARTESIAN_POINT ( 'NONE',  ( -87.00000000000000000, 55.00000000000002842, -1.000000000000000000 ) ) ;
#469 = AXIS2_PLACEMENT_3D ( 'NONE', #226, #1831, #1451 ) ;
#470 = EDGE_CURVE ( 'NONE', #262, #238, #972, .T. ) ;
#471 = DIRECTION ( 'NONE',  ( 1.000000000000000000, -1.186135710069612158E-16, -0.000000000000000000 ) ) ;
#472 = VERTEX_POINT ( 'NONE', #1156 ) ;
#473 = ORIENTED_EDGE ( 'NONE', *, *, #419, .F. ) ;
#474 = LINE ( 'NONE', #705, #722 ) ;
#475 = VECTOR ( 'NONE', #265, 1000.000000000000000 ) ;
#476 = VERTEX_POINT ( 'NONE', #576 ) ;
#477 = CARTESIAN_POINT ( 'NONE',  ( -26.50000000000000000, 22.99999999999999645, 0.000000000000000000 ) ) ;
#478 = VECTOR ( 'NONE', #1599, 1000.000000000000000 ) ;
#479 = DIRECTION ( 'NONE',  ( -1.000000000000000000, 1.186135710069612158E-16, 0.000000000000000000 ) ) ;
#480 = DIRECTION ( 'NONE',  ( 1.000000000000000000, -1.184111587697479482E-16, 0.000000000000000000 ) ) ;
#481 = VECTOR ( 'NONE', #1185, 1000.000000000000000 ) ;
#482 = AXIS2_PLACEMENT_3D ( 'NONE', #2061, #35, #60 ) ;
#483 = DIRECTION ( 'NONE',  ( -1.000000000000000000, 1.186135710069611912E-16, -0.000000000000000000 ) ) ;
#484 = LINE ( 'NONE', #2332, #1974 ) ;
#485 = ADVANCED_FACE ( 'NONE', ( #1010 ), #1358, .F. ) ;
#486 = ORIENTED_EDGE ( 'NONE', *, *, #1213, .F. ) ;
#487 = ORIENTED_EDGE ( 'NONE', *, *, #1579, .T. ) ;
#488 = CARTESIAN_POINT ( 'NONE',  ( 5.000000000000004441, -58.00000000000000000, 0.000000000000000000 ) ) ;
#489 = EDGE_CURVE ( 'NONE', #1305, #843, #1558, .T. ) ;
#490 = ORIENTED_EDGE ( 'NONE', *, *, #703, .F. ) ;
#491 = DIRECTION ( 'NONE',  ( 1.000000000000000000, -1.206764157201257291E-16, 0.000000000000000000 ) ) ;
#492 = EDGE_CURVE ( 'NONE', #798, #929, #665, .T. ) ;
#493 = DIRECTION ( 'NONE',  ( -0.000000000000000000, -0.000000000000000000, 1.000000000000000000 ) ) ;
#494 = LINE ( 'NONE', #2110, #117 ) ;
#495 = DIRECTION ( 'NONE',  ( -1.000000000000000000, -0.000000000000000000, -0.000000000000000000 ) ) ;
#496 = CARTESIAN_POINT ( 'NONE',  ( -16.00000000000000000, 57.00000000000000000, 2.000000000000000000 ) ) ;
#497 = LINE ( 'NONE', #1135, #2129 ) ;
#498 = ORIENTED_EDGE ( 'NONE', *, *, #902, .T. ) ;
#499 = CARTESIAN_POINT ( 'NONE',  ( -85.99999999999998579, -58.00000000000000000, 2.000000000000000000 ) ) ;
#500 = ORIENTED_EDGE ( 'NONE', *, *, #1309, .F. ) ;
#501 = VECTOR ( 'NONE', #2379, 1000.000000000000000 ) ;
#502 = ORIENTED_EDGE ( 'NONE', *, *, #175, .F. ) ;
#503 = UNCERTAINTY_MEASURE_WITH_UNIT (LENGTH_MEASURE( 1.000000000000000082E-05 ), #1561, 'distance_accuracy_value', 'NONE');
#504 = CARTESIAN_POINT ( 'NONE',  ( -85.99999999999998579, -58.00000000000000000, 2.000000000000000000 ) ) ;
#505 = ADVANCED_FACE ( 'NONE', ( #2212 ), #2583, .F. ) ;
#506 = DIRECTION ( 'NONE',  ( -8.673617379883968419E-16, -1.000000000000000000, 0.000000000000000000 ) ) ;
#507 = EDGE_CURVE ( 'NONE', #1319, #754, #324, .T. ) ;
#508 = CARTESIAN_POINT ( 'NONE',  ( -87.00000000000001421, 20.00000000000000000, -2.000000000000000000 ) ) ;
#509 = DIRECTION ( 'NONE',  ( -1.000000000000000000, 0.000000000000000000, 0.000000000000000000 ) ) ;
#510 = AXIS2_PLACEMENT_3D ( 'NONE', #2613, #774, #171 ) ;
#511 = DIRECTION ( 'NONE',  ( -1.000000000000000000, -0.000000000000000000, -0.000000000000000000 ) ) ;
#512 = DIRECTION ( 'NONE',  ( -0.000000000000000000, -0.000000000000000000, -1.000000000000000000 ) ) ;
#513 = ORIENTED_EDGE ( 'NONE', *, *, #1355, .T. ) ;
#514 = DIRECTION ( 'NONE',  ( 0.000000000000000000, -0.000000000000000000, 1.000000000000000000 ) ) ;
#515 = ORIENTED_EDGE ( 'NONE', *, *, #2007, .F. ) ;
#516 = ORIENTED_EDGE ( 'NONE', *, *, #783, .F. ) ;
#517 = DIRECTION ( 'NONE',  ( -1.000000000000000000, 0.000000000000000000, 0.000000000000000000 ) ) ;
#518 = ORIENTED_EDGE ( 'NONE', *, *, #711, .F. ) ;
#519 = EDGE_CURVE ( 'NONE', #1357, #274, #2119, .T. ) ;
#520 = CARTESIAN_POINT ( 'NONE',  ( -87.00000000000000000, 54.00000000000002842, -2.000000000000000000 ) ) ;
#521 = LINE ( 'NONE', #1481, #2321 ) ;
#522 = DIRECTION ( 'NONE',  ( 0.000000000000000000, 0.000000000000000000, 1.000000000000000000 ) ) ;
#523 = AXIS2_PLACEMENT_3D ( 'NONE', #1211, #1018, #1035 ) ;
#524 = EDGE_CURVE ( 'NONE', #1441, #2291, #781, .T. ) ;
#525 = LINE ( 'NONE', #1340, #633 ) ;
#526 = ORIENTED_EDGE ( 'NONE', *, *, #1567, .T. ) ;
#527 = CARTESIAN_POINT ( 'NONE',  ( -88.00000000000000000, 25.00000000000000000, -2.000000000000000000 ) ) ;
#528 = ORIENTED_EDGE ( 'NONE', *, *, #2523, .T. ) ;
#529 = VERTEX_POINT ( 'NONE', #180 ) ;
#530 = DIRECTION ( 'NONE',  ( 0.000000000000000000, 0.000000000000000000, 1.000000000000000000 ) ) ;
#531 = CARTESIAN_POINT ( 'NONE',  ( -28.50000000000000000, 53.00000000000002842, -1.000000000000000000 ) ) ;
#532 = DIRECTION ( 'NONE',  ( -0.000000000000000000, -0.000000000000000000, -1.000000000000000000 ) ) ;
#533 = EDGE_CURVE ( 'NONE', #754, #2043, #1984, .T. ) ;
#534 = LINE ( 'NONE', #1151, #36 ) ;
#535 = EDGE_CURVE ( 'NONE', #1431, #2385, #1738, .T. ) ;
#536 = EDGE_LOOP ( 'NONE', ( #704, #2086, #1293, #405 ) ) ;
#537 = DIRECTION ( 'NONE',  ( -1.000000000000000000, 0.000000000000000000, 0.000000000000000000 ) ) ;
#538 = VERTEX_POINT ( 'NONE', #1811 ) ;
#539 = DIRECTION ( 'NONE',  ( 0.000000000000000000, 1.000000000000000000, 0.000000000000000000 ) ) ;
#540 = CIRCLE ( 'NONE', #1014, 2.000000000000001776 ) ;
#541 = VECTOR ( 'NONE', #718, 1000.000000000000000 ) ;
#542 = CARTESIAN_POINT ( 'NONE',  ( -26.49999999999999645, 53.00000000000002842, -1.000000000000000000 ) ) ;
#543 = DIRECTION ( 'NONE',  ( 0.000000000000000000, 0.000000000000000000, -1.000000000000000000 ) ) ;
#544 = DIRECTION ( 'NONE',  ( 0.000000000000000000, -0.000000000000000000, -1.000000000000000000 ) ) ;
#545 = DIRECTION ( 'NONE',  ( -1.000000000000000000, 2.368223175394958964E-16, -0.000000000000000000 ) ) ;
#546 = EDGE_CURVE ( 'NONE', #1783, #720, #1406, .T. ) ;
#547 = ORIENTED_EDGE ( 'NONE', *, *, #2003, .T. ) ;
#548 = AXIS2_PLACEMENT_3D ( 'NONE', #1804, #1188, #2190 ) ;
#549 = ORIENTED_EDGE ( 'NONE', *, *, #1011, .F. ) ;
#550 = CIRCLE ( 'NONE', #1964, 2.000000000000001776 ) ;
#551 = LINE ( 'NONE', #1169, #1743 ) ;
#552 = CARTESIAN_POINT ( 'NONE',  ( -28.49999999999999645, 22.99999999999999645, -1.000000000000000000 ) ) ;
#553 = ORIENTED_EDGE ( 'NONE', *, *, #173, .T. ) ;
#554 = CARTESIAN_POINT ( 'NONE',  ( 15.00000000000000000, 52.00000000000000000, 0.000000000000000000 ) ) ;
#555 = FACE_OUTER_BOUND ( 'NONE', #236, .T. ) ;
#556 = DIRECTION ( 'NONE',  ( 0.000000000000000000, 0.000000000000000000, 1.000000000000000000 ) ) ;
#557 = LINE ( 'NONE', #388, #1834 ) ;
#558 = CIRCLE ( 'NONE', #137, 2.000000000000001776 ) ;
#559 = ORIENTED_EDGE ( 'NONE', *, *, #707, .F. ) ;
#560 = VECTOR ( 'NONE', #750, 1000.000000000000000 ) ;
#561 = ORIENTED_EDGE ( 'NONE', *, *, #97, .F. ) ;
#562 = DIRECTION ( 'NONE',  ( 1.000000000000000000, -2.368223175394958964E-16, 0.000000000000000000 ) ) ;
#563 = DIRECTION ( 'NONE',  ( 0.000000000000000000, -1.000000000000000000, 0.000000000000000000 ) ) ;
#564 = EDGE_CURVE ( 'NONE', #1757, #2336, #1824, .T. ) ;
#565 = VERTEX_POINT ( 'NONE', #961 ) ;
#566 = CIRCLE ( 'NONE', #2143, 1.000000000000000888 ) ;
#567 = EDGE_CURVE ( 'NONE', #2091, #1959, #1206, .T. ) ;
#568 = CARTESIAN_POINT ( 'NONE',  ( 20.00000000000000355, -58.00000000000000000, 2.001000000000000334 ) ) ;
#569 = LINE ( 'NONE', #1385, #501 ) ;
#570 = DIRECTION ( 'NONE',  ( -1.000000000000000000, 2.516237123857143745E-16, 0.000000000000000000 ) ) ;
#571 = DIRECTION ( 'NONE',  ( 0.000000000000000000, -1.000000000000000000, 0.000000000000000000 ) ) ;
#572 = EDGE_LOOP ( 'NONE', ( #784, #2059, #671, #723 ) ) ;
#573 = CARTESIAN_POINT ( 'NONE',  ( 80.00000000000001421, 4.999999999999999112, 2.000000000000000000 ) ) ;
#574 = VERTEX_POINT ( 'NONE', #2022 ) ;
#575 = DIRECTION ( 'NONE',  ( -1.000000000000000000, 0.000000000000000000, -0.000000000000000000 ) ) ;
#576 = CARTESIAN_POINT ( 'NONE',  ( -27.50000000000000000, 26.99999999999999645, -1.000000000000000000 ) ) ;
#577 = AXIS2_PLACEMENT_3D ( 'NONE', #1785, #1194, #1000 ) ;
#578 = EDGE_CURVE ( 'NONE', #1290, #2553, #1475, .T. ) ;
#579 = VECTOR ( 'NONE', #2285, 1000.000000000000000 ) ;
#580 = EDGE_CURVE ( 'NONE', #2350, #2500, #1623, .T. ) ;
#581 = DIRECTION ( 'NONE',  ( -1.000000000000000000, -1.734723475976805517E-15, 0.000000000000000000 ) ) ;
#582 = CIRCLE ( 'NONE', #1061, 1.999999999999998224 ) ;
#583 = CARTESIAN_POINT ( 'NONE',  ( -86.00000000000000000, 58.00000000000000000, 2.000000000000000000 ) ) ;
#584 = ADVANCED_FACE ( 'NONE', ( #1369 ), #2398, .F. ) ;
#585 = CIRCLE ( 'NONE', #1747, 2.000000000000001776 ) ;
#586 = CARTESIAN_POINT ( 'NONE',  ( -87.00000000000001421, -1.199999999999999956, -2.000000000000000000 ) ) ;
#587 = FACE_OUTER_BOUND ( 'NONE', #1920, .T. ) ;
#588 = EDGE_LOOP ( 'NONE', ( #2008, #86, #547, #199 ) ) ;
#589 = DIRECTION ( 'NONE',  ( -8.673617379883968419E-16, -1.000000000000000000, 0.000000000000000000 ) ) ;
#590 = CARTESIAN_POINT ( 'NONE',  ( 0.000000000000000000, 0.000000000000000000, 0.000000000000000000 ) ) ;
#591 = ORIENTED_EDGE ( 'NONE', *, *, #963, .T. ) ;
#592 = CARTESIAN_POINT ( 'NONE',  ( -88.00000000000001421, 53.91503935307353856, -0.2286077962755257154 ) ) ;
#593 = CARTESIAN_POINT ( 'NONE',  ( -86.50000000000000000, 23.50000000000000000, 2.000000000000000000 ) ) ;
#594 = VERTEX_POINT ( 'NONE', #1182 ) ;
#595 = EDGE_CURVE ( 'NONE', #929, #2251, #1583, .T. ) ;
#596 = FACE_BOUND ( 'NONE', #1055, .T. ) ;
#597 = DIRECTION ( 'NONE',  ( 0.000000000000000000, 1.000000000000000000, 0.000000000000000000 ) ) ;
#598 = VECTOR ( 'NONE', #872, 1000.000000000000000 ) ;
#599 = EDGE_CURVE ( 'NONE', #2336, #390, #2243, .T. ) ;
#600 = FACE_OUTER_BOUND ( 'NONE', #1568, .T. ) ;
#601 = ORIENTED_EDGE ( 'NONE', *, *, #1411, .T. ) ;
#602 = DIRECTION ( 'NONE',  ( -1.000000000000000000, -1.239088197126291310E-16, 0.000000000000000000 ) ) ;
#603 =( NAMED_UNIT ( * ) SI_UNIT ( $, .STERADIAN. ) SOLID_ANGLE_UNIT ( ) );
#604 = VERTEX_POINT ( 'NONE', #407 ) ;
#605 = DIRECTION ( 'NONE',  ( 1.000000000000000000, -1.184111587697479482E-16, 0.000000000000000000 ) ) ;
#606 = DIRECTION ( 'NONE',  ( -1.000000000000000000, 1.186135710069612158E-16, 0.000000000000000000 ) ) ;
#607 = VECTOR ( 'NONE', #914, 1000.000000000000000 ) ;
#608 = VECTOR ( 'NONE', #209, 1000.000000000000000 ) ;
#609 = ORIENTED_EDGE ( 'NONE', *, *, #339, .F. ) ;
#610 = DIRECTION ( 'NONE',  ( -1.239088197126291063E-16, 1.000000000000000000, -0.000000000000000000 ) ) ;
#611 = DIRECTION ( 'NONE',  ( -1.000000000000000000, 2.168404344971014538E-16, 0.000000000000000000 ) ) ;
#612 = ORIENTED_EDGE ( 'NONE', *, *, #1585, .F. ) ;
#613 = EDGE_CURVE ( 'NONE', #2102, #2263, #1026, .T. ) ;
#614 = VECTOR ( 'NONE', #232, 1000.000000000000000 ) ;
#615 = EDGE_CURVE ( 'NONE', #69, #1316, #220, .T. ) ;
#616 = DIRECTION ( 'NONE',  ( 1.239088197126291310E-16, -1.000000000000000000, 0.000000000000000000 ) ) ;
#617 = ORIENTED_EDGE ( 'NONE', *, *, #1236, .T. ) ;
#618 = DIRECTION ( 'NONE',  ( -0.000000000000000000, -0.000000000000000000, 1.000000000000000000 ) ) ;
#619 = LINE ( 'NONE', #1041, #1798 ) ;
#620 = EDGE_LOOP ( 'NONE', ( #1572, #694, #2114, #946 ) ) ;
#621 = LINE ( 'NONE', #437, #598 ) ;
#622 = FACE_OUTER_BOUND ( 'NONE', #1996, .T. ) ;
#623 = AXIS2_PLACEMENT_3D ( 'NONE', #165, #382, #2169 ) ;
#624 = CARTESIAN_POINT ( 'NONE',  ( -86.50000000000000000, 27.50000000000000000, 2.001000000000000334 ) ) ;
#625 = VECTOR ( 'NONE', #682, 1000.000000000000000 ) ;
#626 = DIRECTION ( 'NONE',  ( -1.000000000000000000, 1.186135710069612158E-16, 0.000000000000000000 ) ) ;
#627 = ORIENTED_EDGE ( 'NONE', *, *, #344, .T. ) ;
#628 = EDGE_CURVE ( 'NONE', #2350, #2224, #1653, .T. ) ;
#629 = PLANE ( 'NONE',  #2214 ) ;
#630 = ORIENTED_EDGE ( 'NONE', *, *, #1342, .F. ) ;
#631 = CARTESIAN_POINT ( 'NONE',  ( -87.00000000000000000, 53.00000000000002132, -2.000000000000000000 ) ) ;
#632 = PLANE ( 'NONE',  #2271 ) ;
#633 = VECTOR ( 'NONE', #1590, 1000.000000000000000 ) ;
#634 = ORIENTED_EDGE ( 'NONE', *, *, #595, .T. ) ;
#635 = CARTESIAN_POINT ( 'NONE',  ( 85.99999999999998579, 56.00000000000000000, 2.000000000000000000 ) ) ;
#636 = ORIENTED_EDGE ( 'NONE', *, *, #668, .F. ) ;
#637 = VECTOR ( 'NONE', #791, 1000.000000000000000 ) ;
#638 = CARTESIAN_POINT ( 'NONE',  ( -15.00000000000000000, 57.00000000000000711, 0.000000000000000000 ) ) ;
#639 = DIRECTION ( 'NONE',  ( 0.000000000000000000, 0.000000000000000000, 1.000000000000000000 ) ) ;
#640 = CARTESIAN_POINT ( 'NONE',  ( 15.00000000000000000, 58.00000000000000000, 0.000000000000000000 ) ) ;
#641 = ORIENTED_EDGE ( 'NONE', *, *, #241, .F. ) ;
#642 = CARTESIAN_POINT ( 'NONE',  ( -87.00000000000000000, 53.00000000000002132, -2.000000000000000000 ) ) ;
#643 = ORIENTED_EDGE ( 'NONE', *, *, #1564, .F. ) ;
#644 = DIRECTION ( 'NONE',  ( 2.368223175394958964E-16, 1.000000000000000000, 0.000000000000000000 ) ) ;
#645 = VERTEX_POINT ( 'NONE', #206 ) ;
#646 = VECTOR ( 'NONE', #1835, 1000.000000000000000 ) ;
#647 = CARTESIAN_POINT ( 'NONE',  ( -57.70000000000000284, 4.799999999999996270, 0.000000000000000000 ) ) ;
#648 = FACE_OUTER_BOUND ( 'NONE', #1458, .T. ) ;
#649 = ADVANCED_FACE ( 'NONE', ( #1420 ), #2646, .F. ) ;
#650 = LINE ( 'NONE', #1465, #1060 ) ;
#651 = CARTESIAN_POINT ( 'NONE',  ( -86.50000000000000000, 27.50000000000000000, 2.000000000000000000 ) ) ;
#652 = DIRECTION ( 'NONE',  ( 0.000000000000000000, 0.000000000000000000, 1.000000000000000000 ) ) ;
#653 = ORIENTED_EDGE ( 'NONE', *, *, #1255, .F. ) ;
#654 = ORIENTED_EDGE ( 'NONE', *, *, #2050, .F. ) ;
#655 = DIRECTION ( 'NONE',  ( -0.000000000000000000, 1.000000000000000000, -0.000000000000000000 ) ) ;
#656 = EDGE_LOOP ( 'NONE', ( #2116, #1889, #617, #2568 ) ) ;
#657 = ORIENTED_EDGE ( 'NONE', *, *, #690, .F. ) ;
#658 = DIRECTION ( 'NONE',  ( -0.000000000000000000, -0.000000000000000000, 1.000000000000000000 ) ) ;
#659 = EDGE_LOOP ( 'NONE', ( #1443, #58, #2038, #2375 ) ) ;
#660 = EDGE_CURVE ( 'NONE', #947, #1141, #619, .T. ) ;
#661 = CARTESIAN_POINT ( 'NONE',  ( 80.00000000000001421, -5.000000000000000888, 0.000000000000000000 ) ) ;
#662 = ORIENTED_EDGE ( 'NONE', *, *, #386, .T. ) ;
#663 = CARTESIAN_POINT ( 'NONE',  ( -28.49999999999999645, 20.99999999999999645, -1.000000000000000000 ) ) ;
#664 = AXIS2_PLACEMENT_3D ( 'NONE', #1728, #652, #1482 ) ;
#665 = CIRCLE ( 'NONE', #623, 2.000000000000000888 ) ;
#666 = DIRECTION ( 'NONE',  ( -1.000000000000000000, 0.000000000000000000, 0.000000000000000000 ) ) ;
#667 = CARTESIAN_POINT ( 'NONE',  ( -27.50000000000000000, 26.99999999999999645, -2.000000000000000000 ) ) ;
#668 = EDGE_CURVE ( 'NONE', #2560, #2220, #2603, .T. ) ;
#669 = CIRCLE ( 'NONE', #891, 2.000000000000005329 ) ;
#670 = CARTESIAN_POINT ( 'NONE',  ( 86.00000000000000000, -56.00000000000000000, 2.000000000000000000 ) ) ;
#671 = ORIENTED_EDGE ( 'NONE', *, *, #613, .F. ) ;
#672 = VECTOR ( 'NONE', #2355, 1000.000000000000000 ) ;
#673 = DIRECTION ( 'NONE',  ( 1.239088197126291063E-16, -1.000000000000000000, 0.000000000000000000 ) ) ;
#674 = EDGE_LOOP ( 'NONE', ( #1068, #2230, #1581, #2347 ) ) ;
#675 = ORIENTED_EDGE ( 'NONE', *, *, #906, .T. ) ;
#676 = ORIENTED_EDGE ( 'NONE', *, *, #721, .T. ) ;
#677 = CARTESIAN_POINT ( 'NONE',  ( -87.00000000000000000, 54.00000000000002842, -1.000000000000000000 ) ) ;
#678 = TOROIDAL_SURFACE ( 'NONE', #469, 2.000000000000004441, 1.000000000000000000 ) ;
#679 = ORIENTED_EDGE ( 'NONE', *, *, #1339, .T. ) ;
#680 = FACE_OUTER_BOUND ( 'NONE', #962, .T. ) ;
#681 = VECTOR ( 'NONE', #2028, 1000.000000000000000 ) ;
#682 = DIRECTION ( 'NONE',  ( -0.000000000000000000, -0.000000000000000000, 1.000000000000000000 ) ) ;
#683 = ADVANCED_FACE ( 'NONE', ( #1858 ), #632, .T. ) ;
#684 = COLOUR_RGB ( '',0.7921568627450980005, 0.8196078431372548767, 0.9333333333333333481 ) ;
#685 = LINE ( 'NONE', #2303, #2525 ) ;
#686 = AXIS2_PLACEMENT_3D ( 'NONE', #463, #1685, #725 ) ;
#687 = CARTESIAN_POINT ( 'NONE',  ( -87.00000000000000000, 19.00000000000000000, -2.000000000000000000 ) ) ;
#688 = ADVANCED_FACE ( 'NONE', ( #433 ), #1244, .T. ) ;
#689 = VERTEX_POINT ( 'NONE', #857 ) ;
#690 = EDGE_CURVE ( 'NONE', #2461, #476, #1262, .T. ) ;
#691 = EDGE_CURVE ( 'NONE', #1218, #1278, #2315, .T. ) ;
#692 = VERTEX_POINT ( 'NONE', #1084 ) ;
#693 = PLANE ( 'NONE',  #1166 ) ;
#694 = ORIENTED_EDGE ( 'NONE', *, *, #628, .T. ) ;
#695 = AXIS2_PLACEMENT_3D ( 'NONE', #1005, #773, #1817 ) ;
#696 = PLANE ( 'NONE',  #686 ) ;
#697 = CYLINDRICAL_SURFACE ( 'NONE', #1180, 1.000000000000000888 ) ;
#698 = AXIS2_PLACEMENT_3D ( 'NONE', #542, #1587, #965 ) ;
#699 = DIRECTION ( 'NONE',  ( 0.000000000000000000, -1.000000000000000000, 0.000000000000000000 ) ) ;
#700 = FACE_OUTER_BOUND ( 'NONE', #1963, .T. ) ;
#701 = VECTOR ( 'NONE', #2380, 1000.000000000000000 ) ;
#702 = CARTESIAN_POINT ( 'NONE',  ( -87.00000000000000000, 54.00000000000002842, -1.000000000000000000 ) ) ;
#703 = EDGE_CURVE ( 'NONE', #1177, #1039, #2255, .T. ) ;
#704 = ORIENTED_EDGE ( 'NONE', *, *, #1030, .T. ) ;
#705 = CARTESIAN_POINT ( 'NONE',  ( -88.00000000000000000, 25.00000000000000000, 0.000000000000000000 ) ) ;
#706 = ORIENTED_EDGE ( 'NONE', *, *, #884, .T. ) ;
#707 = EDGE_CURVE ( 'NONE', #2616, #1027, #1695, .T. ) ;
#708 = ORIENTED_EDGE ( 'NONE', *, *, #1627, .F. ) ;
#709 = DIRECTION ( 'NONE',  ( -3.614007241618348278E-16, -1.000000000000000000, 0.000000000000000000 ) ) ;
#710 = VERTEX_POINT ( 'NONE', #1860 ) ;
#711 = EDGE_CURVE ( 'NONE', #2476, #1441, #830, .T. ) ;
#712 = FACE_OUTER_BOUND ( 'NONE', #863, .T. ) ;
#713 = DIRECTION ( 'NONE',  ( -1.000000000000000000, 0.000000000000000000, 0.000000000000000000 ) ) ;
#714 = CARTESIAN_POINT ( 'NONE',  ( 2.999999999999986677, -48.00000000000000000, 2.001000000000000334 ) ) ;
#715 = DIRECTION ( 'NONE',  ( 0.000000000000000000, 1.000000000000000000, -0.000000000000000000 ) ) ;
#716 = CARTESIAN_POINT ( 'NONE',  ( 15.00000000000000000, 52.00000000000000000, 2.001000000000000334 ) ) ;
#717 = ORIENTED_EDGE ( 'NONE', *, *, #933, .T. ) ;
#718 = DIRECTION ( 'NONE',  ( -0.000000000000000000, -0.000000000000000000, 1.000000000000000000 ) ) ;
#719 = AXIS2_PLACEMENT_3D ( 'NONE', #346, #1133, #976 ) ;
#720 = VERTEX_POINT ( 'NONE', #647 ) ;
#721 = EDGE_CURVE ( 'NONE', #1141, #50, #223, .T. ) ;
#722 = VECTOR ( 'NONE', #84, 1000.000000000000000 ) ;
#723 = ORIENTED_EDGE ( 'NONE', *, *, #1252, .F. ) ;
#724 =( NAMED_UNIT ( * ) PLANE_ANGLE_UNIT ( ) SI_UNIT ( $, .RADIAN. ) );
#725 = DIRECTION ( 'NONE',  ( 0.000000000000000000, 0.000000000000000000, 1.000000000000000000 ) ) ;
#726 = CARTESIAN_POINT ( 'NONE',  ( -88.00000000000000000, 53.12118451304086619, -0.8788160928194438393 ) ) ;
#727 = CARTESIAN_POINT ( 'NONE',  ( -28.50000000000000000, 53.00000000000002842, -1.000000000000000000 ) ) ;
#728 = DIRECTION ( 'NONE',  ( -0.000000000000000000, 1.000000000000000000, 0.000000000000000000 ) ) ;
#729 = LINE ( 'NONE', #136, #1320 ) ;
#730 = ORIENTED_EDGE ( 'NONE', *, *, #1532, .T. ) ;
#731 = DIRECTION ( 'NONE',  ( 0.000000000000000000, -0.000000000000000000, -1.000000000000000000 ) ) ;
#732 = ORIENTED_EDGE ( 'NONE', *, *, #1395, .F. ) ;
#733 = ORIENTED_EDGE ( 'NONE', *, *, #2323, .F. ) ;
#734 = DIRECTION ( 'NONE',  ( 1.000000000000000000, 0.000000000000000000, 0.000000000000000000 ) ) ;
#735 = ORIENTED_EDGE ( 'NONE', *, *, #2559, .T. ) ;
#736 = EDGE_CURVE ( 'NONE', #1781, #858, #1246, .T. ) ;
#737 = ORIENTED_EDGE ( 'NONE', *, *, #1793, .T. ) ;
#738 = ADVANCED_FACE ( 'NONE', ( #1491 ), #423, .T. ) ;
#739 = CARTESIAN_POINT ( 'NONE',  ( 69.99999999999998579, -58.00000000000000000, 2.000000000000000000 ) ) ;
#740 = FACE_OUTER_BOUND ( 'NONE', #1333, .T. ) ;
#741 = VECTOR ( 'NONE', #2534, 1000.000000000000000 ) ;
#742 = CARTESIAN_POINT ( 'NONE',  ( 85.99999999999998579, 56.00000000000000000, 0.000000000000000000 ) ) ;
#743 = VERTEX_POINT ( 'NONE', #477 ) ;
#744 = PLANE ( 'NONE',  #1677 ) ;
#745 = ORIENTED_EDGE ( 'NONE', *, *, #2017, .T. ) ;
#746 = ORIENTED_EDGE ( 'NONE', *, *, #783, .T. ) ;
#747 = DIRECTION ( 'NONE',  ( -1.000000000000000000, 2.168404344971014538E-16, 0.000000000000000000 ) ) ;
#748 = CARTESIAN_POINT ( 'NONE',  ( -56.70000000000000995, 18.99999999999998579, 0.000000000000000000 ) ) ;
#749 = EDGE_CURVE ( 'NONE', #2127, #689, #621, .T. ) ;
#750 = DIRECTION ( 'NONE',  ( -0.000000000000000000, -1.000000000000000000, -0.000000000000000000 ) ) ;
#751 = CARTESIAN_POINT ( 'NONE',  ( -87.00000000000000000, 23.00000000000000355, -1.000000000000000000 ) ) ;
#752 = LINE ( 'NONE', #1565, #701 ) ;
#753 = DIRECTION ( 'NONE',  ( -0.000000000000000000, -0.000000000000000000, 1.000000000000000000 ) ) ;
#754 = VERTEX_POINT ( 'NONE', #1657 ) ;
#755 = ORIENTED_EDGE ( 'NONE', *, *, #1339, .F. ) ;
#756 = CARTESIAN_POINT ( 'NONE',  ( -87.00000000000000000, 53.00000000000002132, 0.000000000000000000 ) ) ;
#757 = VECTOR ( 'NONE', #2217, 1000.000000000000000 ) ;
#758 = CARTESIAN_POINT ( 'NONE',  ( -15.00000000000000000, 58.00000000000000000, 0.000000000000000000 ) ) ;
#759 = PLANE ( 'NONE',  #328 ) ;
#760 = CARTESIAN_POINT ( 'NONE',  ( -26.49999999999999645, 26.99999999999999645, 0.000000000000000000 ) ) ;
#761 = CARTESIAN_POINT ( 'NONE',  ( 88.00000000000000000, -56.00000000000000000, 2.000000000000000000 ) ) ;
#762 = ORIENTED_EDGE ( 'NONE', *, *, #1122, .T. ) ;
#763 = MECHANICAL_DESIGN_GEOMETRIC_PRESENTATION_REPRESENTATION (  '', ( #1108 ), #467 ) ;
#764 = EDGE_CURVE ( 'NONE', #1431, #799, #2077, .T. ) ;
#765 = EDGE_LOOP ( 'NONE', ( #515, #2313, #1503, #1894 ) ) ;
#766 = AXIS2_PLACEMENT_3D ( 'NONE', #1209, #2520, #1085 ) ;
#767 = LINE ( 'NONE', #1622, #1394 ) ;
#768 = DIRECTION ( 'NONE',  ( -1.000000000000000000, 1.184111587697479482E-16, 0.000000000000000000 ) ) ;
#769 = ORIENTED_EDGE ( 'NONE', *, *, #452, .F. ) ;
#770 = CARTESIAN_POINT ( 'NONE',  ( -88.00000000000000000, 23.00000000000000355, -1.000000000000000000 ) ) ;
#771 = VECTOR ( 'NONE', #1843, 1000.000000000000000 ) ;
#772 = CARTESIAN_POINT ( 'NONE',  ( 16.00000000000000000, 57.00000000000000000, 2.000000000000000000 ) ) ;
#773 = DIRECTION ( 'NONE',  ( 0.000000000000000000, -1.000000000000000000, -0.000000000000000000 ) ) ;
#774 = DIRECTION ( 'NONE',  ( 0.000000000000000000, 1.000000000000000000, 0.000000000000000000 ) ) ;
#775 = VECTOR ( 'NONE', #1632, 1000.000000000000000 ) ;
#776 = ORIENTED_EDGE ( 'NONE', *, *, #1309, .T. ) ;
#777 = EDGE_CURVE ( 'NONE', #1792, #2263, #2063, .T. ) ;
#778 = CARTESIAN_POINT ( 'NONE',  ( 78.00000000000000000, -2.999999999999985789, 0.000000000000000000 ) ) ;
#779 = ORIENTED_EDGE ( 'NONE', *, *, #1828, .T. ) ;
#780 = CARTESIAN_POINT ( 'NONE',  ( -86.50000000000000000, 27.50000000000000000, 0.000000000000000000 ) ) ;
#781 = LINE ( 'NONE', #593, #153 ) ;
#782 = EDGE_CURVE ( 'NONE', #111, #1844, #2092, .T. ) ;
#783 = EDGE_CURVE ( 'NONE', #2251, #882, #2641, .T. ) ;
#784 = ORIENTED_EDGE ( 'NONE', *, *, #1928, .T. ) ;
#785 = DIRECTION ( 'NONE',  ( 0.000000000000000000, 0.000000000000000000, 1.000000000000000000 ) ) ;
#786 = LINE ( 'NONE', #2415, #1219 ) ;
#787 = DIRECTION ( 'NONE',  ( 2.516237123857143745E-16, 1.000000000000000000, 0.000000000000000000 ) ) ;
#788 = LINE ( 'NONE', #1578, #810 ) ;
#789 = VERTEX_POINT ( 'NONE', #251 ) ;
#790 = LINE ( 'NONE', #1602, #1752 ) ;
#791 = DIRECTION ( 'NONE',  ( -1.000000000000000000, 2.516237123857143745E-16, -0.000000000000000000 ) ) ;
#792 = ORIENTED_EDGE ( 'NONE', *, *, #2034, .F. ) ;
#793 = CARTESIAN_POINT ( 'NONE',  ( -88.00000000000002842, 54.06542350831261956, -0.1484850618201312145 ) ) ;
#794 = DIRECTION ( 'NONE',  ( 0.000000000000000000, -1.000000000000000000, 0.000000000000000000 ) ) ;
#795 = ADVANCED_FACE ( 'NONE', ( #2466 ), #1071, .T. ) ;
#796 = AXIS2_PLACEMENT_3D ( 'NONE', #1571, #2607, #342 ) ;
#797 = EDGE_LOOP ( 'NONE', ( #1469, #2035, #737, #2531 ) ) ;
#798 = VERTEX_POINT ( 'NONE', #2090 ) ;
#799 = VERTEX_POINT ( 'NONE', #885 ) ;
#800 = VECTOR ( 'NONE', #1323, 1000.000000000000000 ) ;
#801 = DIRECTION ( 'NONE',  ( -0.000000000000000000, -0.000000000000000000, -1.000000000000000000 ) ) ;
#802 = VECTOR ( 'NONE', #655, 1000.000000000000000 ) ;
#803 = DIRECTION ( 'NONE',  ( 9.912705577010298925E-16, 1.000000000000000000, -0.000000000000000000 ) ) ;
#804 = AXIS2_PLACEMENT_3D ( 'NONE', #1703, #2319, #307 ) ;
#805 = CARTESIAN_POINT ( 'NONE',  ( 22.00000000000000355, -50.00000000000000000, 2.000000000000000000 ) ) ;
#806 = ORIENTED_EDGE ( 'NONE', *, *, #1430, .T. ) ;
#807 = LINE ( 'NONE', #2222, #81 ) ;
#808 = DIRECTION ( 'NONE',  ( -1.000000000000000000, 1.084202172485506283E-16, 0.000000000000000000 ) ) ;
#809 = ORIENTED_EDGE ( 'NONE', *, *, #834, .F. ) ;
#810 = VECTOR ( 'NONE', #2418, 1000.000000000000000 ) ;
#811 = LINE ( 'NONE', #104, #456 ) ;
#812 = CARTESIAN_POINT ( 'NONE',  ( -88.00000000000001421, -0.1999999999999927114, -2.000000000000000000 ) ) ;
#813 = AXIS2_PLACEMENT_3D ( 'NONE', #859, #2455, #1673 ) ;
#814 = ORIENTED_EDGE ( 'NONE', *, *, #2601, .T. ) ;
#815 = EDGE_CURVE ( 'NONE', #55, #111, #2505, .T. ) ;
#816 = DIRECTION ( 'NONE',  ( -0.000000000000000000, -0.000000000000000000, -1.000000000000000000 ) ) ;
#817 = CARTESIAN_POINT ( 'NONE',  ( -87.00000000000000000, 4.799999999999998934, 0.000000000000000000 ) ) ;
#818 = EDGE_CURVE ( 'NONE', #1748, #409, #1642, .T. ) ;
#819 = CARTESIAN_POINT ( 'NONE',  ( 88.00000000000000000, 4.999999999999997335, 2.000000000000000000 ) ) ;
#820 = VERTEX_POINT ( 'NONE', #1044 ) ;
#821 = VECTOR ( 'NONE', #1049, 1000.000000000000000 ) ;
#822 = FACE_OUTER_BOUND ( 'NONE', #2539, .T. ) ;
#823 = CIRCLE ( 'NONE', #1850, 1.000000000000000000 ) ;
#824 = EDGE_LOOP ( 'NONE', ( #275, #343, #636, #1814 ) ) ;
#825 = DIRECTION ( 'NONE',  ( 0.000000000000000000, 0.000000000000000000, 1.000000000000000000 ) ) ;
#826 = CARTESIAN_POINT ( 'NONE',  ( -88.00000000000001421, 18.99999999999999289, -2.000000000000000000 ) ) ;
#827 = VECTOR ( 'NONE', #483, 1000.000000000000000 ) ;
#828 = VECTOR ( 'NONE', #1671, 1000.000000000000000 ) ;
#829 = VERTEX_POINT ( 'NONE', #273 ) ;
#830 = LINE ( 'NONE', #1057, #608 ) ;
#831 = AXIS2_PLACEMENT_3D ( 'NONE', #1317, #2515, #1091 ) ;
#832 = CARTESIAN_POINT ( 'NONE',  ( 87.99999999999998579, -5.000000000000000000, 2.001000000000000334 ) ) ;
#833 = DIRECTION ( 'NONE',  ( 0.000000000000000000, 0.000000000000000000, -1.000000000000000000 ) ) ;
#834 = EDGE_CURVE ( 'NONE', #1070, #565, #2304, .T. ) ;
#835 = CARTESIAN_POINT ( 'NONE',  ( -57.70000000000001705, -1.200000000000007283, -2.000000000000000000 ) ) ;
#836 = VERTEX_POINT ( 'NONE', #2125 ) ;
#837 = PLANE ( 'NONE',  #2555 ) ;
#838 = EDGE_CURVE ( 'NONE', #350, #1353, #484, .T. ) ;
#839 = EDGE_LOOP ( 'NONE', ( #1500, #2244, #601, #922, #717, #1775, #431, #1872, #1276, #352 ) ) ;
#840 = CARTESIAN_POINT ( 'NONE',  ( -27.49999999999999645, 53.00000000000002842, -2.000000000000000000 ) ) ;
#841 = DIRECTION ( 'NONE',  ( -0.000000000000000000, -0.000000000000000000, 1.000000000000000000 ) ) ;
#842 = VERTEX_POINT ( 'NONE', #1300 ) ;
#843 = VERTEX_POINT ( 'NONE', #1325 ) ;
#844 = DIRECTION ( 'NONE',  ( 1.000000000000000000, 0.000000000000000000, 0.000000000000000000 ) ) ;
#845 = ORIENTED_EDGE ( 'NONE', *, *, #339, .T. ) ;
#846 = DIRECTION ( 'NONE',  ( -1.000000000000000000, 0.000000000000000000, 0.000000000000000000 ) ) ;
#847 = CARTESIAN_POINT ( 'NONE',  ( -88.00000000000000000, 53.00000000000002132, -2.000000000000000000 ) ) ;
#848 = VECTOR ( 'NONE', #1674, 1000.000000000000000 ) ;
#849 = DIRECTION ( 'NONE',  ( -8.673617379883968419E-16, -1.000000000000000000, 0.000000000000000000 ) ) ;
#850 = ORIENTED_EDGE ( 'NONE', *, *, #660, .F. ) ;
#851 = FACE_OUTER_BOUND ( 'NONE', #2296, .T. ) ;
#852 = EDGE_CURVE ( 'NONE', #2027, #193, #823, .T. ) ;
#853 = ORIENTED_EDGE ( 'NONE', *, *, #1928, .F. ) ;
#854 = LINE ( 'NONE', #1243, #2298 ) ;
#855 = EDGE_CURVE ( 'NONE', #2194, #538, #585, .T. ) ;
#856 = ORIENTED_EDGE ( 'NONE', *, *, #1411, .F. ) ;
#857 = CARTESIAN_POINT ( 'NONE',  ( -15.00000000000000000, 52.00000000000000000, 0.000000000000000000 ) ) ;
#858 = VERTEX_POINT ( 'NONE', #256 ) ;
#859 = CARTESIAN_POINT ( 'NONE',  ( -87.00000000000000000, 53.00000000000002132, -1.000000000000000000 ) ) ;
#860 = CARTESIAN_POINT ( 'NONE',  ( -56.70000000000000995, -0.2000000000000003164, 0.000000000000000000 ) ) ;
#861 = DIRECTION ( 'NONE',  ( -0.000000000000000000, -0.000000000000000000, 1.000000000000000000 ) ) ;
#862 = DIRECTION ( 'NONE',  ( -0.000000000000000000, 0.000000000000000000, -1.000000000000000000 ) ) ;
#863 = EDGE_LOOP ( 'NONE', ( #1053, #1529, #733, #2537 ) ) ;
#864 = VECTOR ( 'NONE', #841, 1000.000000000000000 ) ;
#865 = CARTESIAN_POINT ( 'NONE',  ( -29.00000000000000000, 26.99999999999999645, -2.000000000000000000 ) ) ;
#866 = ORIENTED_EDGE ( 'NONE', *, *, #815, .T. ) ;
#867 = ADVANCED_FACE ( 'NONE', ( #2112 ), #2136, .F. ) ;
#868 = CIRCLE ( 'NONE', #664, 2.000000000000001776 ) ;
#869 = EDGE_LOOP ( 'NONE', ( #1870, #2582, #398, #2349, #2049 ) ) ;
#870 = VECTOR ( 'NONE', #699, 1000.000000000000000 ) ;
#871 = ADVANCED_FACE ( 'NONE', ( #700 ), #1916, .F. ) ;
#872 = DIRECTION ( 'NONE',  ( -0.000000000000000000, -0.000000000000000000, -1.000000000000000000 ) ) ;
#873 = PLANE ( 'NONE',  #2312 ) ;
#874 = EDGE_CURVE ( 'NONE', #908, #1601, #1285, .T. ) ;
#875 = CARTESIAN_POINT ( 'NONE',  ( 67.99999999999997158, -48.00000000000000000, 2.000000000000000000 ) ) ;
#876 = CARTESIAN_POINT ( 'NONE',  ( -86.50000000000000000, 52.50000000000000711, -2.000000000000000000 ) ) ;
#877 = CARTESIAN_POINT ( 'NONE',  ( -27.50000000000000000, 22.99999999999999645, -1.000000000000000000 ) ) ;
#878 = ORIENTED_EDGE ( 'NONE', *, *, #660, .T. ) ;
#879 = AXIS2_PLACEMENT_3D ( 'NONE', #2010, #563, #1774 ) ;
#880 = EDGE_LOOP ( 'NONE', ( #1223, #561, #1656, #1215 ) ) ;
#881 = CARTESIAN_POINT ( 'NONE',  ( -56.70000000000000995, -0.2000000000000072553, 0.000000000000000000 ) ) ;
#882 = VERTEX_POINT ( 'NONE', #1892 ) ;
#883 = ORIENTED_EDGE ( 'NONE', *, *, #2309, .T. ) ;
#884 = EDGE_CURVE ( 'NONE', #1959, #262, #938, .T. ) ;
#885 = CARTESIAN_POINT ( 'NONE',  ( -86.00000000000000000, 58.00000000000000000, 0.000000000000000000 ) ) ;
#886 = DIRECTION ( 'NONE',  ( -1.239088197126291063E-16, 1.000000000000000000, -0.000000000000000000 ) ) ;
#887 = EDGE_CURVE ( 'NONE', #2363, #2027, #93, .T. ) ;
#888 = CARTESIAN_POINT ( 'NONE',  ( -86.50000000000000000, 25.00000000000000000, 0.000000000000000000 ) ) ;
#889 = DIRECTION ( 'NONE',  ( -0.000000000000000000, -0.000000000000000000, 1.000000000000000000 ) ) ;
#890 = LINE ( 'NONE', #1121, #2639 ) ;
#891 = AXIS2_PLACEMENT_3D ( 'NONE', #1453, #639, #1862 ) ;
#892 = ORIENTED_EDGE ( 'NONE', *, *, #2378, .F. ) ;
#893 = ORIENTED_EDGE ( 'NONE', *, *, #1551, .F. ) ;
#894 = CARTESIAN_POINT ( 'NONE',  ( -28.99999999999999645, 48.50000000000000000, 2.000000000000000000 ) ) ;
#895 = VERTEX_POINT ( 'NONE', #687 ) ;
#896 = ORIENTED_EDGE ( 'NONE', *, *, #1655, .F. ) ;
#897 = PLANE ( 'NONE',  #1643 ) ;
#898 = AXIS2_PLACEMENT_3D ( 'NONE', #1953, #1555, #1352 ) ;
#899 = DIRECTION ( 'NONE',  ( -0.000000000000000000, -0.000000000000000000, -1.000000000000000000 ) ) ;
#900 = AXIS2_PLACEMENT_3D ( 'NONE', #2406, #980, #1791 ) ;
#901 = CARTESIAN_POINT ( 'NONE',  ( -87.00000000000000000, 54.00000000000002842, -2.000000000000000000 ) ) ;
#902 = EDGE_CURVE ( 'NONE', #476, #1290, #54, .T. ) ;
#903 = CARTESIAN_POINT ( 'NONE',  ( -86.50000000000000000, 52.50000000000000711, -2.000000000000000000 ) ) ;
#904 = CIRCLE ( 'NONE', #1144, 1.000000000000000888 ) ;
#905 = DIRECTION ( 'NONE',  ( -0.000000000000000000, -0.000000000000000000, -1.000000000000000000 ) ) ;
#906 = EDGE_CURVE ( 'NONE', #399, #944, #67, .T. ) ;
#907 = ORIENTED_EDGE ( 'NONE', *, *, #1972, .T. ) ;
#908 = VERTEX_POINT ( 'NONE', #2486 ) ;
#909 = PLANE ( 'NONE',  #1973 ) ;
#910 = ORIENTED_EDGE ( 'NONE', *, *, #2198, .F. ) ;
#911 = AXIS2_PLACEMENT_3D ( 'NONE', #1769, #2588, #544 ) ;
#912 = LINE ( 'NONE', #2532, #334 ) ;
#913 = CARTESIAN_POINT ( 'NONE',  ( -87.00000000000001421, -1.200000000000000400, 0.000000000000000000 ) ) ;
#914 = DIRECTION ( 'NONE',  ( -0.000000000000000000, -0.000000000000000000, 1.000000000000000000 ) ) ;
#915 = EDGE_CURVE ( 'NONE', #1678, #409, #890, .T. ) ;
#916 = CARTESIAN_POINT ( 'NONE',  ( -88.00000000000000000, 51.00000000000000000, -2.000000000000000000 ) ) ;
#917 = CIRCLE ( 'NONE', #2403, 2.000000000000001776 ) ;
#918 = LINE ( 'NONE', #1729, #1145 ) ;
#919 = VERTEX_POINT ( 'NONE', #1499 ) ;
#920 = CARTESIAN_POINT ( 'NONE',  ( -88.00000000000001421, 55.99999999999998579, 2.000000000000000000 ) ) ;
#921 = ORIENTED_EDGE ( 'NONE', *, *, #144, .T. ) ;
#922 = ORIENTED_EDGE ( 'NONE', *, *, #1704, .T. ) ;
#923 = DIRECTION ( 'NONE',  ( -4.336808689942025132E-16, 1.000000000000000000, 0.000000000000000000 ) ) ;
#924 = CARTESIAN_POINT ( 'NONE',  ( -28.49999999999999645, 22.99999999999999645, -2.000000000000000000 ) ) ;
#925 = LINE ( 'NONE', #2594, #800 ) ;
#926 = DIRECTION ( 'NONE',  ( 0.000000000000000000, 1.000000000000000000, 0.000000000000000000 ) ) ;
#927 = FACE_OUTER_BOUND ( 'NONE', #572, .T. ) ;
#928 = LINE ( 'NONE', #310, #163 ) ;
#929 = VERTEX_POINT ( 'NONE', #106 ) ;
#930 = FACE_OUTER_BOUND ( 'NONE', #536, .T. ) ;
#931 = AXIS2_PLACEMENT_3D ( 'NONE', #1553, #728, #2188 ) ;
#932 = EDGE_LOOP ( 'NONE', ( #779, #896, #1241, #553 ) ) ;
#933 = EDGE_CURVE ( 'NONE', #2616, #2461, #454, .T. ) ;
#934 = VECTOR ( 'NONE', #618, 1000.000000000000000 ) ;
#935 = ORIENTED_EDGE ( 'NONE', *, *, #2559, .F. ) ;
#936 = FACE_OUTER_BOUND ( 'NONE', #34, .T. ) ;
#937 = EDGE_CURVE ( 'NONE', #2043, #2071, #868, .T. ) ;
#938 = CIRCLE ( 'NONE', #804, 2.000000000000001776 ) ;
#939 = PLANE ( 'NONE',  #1836 ) ;
#940 = DIRECTION ( 'NONE',  ( -0.000000000000000000, -0.000000000000000000, 1.000000000000000000 ) ) ;
#941 = AXIS2_PLACEMENT_3D ( 'NONE', #364, #2250, #983 ) ;
#942 = DIRECTION ( 'NONE',  ( -1.000000000000000000, 0.000000000000000000, 0.000000000000000000 ) ) ;
#943 = CARTESIAN_POINT ( 'NONE',  ( -28.50000000000000000, 54.00000000000003553, -1.000000000000000000 ) ) ;
#944 = VERTEX_POINT ( 'NONE', #1467 ) ;
#945 = DIRECTION ( 'NONE',  ( 1.000000000000000000, 0.000000000000000000, -0.000000000000000000 ) ) ;
#946 = ORIENTED_EDGE ( 'NONE', *, *, #749, .F. ) ;
#947 = VERTEX_POINT ( 'NONE', #1271 ) ;
#948 = CARTESIAN_POINT ( 'NONE',  ( -28.99999999999999645, 27.49999999999999289, 2.000000000000000000 ) ) ;
#949 = EDGE_CURVE ( 'NONE', #193, #1442, #2511, .T. ) ;
#950 = CARTESIAN_POINT ( 'NONE',  ( 22.00000000000001776, -48.00000000000000000, 2.000000000000000000 ) ) ;
#951 = ADVANCED_FACE ( 'NONE', ( #1716 ), #1512, .T. ) ;
#952 = LINE ( 'NONE', #1767, #560 ) ;
#953 = AXIS2_PLACEMENT_3D ( 'NONE', #2493, #658, #462 ) ;
#954 = PLANE ( 'NONE',  #931 ) ;
#955 = AXIS2_PLACEMENT_3D ( 'NONE', #568, #1777, #1788 ) ;
#956 = VECTOR ( 'NONE', #1676, 1000.000000000000000 ) ;
#957 = CARTESIAN_POINT ( 'NONE',  ( -28.50000000000000000, 54.00000000000003553, -2.000000000000000000 ) ) ;
#958 = PLANE ( 'NONE',  #1832 ) ;
#959 = VERTEX_POINT ( 'NONE', #1351 ) ;
#960 = ORIENTED_EDGE ( 'NONE', *, *, #1931, .F. ) ;
#961 = CARTESIAN_POINT ( 'NONE',  ( -87.00000000000000000, 18.99999999999999645, 0.000000000000000000 ) ) ;
#962 = EDGE_LOOP ( 'NONE', ( #2529, #1556, #1195, #2270 ) ) ;
#963 = EDGE_CURVE ( 'NONE', #2490, #257, #540, .T. ) ;
#964 = ADVANCED_FACE ( 'NONE', ( #740 ), #2148, .F. ) ;
#965 = DIRECTION ( 'NONE',  ( 0.000000000000000000, 0.000000000000000000, 1.000000000000000000 ) ) ;
#966 = DIRECTION ( 'NONE',  ( 1.000000000000000000, 0.000000000000000000, 0.000000000000000000 ) ) ;
#967 = FACE_OUTER_BOUND ( 'NONE', #1260, .T. ) ;
#968 = DIRECTION ( 'NONE',  ( 0.000000000000000000, -1.000000000000000000, 0.000000000000000000 ) ) ;
#969 = ORIENTED_EDGE ( 'NONE', *, *, #2121, .F. ) ;
#970 = ORIENTED_EDGE ( 'NONE', *, *, #2492, .F. ) ;
#971 = CARTESIAN_POINT ( 'NONE',  ( -88.00000000000002842, 53.63049517858991777, -0.4178823745228962272 ) ) ;
#972 = LINE ( 'NONE', #987, #1254 ) ;
#973 = AXIS2_PLACEMENT_3D ( 'NONE', #1978, #120, #966 ) ;
#974 = ORIENTED_EDGE ( 'NONE', *, *, #211, .T. ) ;
#975 = CYLINDRICAL_SURFACE ( 'NONE', #1975, 2.000000000000001776 ) ;
#976 = DIRECTION ( 'NONE',  ( 0.000000000000000000, 0.000000000000000000, -1.000000000000000000 ) ) ;
#977 = ADVANCED_FACE ( 'NONE', ( #555 ), #134, .F. ) ;
#978 = CIRCLE ( 'NONE', #2469, 1.000000000000000888 ) ;
#979 = LINE ( 'NONE', #1386, #478 ) ;
#980 = DIRECTION ( 'NONE',  ( 0.000000000000000000, 0.000000000000000000, -1.000000000000000000 ) ) ;
#981 = EDGE_CURVE ( 'NONE', #1353, #2500, #26, .T. ) ;
#982 = ORIENTED_EDGE ( 'NONE', *, *, #1734, .F. ) ;
#983 = DIRECTION ( 'NONE',  ( 9.912705577010298925E-16, 1.000000000000000000, 0.000000000000000000 ) ) ;
#984 = EDGE_CURVE ( 'NONE', #1404, #944, #1575, .T. ) ;
#985 = ORIENTED_EDGE ( 'NONE', *, *, #1579, .F. ) ;
#986 = CARTESIAN_POINT ( 'NONE',  ( 15.00000000000000000, 57.00000000000000000, 2.001000000000000334 ) ) ;
#987 = CARTESIAN_POINT ( 'NONE',  ( 87.99999999999998579, 55.99999999999998579, 0.000000000000000000 ) ) ;
#988 = ORIENTED_EDGE ( 'NONE', *, *, #210, .T. ) ;
#989 = DIRECTION ( 'NONE',  ( 1.000000000000000000, 0.000000000000000000, 0.000000000000000000 ) ) ;
#990 = DIRECTION ( 'NONE',  ( -1.000000000000000000, 1.206764157201257538E-16, 0.000000000000000000 ) ) ;
#991 = PLANE ( 'NONE',  #911 ) ;
#992 = CARTESIAN_POINT ( 'NONE',  ( 88.00000000000000000, 4.999999999999997335, 0.000000000000000000 ) ) ;
#993 = EDGE_CURVE ( 'NONE', #2027, #829, #197, .T. ) ;
#994 = VECTOR ( 'NONE', #2417, 1000.000000000000000 ) ;
#995 = ORIENTED_EDGE ( 'NONE', *, *, #2601, .F. ) ;
#996 = DIRECTION ( 'NONE',  ( -0.000000000000000000, -0.000000000000000000, -1.000000000000000000 ) ) ;
#997 =( NAMED_UNIT ( * ) PLANE_ANGLE_UNIT ( ) SI_UNIT ( $, .RADIAN. ) );
#998 = VERTEX_POINT ( 'NONE', #157 ) ;
#999 = CARTESIAN_POINT ( 'NONE',  ( -86.50000000000000000, 23.50000000000000000, -2.000000000000000000 ) ) ;
#1000 = DIRECTION ( 'NONE',  ( -1.000000000000000000, 0.000000000000000000, 0.000000000000000000 ) ) ;
#1001 = ADVANCED_FACE ( 'NONE', ( #1563 ), #2598, .T. ) ;
#1002 = EDGE_LOOP ( 'NONE', ( #1957, #1880, #1909, #2020 ) ) ;
#1003 = CARTESIAN_POINT ( 'NONE',  ( 78.00000000000000000, 2.999999999999985789, 2.000000000000000000 ) ) ;
#1004 = DIRECTION ( 'NONE',  ( 0.000000000000000000, -0.000000000000000000, 1.000000000000000000 ) ) ;
#1005 = CARTESIAN_POINT ( 'NONE',  ( -27.50000000000000000, 26.99999999999999645, -2.000000000000000000 ) ) ;
#1006 = ORIENTED_EDGE ( 'NONE', *, *, #2170, .T. ) ;
#1007 = CARTESIAN_POINT ( 'NONE',  ( 85.99999999999997158, 58.00000000000000000, 2.000000000000000000 ) ) ;
#1008 = ORIENTED_EDGE ( 'NONE', *, *, #64, .T. ) ;
#1009 = CARTESIAN_POINT ( 'NONE',  ( -88.00000000000001421, 54.73205080756888918, 0.000000000000000000 ) ) ;
#1010 = FACE_OUTER_BOUND ( 'NONE', #114, .T. ) ;
#1011 = EDGE_CURVE ( 'NONE', #2291, #429, #569, .T. ) ;
#1012 = ORIENTED_EDGE ( 'NONE', *, *, #668, .T. ) ;
#1013 = ADVANCED_FACE ( 'NONE', ( #1778 ), #1374, .F. ) ;
#1014 = AXIS2_PLACEMENT_3D ( 'NONE', #1588, #2577, #942 ) ;
#1015 = CARTESIAN_POINT ( 'NONE',  ( -57.70000000000000995, -0.2000000000000072553, 0.000000000000000000 ) ) ;
#1016 = CIRCLE ( 'NONE', #1525, 2.000000000000001776 ) ;
#1017 = CARTESIAN_POINT ( 'NONE',  ( -5.000000000000000888, -58.00000000000000000, 0.000000000000000000 ) ) ;
#1018 = DIRECTION ( 'NONE',  ( -0.000000000000000000, -0.000000000000000000, -1.000000000000000000 ) ) ;
#1019 = EDGE_LOOP ( 'NONE', ( #2592, #498, #708, #1710 ) ) ;
#1020 = AXIS2_PLACEMENT_3D ( 'NONE', #642, #862, #2276 ) ;
#1021 = DIRECTION ( 'NONE',  ( -0.000000000000000000, -0.000000000000000000, -1.000000000000000000 ) ) ;
#1022 = DIRECTION ( 'NONE',  ( 1.000000000000000000, 0.000000000000000000, 0.000000000000000000 ) ) ;
#1023 = ORIENTED_EDGE ( 'NONE', *, *, #13, .T. ) ;
#1024 = VECTOR ( 'NONE', #1650, 1000.000000000000000 ) ;
#1025 = CARTESIAN_POINT ( 'NONE',  ( -28.49999999999999645, 22.99999999999999645, 0.000000000000000000 ) ) ;
#1026 = LINE ( 'NONE', #2438, #864 ) ;
#1027 = VERTEX_POINT ( 'NONE', #333 ) ;
#1028 = VECTOR ( 'NONE', #2435, 1000.000000000000000 ) ;
#1029 = ORIENTED_EDGE ( 'NONE', *, *, #519, .F. ) ;
#1030 = EDGE_CURVE ( 'NONE', #281, #2310, #2031, .T. ) ;
#1031 = CARTESIAN_POINT ( 'NONE',  ( 3.000000000000000888, -50.00000000000000000, 0.000000000000000000 ) ) ;
#1032 = ORIENTED_EDGE ( 'NONE', *, *, #2107, .T. ) ;
#1033 = DIRECTION ( 'NONE',  ( 1.239088197126291310E-16, -1.000000000000000000, 0.000000000000000000 ) ) ;
#1034 = DIRECTION ( 'NONE',  ( -3.614007241618348278E-16, -1.000000000000000000, 0.000000000000000000 ) ) ;
#1035 = DIRECTION ( 'NONE',  ( -1.000000000000000000, 0.000000000000000000, 0.000000000000000000 ) ) ;
#1036 = ORIENTED_EDGE ( 'NONE', *, *, #1912, .T. ) ;
#1037 = VECTOR ( 'NONE', #2485, 1000.000000000000000 ) ;
#1038 = CYLINDRICAL_SURFACE ( 'NONE', #1574, 2.000000000000001776 ) ;
#1039 = VERTEX_POINT ( 'NONE', #2000 ) ;
#1040 = DIRECTION ( 'NONE',  ( -1.000000000000000000, 2.368223175394958964E-16, 0.000000000000000000 ) ) ;
#1041 = CARTESIAN_POINT ( 'NONE',  ( 87.99999999999998579, 55.99999999999998579, 2.000000000000000000 ) ) ;
#1042 = VECTOR ( 'NONE', #1172, 1000.000000000000000 ) ;
#1043 = ORIENTED_EDGE ( 'NONE', *, *, #691, .F. ) ;
#1044 = CARTESIAN_POINT ( 'NONE',  ( -5.000000000000000888, -58.00000000000000000, 2.000000000000000000 ) ) ;
#1045 = VECTOR ( 'NONE', #1979, 1000.000000000000000 ) ;
#1046 = DIRECTION ( 'NONE',  ( 0.000000000000000000, -0.000000000000000000, -1.000000000000000000 ) ) ;
#1047 = PLANE ( 'NONE',  #2160 ) ;
#1048 = ADVANCED_FACE ( 'NONE', ( #927 ), #954, .F. ) ;
#1049 = DIRECTION ( 'NONE',  ( -0.000000000000000000, -0.000000000000000000, -1.000000000000000000 ) ) ;
#1050 = ORIENTED_EDGE ( 'NONE', *, *, #1483, .T. ) ;
#1051 = EDGE_CURVE ( 'NONE', #416, #1733, #1338, .T. ) ;
#1052 = CARTESIAN_POINT ( 'NONE',  ( -88.00000000000001421, 55.99999999999998579, 0.000000000000000000 ) ) ;
#1053 = ORIENTED_EDGE ( 'NONE', *, *, #1627, .T. ) ;
#1054 = DIRECTION ( 'NONE',  ( -0.000000000000000000, -0.000000000000000000, 1.000000000000000000 ) ) ;
#1055 = EDGE_LOOP ( 'NONE', ( #12, #643, #2058, #473 ) ) ;
#1056 = VERTEX_POINT ( 'NONE', #2550 ) ;
#1057 = CARTESIAN_POINT ( 'NONE',  ( -86.50000000000000000, 23.50000000000000000, -2.000000000000000000 ) ) ;
#1058 = CARTESIAN_POINT ( 'NONE',  ( -87.00000000000000000, 54.00000000000002842, -2.000000000000000000 ) ) ;
#1059 = CARTESIAN_POINT ( 'NONE',  ( -88.00000000000000000, 23.00000000000000355, -2.000000000000000000 ) ) ;
#1060 = VECTOR ( 'NONE', #1267, 1000.000000000000000 ) ;
#1061 = AXIS2_PLACEMENT_3D ( 'NONE', #1025, #1432, #460 ) ;
#1062 = CARTESIAN_POINT ( 'NONE',  ( -27.50000000000000000, 48.99999999999999289, -1.000000000000000000 ) ) ;
#1063 = EDGE_CURVE ( 'NONE', #2385, #2419, #2369, .T. ) ;
#1064 = ADVANCED_FACE ( 'NONE', ( #146 ), #759, .F. ) ;
#1065 = LINE ( 'NONE', #1077, #2150 ) ;
#1066 = EDGE_LOOP ( 'NONE', ( #1345, #1559, #1670, #1137 ) ) ;
#1067 = DIRECTION ( 'NONE',  ( 0.000000000000000000, 0.000000000000000000, 1.000000000000000000 ) ) ;
#1068 = ORIENTED_EDGE ( 'NONE', *, *, #228, .F. ) ;
#1069 = EDGE_CURVE ( 'NONE', #836, #1428, #1099, .T. ) ;
#1070 = VERTEX_POINT ( 'NONE', #817 ) ;
#1071 = CYLINDRICAL_SURFACE ( 'NONE', #953, 1.000000000000000888 ) ;
#1072 = DIRECTION ( 'NONE',  ( -8.673617379884050263E-16, -1.000000000000000000, -0.000000000000000000 ) ) ;
#1073 = LINE ( 'NONE', #1605, #2075 ) ;
#1074 = DIRECTION ( 'NONE',  ( -1.000000000000000000, 0.000000000000000000, 0.000000000000000000 ) ) ;
#1075 = DIRECTION ( 'NONE',  ( -0.000000000000000000, -0.000000000000000000, 1.000000000000000000 ) ) ;
#1076 = EDGE_CURVE ( 'NONE', #59, #720, #184, .T. ) ;
#1077 = CARTESIAN_POINT ( 'NONE',  ( -87.00000000000001421, -1.199999999999999956, 0.000000000000000000 ) ) ;
#1078 = VERTEX_POINT ( 'NONE', #1198 ) ;
#1079 = CARTESIAN_POINT ( 'NONE',  ( 86.00000000000000000, -56.00000000000000000, 2.000000000000000000 ) ) ;
#1080 = EDGE_LOOP ( 'NONE', ( #2307, #2407, #806, #2256 ) ) ;
#1081 = EDGE_CURVE ( 'NONE', #789, #1844, #669, .T. ) ;
#1082 = ORIENTED_EDGE ( 'NONE', *, *, #1989, .F. ) ;
#1083 = VECTOR ( 'NONE', #666, 1000.000000000000000 ) ;
#1084 = CARTESIAN_POINT ( 'NONE',  ( -88.00000000000001421, 55.99999999999998579, 2.000000000000000000 ) ) ;
#1085 = DIRECTION ( 'NONE',  ( -1.000000000000000000, 0.000000000000000000, -0.000000000000000000 ) ) ;
#1086 = LINE ( 'NONE', #1096, #1782 ) ;
#1087 = DIRECTION ( 'NONE',  ( -0.000000000000000000, -0.000000000000000000, -1.000000000000000000 ) ) ;
#1088 = DIRECTION ( 'NONE',  ( 0.000000000000000000, 0.000000000000000000, -1.000000000000000000 ) ) ;
#1089 = ORIENTED_EDGE ( 'NONE', *, *, #355, .F. ) ;
#1090 = ORIENTED_EDGE ( 'NONE', *, *, #1749, .F. ) ;
#1091 = DIRECTION ( 'NONE',  ( -1.000000000000000000, 0.000000000000000000, 0.000000000000000000 ) ) ;
#1092 = ORIENTED_EDGE ( 'NONE', *, *, #1342, .T. ) ;
#1093 =( NAMED_UNIT ( * ) SI_UNIT ( $, .STERADIAN. ) SOLID_ANGLE_UNIT ( ) );
#1094 = EDGE_CURVE ( 'NONE', #1733, #1370, #1439, .T. ) ;
#1095 = CARTESIAN_POINT ( 'NONE',  ( -86.50000000000000000, 23.50000000000000000, -2.000000000000000000 ) ) ;
#1096 = CARTESIAN_POINT ( 'NONE',  ( 2.999999999999986677, -48.00000000000000000, 2.000000000000000000 ) ) ;
#1097 = DIRECTION ( 'NONE',  ( 0.000000000000000000, 0.000000000000000000, 1.000000000000000000 ) ) ;
#1098 = DIRECTION ( 'NONE',  ( 0.000000000000000000, 0.000000000000000000, 1.000000000000000000 ) ) ;
#1099 = CIRCLE ( 'NONE', #1822, 1.000000000000000888 ) ;
#1100 = ORIENTED_EDGE ( 'NONE', *, *, #1184, .T. ) ;
#1101 = VERTEX_POINT ( 'NONE', #411 ) ;
#1102 = FACE_OUTER_BOUND ( 'NONE', #82, .T. ) ;
#1103 = EDGE_LOOP ( 'NONE', ( #186, #1593, #935, #1809 ) ) ;
#1104 = FILL_AREA_STYLE_COLOUR ( '', #2306 ) ;
#1105 = ADVANCED_FACE ( 'NONE', ( #1848 ), #2273, .T. ) ;
#1106 = CARTESIAN_POINT ( 'NONE',  ( -28.49999999999999645, 22.00000000000000000, -1.000000000000000000 ) ) ;
#1107 = CARTESIAN_POINT ( 'NONE',  ( 69.99999999999998579, -50.00000000000001421, 2.000000000000000000 ) ) ;
#1108 = STYLED_ITEM ( 'NONE', ( #2574 ), #2012 ) ;
#1109 = DIRECTION ( 'NONE',  ( -0.000000000000000000, 0.000000000000000000, -1.000000000000000000 ) ) ;
#1110 = DIRECTION ( 'NONE',  ( -0.000000000000000000, 0.000000000000000000, -1.000000000000000000 ) ) ;
#1111 = ADVANCED_FACE ( 'NONE', ( #1613 ), #2636, .F. ) ;
#1112 = DIRECTION ( 'NONE',  ( -0.000000000000000000, -0.000000000000000000, -1.000000000000000000 ) ) ;
#1113 = ORIENTED_EDGE ( 'NONE', *, *, #1806, .F. ) ;
#1114 = DIRECTION ( 'NONE',  ( 0.000000000000000000, 1.000000000000000000, 0.000000000000000000 ) ) ;
#1115 = ORIENTED_EDGE ( 'NONE', *, *, #2170, .F. ) ;
#1116 = ORIENTED_EDGE ( 'NONE', *, *, #1122, .F. ) ;
#1117 = CARTESIAN_POINT ( 'NONE',  ( -27.50000000000000000, 22.99999999999999645, -2.000000000000000000 ) ) ;
#1118 = CARTESIAN_POINT ( 'NONE',  ( -88.00000000000000000, -55.99999999999998579, 2.000000000000000000 ) ) ;
#1119 = LINE ( 'NONE', #1823, #1269 ) ;
#1120 = DIRECTION ( 'NONE',  ( -1.000000000000000000, 0.000000000000000000, 0.000000000000000000 ) ) ;
#1121 = CARTESIAN_POINT ( 'NONE',  ( 20.00000000000000355, -58.00000000000000000, 2.001000000000000334 ) ) ;
#1122 = EDGE_CURVE ( 'NONE', #350, #279, #786, .T. ) ;
#1123 = CARTESIAN_POINT ( 'NONE',  ( 87.99999999999998579, 55.99999999999998579, 0.000000000000000000 ) ) ;
#1124 = ADVANCED_FACE ( 'NONE', ( #441 ), #1816, .T. ) ;
#1125 = ORIENTED_EDGE ( 'NONE', *, *, #1350, .T. ) ;
#1126 = FACE_OUTER_BOUND ( 'NONE', #208, .T. ) ;
#1127 = VERTEX_POINT ( 'NONE', #1017 ) ;
#1128 = ORIENTED_EDGE ( 'NONE', *, *, #838, .T. ) ;
#1129 = LINE ( 'NONE', #504, #1277 ) ;
#1130 = AXIS2_PLACEMENT_3D ( 'NONE', #326, #102, #923 ) ;
#1131 = CARTESIAN_POINT ( 'NONE',  ( -5.000000000000000888, -58.00000000000000000, 2.001000000000000334 ) ) ;
#1132 = CARTESIAN_POINT ( 'NONE',  ( -56.70000000000000995, 18.99999999999998579, -2.000000000000000000 ) ) ;
#1133 = DIRECTION ( 'NONE',  ( 1.000000000000000000, 0.000000000000000000, 0.000000000000000000 ) ) ;
#1134 = VECTOR ( 'NONE', #152, 1000.000000000000000 ) ;
#1135 = CARTESIAN_POINT ( 'NONE',  ( -86.50000000000000000, 51.00000000000000000, -2.000000000000000000 ) ) ;
#1136 = EDGE_CURVE ( 'NONE', #1584, #2627, #1741, .T. ) ;
#1137 = ORIENTED_EDGE ( 'NONE', *, *, #1255, .T. ) ;
#1138 = PLANE ( 'NONE',  #222 ) ;
#1139 = VECTOR ( 'NONE', #2611, 1000.000000000000000 ) ;
#1140 = ORIENTED_EDGE ( 'NONE', *, *, #1136, .F. ) ;
#1141 = VERTEX_POINT ( 'NONE', #227 ) ;
#1142 = ORIENTED_EDGE ( 'NONE', *, *, #1366, .F. ) ;
#1143 = EDGE_CURVE ( 'NONE', #414, #50, #1645, .T. ) ;
#1144 = AXIS2_PLACEMENT_3D ( 'NONE', #1015, #1861, #2245 ) ;
#1145 = VECTOR ( 'NONE', #1112, 1000.000000000000000 ) ;
#1146 = DIRECTION ( 'NONE',  ( -0.000000000000000000, -0.000000000000000000, -1.000000000000000000 ) ) ;
#1147 = VECTOR ( 'NONE', #415, 1000.000000000000000 ) ;
#1148 = DIRECTION ( 'NONE',  ( -1.000000000000000000, 2.081668171172168198E-14, 0.000000000000000000 ) ) ;
#1149 = CIRCLE ( 'NONE', #1493, 2.000000000000001776 ) ;
#1150 = CARTESIAN_POINT ( 'NONE',  ( 5.000000000000004441, -58.00000000000000000, 2.000000000000000000 ) ) ;
#1151 = CARTESIAN_POINT ( 'NONE',  ( 15.00000000000000000, 52.00000000000000000, 2.000000000000000000 ) ) ;
#1152 = ORIENTED_EDGE ( 'NONE', *, *, #507, .F. ) ;
#1153 = ADVANCED_FACE ( 'NONE', ( #2233 ), #1047, .F. ) ;
#1154 = ORIENTED_EDGE ( 'NONE', *, *, #1704, .F. ) ;
#1155 = AXIS2_PLACEMENT_3D ( 'NONE', #635, #448, #1887 ) ;
#1156 = CARTESIAN_POINT ( 'NONE',  ( 85.99999999999998579, -58.00000000000000000, 2.000000000000000000 ) ) ;
#1157 = ORIENTED_EDGE ( 'NONE', *, *, #2492, .T. ) ;
#1158 = EDGE_CURVE ( 'NONE', #1027, #1773, #2053, .T. ) ;
#1159 = VECTOR ( 'NONE', #185, 1000.000000000000000 ) ;
#1160 = FACE_OUTER_BOUND ( 'NONE', #363, .T. ) ;
#1161 = DIRECTION ( 'NONE',  ( -1.000000000000000000, 0.000000000000000000, 0.000000000000000000 ) ) ;
#1162 = AXIS2_PLACEMENT_3D ( 'NONE', #284, #1097, #1511 ) ;
#1163 = DIRECTION ( 'NONE',  ( -1.000000000000000000, 0.000000000000000000, 0.000000000000000000 ) ) ;
#1164 = DIRECTION ( 'NONE',  ( -0.000000000000000000, 0.000000000000000000, -1.000000000000000000 ) ) ;
#1165 = ORIENTED_EDGE ( 'NONE', *, *, #27, .T. ) ;
#1166 = AXIS2_PLACEMENT_3D ( 'NONE', #2103, #1732, #2362 ) ;
#1167 = ORIENTED_EDGE ( 'NONE', *, *, #736, .F. ) ;
#1168 = UNCERTAINTY_MEASURE_WITH_UNIT (LENGTH_MEASURE( 1.000000000000000082E-05 ), #1947, 'distance_accuracy_value', 'NONE');
#1169 = CARTESIAN_POINT ( 'NONE',  ( -87.00000000000000000, 4.799999999999999822, 2.000000000000000000 ) ) ;
#1170 = DIRECTION ( 'NONE',  ( -0.000000000000000000, -0.000000000000000000, -1.000000000000000000 ) ) ;
#1171 = EDGE_CURVE ( 'NONE', #594, #1200, #196, .T. ) ;
#1172 = DIRECTION ( 'NONE',  ( -0.000000000000000000, 1.000000000000000000, -0.000000000000000000 ) ) ;
#1173 = DIRECTION ( 'NONE',  ( -1.000000000000000000, 0.000000000000000000, 0.000000000000000000 ) ) ;
#1174 = ADVANCED_FACE ( 'NONE', ( #1833 ), #169, .F. ) ;
#1175 = DIRECTION ( 'NONE',  ( 1.000000000000000000, 0.000000000000000000, 0.000000000000000000 ) ) ;
#1176 = DIRECTION ( 'NONE',  ( -1.000000000000000000, 0.000000000000000000, 0.000000000000000000 ) ) ;
#1177 = VERTEX_POINT ( 'NONE', #847 ) ;
#1178 = FACE_OUTER_BOUND ( 'NONE', #1982, .T. ) ;
#1179 = ORIENTED_EDGE ( 'NONE', *, *, #1828, .F. ) ;
#1180 = AXIS2_PLACEMENT_3D ( 'NONE', #1725, #2342, #2067 ) ;
#1181 = CARTESIAN_POINT ( 'NONE',  ( -87.99999999999998579, 53.49670887894628635, -0.5273396506387052485 ) ) ;
#1182 = CARTESIAN_POINT ( 'NONE',  ( -57.70000000000000284, -0.2000000000000057565, 2.000000000000000000 ) ) ;
#1183 = VECTOR ( 'NONE', #2180, 1000.000000000000000 ) ;
#1184 = EDGE_CURVE ( 'NONE', #1291, #416, #1802, .T. ) ;
#1185 = DIRECTION ( 'NONE',  ( 1.239088197126291063E-16, -1.000000000000000000, 0.000000000000000000 ) ) ;
#1186 = DIRECTION ( 'NONE',  ( 0.000000000000000000, 0.000000000000000000, 1.000000000000000000 ) ) ;
#1187 = LINE ( 'NONE', #1577, #2182 ) ;
#1188 = DIRECTION ( 'NONE',  ( 0.000000000000000000, 1.000000000000000000, 0.000000000000000000 ) ) ;
#1189 = ORIENTED_EDGE ( 'NONE', *, *, #1184, .F. ) ;
#1190 = EDGE_CURVE ( 'NONE', #2229, #1344, #2040, .T. ) ;
#1191 = CARTESIAN_POINT ( 'NONE',  ( 87.99999999999998579, 55.99999999999998579, 2.000000000000000000 ) ) ;
#1192 = ORIENTED_EDGE ( 'NONE', *, *, #993, .T. ) ;
#1193 = LINE ( 'NONE', #151, #247 ) ;
#1194 = DIRECTION ( 'NONE',  ( -0.000000000000000000, -0.000000000000000000, -1.000000000000000000 ) ) ;
#1195 = ORIENTED_EDGE ( 'NONE', *, *, #2099, .T. ) ;
#1196 = DIRECTION ( 'NONE',  ( -0.000000000000000000, -0.000000000000000000, -1.000000000000000000 ) ) ;
#1197 = AXIS2_PLACEMENT_3D ( 'NONE', #2181, #354, #768 ) ;
#1198 = CARTESIAN_POINT ( 'NONE',  ( 67.99999999999997158, -48.00000000000000000, 0.000000000000000000 ) ) ;
#1199 = CARTESIAN_POINT ( 'NONE',  ( -2.999999999999986233, -48.00000000000000000, 2.001000000000000334 ) ) ;
#1200 = VERTEX_POINT ( 'NONE', #385 ) ;
#1201 = ADVANCED_FACE ( 'NONE', ( #2246 ), #1221, .F. ) ;
#1202 = CARTESIAN_POINT ( 'NONE',  ( 69.99999999999998579, -58.00000000000000000, 0.000000000000000000 ) ) ;
#1203 = FACE_OUTER_BOUND ( 'NONE', #1002, .T. ) ;
#1204 = VERTEX_POINT ( 'NONE', #888 ) ;
#1205 = CARTESIAN_POINT ( 'NONE',  ( -86.50000000000000000, 23.50000000000000000, 2.000000000000000000 ) ) ;
#1206 = LINE ( 'NONE', #2387, #1134 ) ;
#1207 = ORIENTED_EDGE ( 'NONE', *, *, #1158, .F. ) ;
#1208 = ORIENTED_EDGE ( 'NONE', *, *, #884, .F. ) ;
#1209 = CARTESIAN_POINT ( 'NONE',  ( -87.00000000000001421, 19.00000000000000000, -2.000000000000000000 ) ) ;
#1210 = DIRECTION ( 'NONE',  ( -0.000000000000000000, -0.000000000000000000, -1.000000000000000000 ) ) ;
#1211 = CARTESIAN_POINT ( 'NONE',  ( 3.000000000000000888, -50.00000000000000000, 2.001000000000000334 ) ) ;
#1212 = ORIENTED_EDGE ( 'NONE', *, *, #1830, .F. ) ;
#1213 = EDGE_CURVE ( 'NONE', #2553, #1442, #1391, .T. ) ;
#1214 = CARTESIAN_POINT ( 'NONE',  ( -86.00000000000000000, 58.00000000000000000, 2.000000000000000000 ) ) ;
#1215 = ORIENTED_EDGE ( 'NONE', *, *, #535, .F. ) ;
#1216 = DIRECTION ( 'NONE',  ( 1.000000000000000000, 0.000000000000000000, -0.000000000000000000 ) ) ;
#1217 = DIRECTION ( 'NONE',  ( -0.000000000000000000, -0.000000000000000000, 1.000000000000000000 ) ) ;
#1218 = VERTEX_POINT ( 'NONE', #2508 ) ;
#1219 = VECTOR ( 'NONE', #1210, 1000.000000000000000 ) ;
#1220 = CARTESIAN_POINT ( 'NONE',  ( -85.99999999999998579, -58.00000000000000000, 0.000000000000000000 ) ) ;
#1221 = PLANE ( 'NONE',  #2203 ) ;
#1222 = CARTESIAN_POINT ( 'NONE',  ( -88.00000000000001421, 55.99999999999998579, 0.000000000000000000 ) ) ;
#1223 = ORIENTED_EDGE ( 'NONE', *, *, #1686, .F. ) ;
#1224 = TOROIDAL_SURFACE ( 'NONE', #79, 2.000000000000000888, 1.000000000000000000 ) ;
#1225 = CARTESIAN_POINT ( 'NONE',  ( -88.00000000000000000, 25.00000000000000000, -2.000000000000000000 ) ) ;
#1226 = ORIENTED_EDGE ( 'NONE', *, *, #887, .F. ) ;
#1227 = AXIS2_PLACEMENT_3D ( 'NONE', #2239, #589, #176 ) ;
#1228 = CYLINDRICAL_SURFACE ( 'NONE', #200, 2.000000000000001776 ) ;
#1229 = CARTESIAN_POINT ( 'NONE',  ( -86.50000000000000000, 27.50000000000000000, 2.001000000000000334 ) ) ;
#1230 =( GEOMETRIC_REPRESENTATION_CONTEXT ( 3 ) GLOBAL_UNCERTAINTY_ASSIGNED_CONTEXT ( ( #503 ) ) GLOBAL_UNIT_ASSIGNED_CONTEXT ( ( #1561, #997, #603 ) ) REPRESENTATION_CONTEXT ( 'NONE', 'WORKASPACE' ) );
#1231 = ORIENTED_EDGE ( 'NONE', *, *, #1430, .F. ) ;
#1232 = DIRECTION ( 'NONE',  ( 0.000000000000000000, 0.000000000000000000, 1.000000000000000000 ) ) ;
#1233 = EDGE_CURVE ( 'NONE', #2229, #1305, #1509, .T. ) ;
#1234 = ORIENTED_EDGE ( 'NONE', *, *, #711, .T. ) ;
#1235 = CARTESIAN_POINT ( 'NONE',  ( 85.99999999999998579, 56.00000000000000000, 2.000000000000000000 ) ) ;
#1236 = EDGE_CURVE ( 'NONE', #2206, #1783, #494, .T. ) ;
#1237 = DIRECTION ( 'NONE',  ( 0.000000000000000000, -0.000000000000000000, -1.000000000000000000 ) ) ;
#1238 = CARTESIAN_POINT ( 'NONE',  ( -87.00000000000001421, -1.200000000000000400, -2.000000000000000000 ) ) ;
#1239 = ORIENTED_EDGE ( 'NONE', *, *, #691, .T. ) ;
#1240 = AXIS2_PLACEMENT_3D ( 'NONE', #158, #1616, #135 ) ;
#1241 = ORIENTED_EDGE ( 'NONE', *, *, #2236, .F. ) ;
#1242 = VERTEX_POINT ( 'NONE', #875 ) ;
#1243 = CARTESIAN_POINT ( 'NONE',  ( -87.00000000000000000, 19.00000000000000000, -2.000000000000000000 ) ) ;
#1244 = CYLINDRICAL_SURFACE ( 'NONE', #482, 2.000000000000001776 ) ;
#1245 = ORIENTED_EDGE ( 'NONE', *, *, #25, .T. ) ;
#1246 = LINE ( 'NONE', #1463, #271 ) ;
#1247 = VERTEX_POINT ( 'NONE', #283 ) ;
#1248 = VECTOR ( 'NONE', #147, 1000.000000000000000 ) ;
#1249 = EDGE_CURVE ( 'NONE', #2101, #281, #1086, .T. ) ;
#1250 = CARTESIAN_POINT ( 'NONE',  ( -87.00000000000001421, -1.200000000000000400, -2.000000000000000000 ) ) ;
#1251 = CARTESIAN_POINT ( 'NONE',  ( -57.70000000000000995, 18.99999999999999289, 0.000000000000000000 ) ) ;
#1252 = EDGE_CURVE ( 'NONE', #1370, #2102, #1520, .T. ) ;
#1253 = LINE ( 'NONE', #876, #1721 ) ;
#1254 = VECTOR ( 'NONE', #2412, 1000.000000000000000 ) ;
#1255 = EDGE_CURVE ( 'NONE', #959, #2557, #466, .T. ) ;
#1256 = ORIENTED_EDGE ( 'NONE', *, *, #5, .F. ) ;
#1257 = ORIENTED_EDGE ( 'NONE', *, *, #2445, .F. ) ;
#1258 = LINE ( 'NONE', #1652, #802 ) ;
#1259 = ORIENTED_EDGE ( 'NONE', *, *, #489, .T. ) ;
#1260 = EDGE_LOOP ( 'NONE', ( #2465, #502, #657, #1706, #1501 ) ) ;
#1261 = ORIENTED_EDGE ( 'NONE', *, *, #187, .F. ) ;
#1262 = LINE ( 'NONE', #2037, #2443 ) ;
#1263 = ORIENTED_EDGE ( 'NONE', *, *, #1635, .T. ) ;
#1264 = AXIS2_PLACEMENT_3D ( 'NONE', #1971, #794, #2196 ) ;
#1265 = DIRECTION ( 'NONE',  ( 1.186135710069612158E-16, -1.000000000000000000, 0.000000000000000000 ) ) ;
#1266 = UNCERTAINTY_MEASURE_WITH_UNIT (LENGTH_MEASURE( 1.000000000000000082E-05 ), #2006, 'distance_accuracy_value', 'NONE');
#1267 = DIRECTION ( 'NONE',  ( -0.000000000000000000, -0.000000000000000000, -1.000000000000000000 ) ) ;
#1268 = VECTOR ( 'NONE', #2025, 1000.000000000000000 ) ;
#1269 = VECTOR ( 'NONE', #562, 1000.000000000000000 ) ;
#1270 = CARTESIAN_POINT ( 'NONE',  ( -88.00000000000000000, -55.99999999999998579, 0.000000000000000000 ) ) ;
#1271 = CARTESIAN_POINT ( 'NONE',  ( 88.00000000000000000, 4.999999999999997335, 2.000000000000000000 ) ) ;
#1272 = VERTEX_POINT ( 'NONE', #1107 ) ;
#1273 = EDGE_CURVE ( 'NONE', #2518, #55, #451, .T. ) ;
#1274 = ORIENTED_EDGE ( 'NONE', *, *, #492, .F. ) ;
#1275 = CARTESIAN_POINT ( 'NONE',  ( 80.00000000000000000, 2.999999999999999556, 2.001000000000000334 ) ) ;
#1276 = ORIENTED_EDGE ( 'NONE', *, *, #1398, .T. ) ;
#1277 = VECTOR ( 'NONE', #2131, 1000.000000000000000 ) ;
#1278 = VERTEX_POINT ( 'NONE', #90 ) ;
#1279 = CARTESIAN_POINT ( 'NONE',  ( -86.00000000000000000, 58.00000000000000000, 0.000000000000000000 ) ) ;
#1280 = ORIENTED_EDGE ( 'NONE', *, *, #1483, .F. ) ;
#1281 = CIRCLE ( 'NONE', #813, 1.000000000000000888 ) ;
#1282 = CARTESIAN_POINT ( 'NONE',  ( 85.99999999999998579, 56.00000000000000000, 0.000000000000000000 ) ) ;
#1283 = DIRECTION ( 'NONE',  ( 4.336808689942025132E-16, -1.000000000000000000, 0.000000000000000000 ) ) ;
#1284 = CARTESIAN_POINT ( 'NONE',  ( -85.99999999999998579, -58.00000000000000000, 2.000000000000000000 ) ) ;
#1285 = LINE ( 'NONE', #2288, #249 ) ;
#1286 = ORIENTED_EDGE ( 'NONE', *, *, #1686, .T. ) ;
#1287 = EDGE_CURVE ( 'NONE', #2336, #959, #1314, .T. ) ;
#1288 = ORIENTED_EDGE ( 'NONE', *, *, #1249, .F. ) ;
#1289 = CARTESIAN_POINT ( 'NONE',  ( -28.50000000000000000, 53.00000000000002842, -2.000000000000000000 ) ) ;
#1290 = VERTEX_POINT ( 'NONE', #2095 ) ;
#1291 = VERTEX_POINT ( 'NONE', #1298 ) ;
#1292 = VECTOR ( 'NONE', #2498, 1000.000000000000000 ) ;
#1293 = ORIENTED_EDGE ( 'NONE', *, *, #492, .T. ) ;
#1294 = VECTOR ( 'NONE', #2368, 1000.000000000000000 ) ;
#1295 = PLANE ( 'NONE',  #1615 ) ;
#1296 = LINE ( 'NONE', #282, #2172 ) ;
#1297 = ORIENTED_EDGE ( 'NONE', *, *, #1684, .F. ) ;
#1298 = CARTESIAN_POINT ( 'NONE',  ( -27.49999999999999645, 53.00000000000002842, -2.000000000000000000 ) ) ;
#1299 = DIRECTION ( 'NONE',  ( 0.000000000000000000, 1.000000000000000000, 0.000000000000000000 ) ) ;
#1300 = CARTESIAN_POINT ( 'NONE',  ( -88.00000000000000000, 25.00000000000000000, 0.000000000000000000 ) ) ;
#1301 = EDGE_LOOP ( 'NONE', ( #1626, #907, #1226, #2105 ) ) ;
#1302 = VECTOR ( 'NONE', #709, 1000.000000000000000 ) ;
#1303 = ORIENTED_EDGE ( 'NONE', *, *, #1910, .F. ) ;
#1304 = CARTESIAN_POINT ( 'NONE',  ( 67.99999999999998579, -50.00000000000000000, 0.000000000000000000 ) ) ;
#1305 = VERTEX_POINT ( 'NONE', #269 ) ;
#1306 = ORIENTED_EDGE ( 'NONE', *, *, #1398, .F. ) ;
#1307 = CARTESIAN_POINT ( 'NONE',  ( 78.00000000000000000, 2.999999999999985345, 2.001000000000000334 ) ) ;
#1308 = DIRECTION ( 'NONE',  ( 1.000000000000000000, 0.000000000000000000, 0.000000000000000000 ) ) ;
#1309 = EDGE_CURVE ( 'NONE', #2518, #2326, #2300, .T. ) ;
#1310 = DIRECTION ( 'NONE',  ( -0.000000000000000000, -0.000000000000000000, 1.000000000000000000 ) ) ;
#1311 = AXIS2_PLACEMENT_3D ( 'NONE', #756, #2629, #1595 ) ;
#1312 = LINE ( 'NONE', #306, #741 ) ;
#1313 = CARTESIAN_POINT ( 'NONE',  ( -87.00000000000000000, 19.00000000000000000, 0.000000000000000000 ) ) ;
#1314 = CIRCLE ( 'NONE', #156, 1.000000000000000888 ) ;
#1315 = DIRECTION ( 'NONE',  ( -1.000000000000000000, 0.000000000000000000, 0.000000000000000000 ) ) ;
#1316 = VERTEX_POINT ( 'NONE', #51 ) ;
#1317 = CARTESIAN_POINT ( 'NONE',  ( -3.000000000000000444, -50.00000000000000000, 2.001000000000000334 ) ) ;
#1318 = ORIENTED_EDGE ( 'NONE', *, *, #2050, .T. ) ;
#1319 = VERTEX_POINT ( 'NONE', #913 ) ;
#1320 = VECTOR ( 'NONE', #1364, 1000.000000000000000 ) ;
#1321 = DIRECTION ( 'NONE',  ( 0.000000000000000000, -1.000000000000000000, 0.000000000000000000 ) ) ;
#1322 = EDGE_CURVE ( 'NONE', #2439, #1678, #1477, .T. ) ;
#1323 = DIRECTION ( 'NONE',  ( -0.000000000000000000, 1.000000000000000000, -0.000000000000000000 ) ) ;
#1324 = DIRECTION ( 'NONE',  ( 1.000000000000000000, 1.186135710069612158E-16, 0.000000000000000000 ) ) ;
#1325 = CARTESIAN_POINT ( 'NONE',  ( 80.00000000000001421, 4.999999999999999112, 0.000000000000000000 ) ) ;
#1326 = CARTESIAN_POINT ( 'NONE',  ( -5.000000000000000888, -58.00000000000000000, 0.000000000000000000 ) ) ;
#1327 = VERTEX_POINT ( 'NONE', #2521 ) ;
#1328 = CYLINDRICAL_SURFACE ( 'NONE', #831, 2.000000000000000444 ) ;
#1329 = ORIENTED_EDGE ( 'NONE', *, *, #1233, .F. ) ;
#1330 = VECTOR ( 'NONE', #418, 1000.000000000000000 ) ;
#1331 = VERTEX_POINT ( 'NONE', #294 ) ;
#1332 = SURFACE_STYLE_USAGE ( .BOTH. , #1560 ) ;
#1333 = EDGE_LOOP ( 'NONE', ( #2361, #286, #2324, #301 ) ) ;
#1334 = AXIS2_PLACEMENT_3D ( 'NONE', #2204, #1363, #374 ) ;
#1335 = CARTESIAN_POINT ( 'NONE',  ( -28.49999999999999645, 22.00000000000000000, -2.000000000000000000 ) ) ;
#1336 = ADVANCED_FACE ( 'NONE', ( #2496 ), #697, .T. ) ;
#1337 = LINE ( 'NONE', #2331, #2441 ) ;
#1338 = LINE ( 'NONE', #1951, #2503 ) ;
#1339 = EDGE_CURVE ( 'NONE', #24, #829, #240, .T. ) ;
#1340 = CARTESIAN_POINT ( 'NONE',  ( -86.00000000000000000, 58.00000000000000000, 2.000000000000000000 ) ) ;
#1341 = VERTEX_POINT ( 'NONE', #1878 ) ;
#1342 = EDGE_CURVE ( 'NONE', #2627, #1601, #37, .T. ) ;
#1343 = CARTESIAN_POINT ( 'NONE',  ( -88.00000000000001421, -0.1999999999999927114, -2.000000000000000000 ) ) ;
#1344 = VERTEX_POINT ( 'NONE', #2483 ) ;
#1345 = ORIENTED_EDGE ( 'NONE', *, *, #2301, .T. ) ;
#1346 = EDGE_LOOP ( 'NONE', ( #2179, #1658, #591, #960 ) ) ;
#1347 = DIRECTION ( 'NONE',  ( -1.084202172485506283E-16, -1.000000000000000000, 0.000000000000000000 ) ) ;
#1348 = ORIENTED_EDGE ( 'NONE', *, *, #777, .F. ) ;
#1349 = CARTESIAN_POINT ( 'NONE',  ( -88.00000000000002842, 22.08497083030551522, -0.2286134613790549441 ) ) ;
#1350 = EDGE_CURVE ( 'NONE', #2220, #2071, #650, .T. ) ;
#1351 = CARTESIAN_POINT ( 'NONE',  ( -87.00000000000001421, 20.00000000000000000, -2.000000000000000000 ) ) ;
#1352 = DIRECTION ( 'NONE',  ( -1.000000000000000000, 0.000000000000000000, 0.000000000000000000 ) ) ;
#1353 = VERTEX_POINT ( 'NONE', #2080 ) ;
#1354 = EDGE_CURVE ( 'NONE', #416, #1827, #1073, .T. ) ;
#1355 = EDGE_CURVE ( 'NONE', #2447, #2291, #811, .T. ) ;
#1356 = AXIS2_PLACEMENT_3D ( 'NONE', #2450, #644, #1040 ) ;
#1357 = VERTEX_POINT ( 'NONE', #2411 ) ;
#1358 = PLANE ( 'NONE',  #879 ) ;
#1359 = VECTOR ( 'NONE', #2552, 1000.000000000000000 ) ;
#1360 = PLANE ( 'NONE',  #955 ) ;
#1361 = DIRECTION ( 'NONE',  ( 1.000000000000000000, 0.000000000000000000, -0.000000000000000000 ) ) ;
#1362 = AXIS2_PLACEMENT_3D ( 'NONE', #832, #2481, #1046 ) ;
#1363 = DIRECTION ( 'NONE',  ( 0.000000000000000000, 0.000000000000000000, 1.000000000000000000 ) ) ;
#1364 = DIRECTION ( 'NONE',  ( -0.000000000000000000, -0.000000000000000000, -1.000000000000000000 ) ) ;
#1365 = EDGE_LOOP ( 'NONE', ( #1468, #1280, #1634, #2513 ) ) ;
#1366 = EDGE_CURVE ( 'NONE', #604, #1404, #925, .T. ) ;
#1367 = ORIENTED_EDGE ( 'NONE', *, *, #1011, .T. ) ;
#1368 = DIRECTION ( 'NONE',  ( -0.000000000000000000, -0.000000000000000000, 1.000000000000000000 ) ) ;
#1369 = FACE_OUTER_BOUND ( 'NONE', #15, .T. ) ;
#1370 = VERTEX_POINT ( 'NONE', #164 ) ;
#1371 = EDGE_CURVE ( 'NONE', #2500, #836, #2134, .T. ) ;
#1372 = VECTOR ( 'NONE', #626, 1000.000000000000000 ) ;
#1373 = CARTESIAN_POINT ( 'NONE',  ( 2.999999999999986677, -48.00000000000000000, 0.000000000000000000 ) ) ;
#1374 = PLANE ( 'NONE',  #1523 ) ;
#1375 = CIRCLE ( 'NONE', #351, 2.000000000000001776 ) ;
#1376 = CARTESIAN_POINT ( 'NONE',  ( -28.49999999999999645, 22.99999999999999645, -2.000000000000000000 ) ) ;
#1377 = CARTESIAN_POINT ( 'NONE',  ( -28.99999999999999645, 48.50000000000000000, 0.000000000000000000 ) ) ;
#1378 = ORIENTED_EDGE ( 'NONE', *, *, #2575, .T. ) ;
#1379 = AXIS2_PLACEMENT_3D ( 'NONE', #586, #787, #570 ) ;
#1380 = EDGE_LOOP ( 'NONE', ( #2517, #1795, #2596, #1899, #853, #2279 ) ) ;
#1381 = DIRECTION ( 'NONE',  ( 1.000000000000000000, -1.206764157201257291E-16, 0.000000000000000000 ) ) ;
#1382 = CARTESIAN_POINT ( 'NONE',  ( 15.00000000000000000, 58.00000000000000000, 2.000000000000000000 ) ) ;
#1383 = EDGE_CURVE ( 'NONE', #1733, #1247, #2021, .T. ) ;
#1384 = DIRECTION ( 'NONE',  ( 1.000000000000000000, -2.368223175394958964E-16, 0.000000000000000000 ) ) ;
#1385 = CARTESIAN_POINT ( 'NONE',  ( -29.00000000000000000, 23.50000000000000000, 2.000000000000000000 ) ) ;
#1386 = CARTESIAN_POINT ( 'NONE',  ( 87.99999999999998579, -5.000000000000000000, 0.000000000000000000 ) ) ;
#1387 = LINE ( 'NONE', #2600, #2427 ) ;
#1388 = ORIENTED_EDGE ( 'NONE', *, *, #2201, .F. ) ;
#1389 = FACE_OUTER_BOUND ( 'NONE', #932, .T. ) ;
#1390 = ORIENTED_EDGE ( 'NONE', *, *, #838, .F. ) ;
#1391 = CIRCLE ( 'NONE', #1437, 1.000000000000000000 ) ;
#1392 = CARTESIAN_POINT ( 'NONE',  ( -28.49999999999999645, 20.99999999999999645, 0.000000000000000000 ) ) ;
#1393 = DIRECTION ( 'NONE',  ( 0.000000000000000000, 0.000000000000000000, -1.000000000000000000 ) ) ;
#1394 = VECTOR ( 'NONE', #1784, 1000.000000000000000 ) ;
#1395 = EDGE_CURVE ( 'NONE', #820, #1127, #1193, .T. ) ;
#1396 = CARTESIAN_POINT ( 'NONE',  ( -86.00000000000000000, 56.00000000000000000, 2.000000000000000000 ) ) ;
#1397 = CARTESIAN_POINT ( 'NONE',  ( -85.99999999999998579, -58.00000000000000000, 2.000000000000000000 ) ) ;
#1398 = EDGE_CURVE ( 'NONE', #2363, #24, #2548, .T. ) ;
#1399 = AXIS2_PLACEMENT_3D ( 'NONE', #2459, #1839, #2642 ) ;
#1400 = LINE ( 'NONE', #1779, #1248 ) ;
#1401 = CARTESIAN_POINT ( 'NONE',  ( 87.99999999999998579, -5.000000000000000000, 0.000000000000000000 ) ) ;
#1402 = ORIENTED_EDGE ( 'NONE', *, *, #595, .F. ) ;
#1403 = CARTESIAN_POINT ( 'NONE',  ( 85.99999999999997158, 58.00000000000000000, 0.000000000000000000 ) ) ;
#1404 = VERTEX_POINT ( 'NONE', #1405 ) ;
#1405 = CARTESIAN_POINT ( 'NONE',  ( -86.50000000000000000, 51.00000000000000000, 0.000000000000000000 ) ) ;
#1406 = LINE ( 'NONE', #2226, #113 ) ;
#1407 = VECTOR ( 'NONE', #1874, 1000.000000000000000 ) ;
#1408 = ORIENTED_EDGE ( 'NONE', *, *, #5, .T. ) ;
#1409 = LINE ( 'NONE', #1220, #1712 ) ;
#1410 = CARTESIAN_POINT ( 'NONE',  ( 16.00000000000000000, 57.00000000000000000, 2.001000000000000334 ) ) ;
#1411 = EDGE_CURVE ( 'NONE', #2476, #2447, #2617, .T. ) ;
#1412 = LINE ( 'NONE', #1062, #356 ) ;
#1413 = VECTOR ( 'NONE', #889, 1000.000000000000000 ) ;
#1414 = ORIENTED_EDGE ( 'NONE', *, *, #1030, .F. ) ;
#1415 = CARTESIAN_POINT ( 'NONE',  ( 87.99999999999998579, -5.000000000000000000, 2.001000000000000334 ) ) ;
#1416 = FILL_AREA_STYLE_COLOUR ( '', #684 ) ;
#1417 = EDGE_CURVE ( 'NONE', #959, #2474, #1119, .T. ) ;
#1418 = ORIENTED_EDGE ( 'NONE', *, *, #1252, .T. ) ;
#1419 = LINE ( 'NONE', #248, #2343 ) ;
#1420 = FACE_OUTER_BOUND ( 'NONE', #87, .T. ) ;
#1421 = VERTEX_POINT ( 'NONE', #2606 ) ;
#1422 = ORIENTED_EDGE ( 'NONE', *, *, #613, .T. ) ;
#1423 = VECTOR ( 'NONE', #2473, 1000.000000000000000 ) ;
#1424 = CARTESIAN_POINT ( 'NONE',  ( -15.00000000000000000, 57.00000000000000000, 2.000000000000000000 ) ) ;
#1425 = DIRECTION ( 'NONE',  ( 1.206764157201257538E-16, 1.000000000000000000, -0.000000000000000000 ) ) ;
#1426 = LINE ( 'NONE', #2247, #2013 ) ;
#1427 = EDGE_CURVE ( 'NONE', #330, #843, #767, .T. ) ;
#1428 = VERTEX_POINT ( 'NONE', #396 ) ;
#1429 = DIRECTION ( 'NONE',  ( -0.000000000000000000, -0.000000000000000000, -1.000000000000000000 ) ) ;
#1430 = EDGE_CURVE ( 'NONE', #1316, #1490, #1582, .T. ) ;
#1431 = VERTEX_POINT ( 'NONE', #2423 ) ;
#1432 = DIRECTION ( 'NONE',  ( 0.000000000000000000, 0.000000000000000000, 1.000000000000000000 ) ) ;
#1433 = DIRECTION ( 'NONE',  ( 0.000000000000000000, 0.000000000000000000, 1.000000000000000000 ) ) ;
#1434 = ADVANCED_FACE ( 'NONE', ( #1938 ), #1594, .F. ) ;
#1435 = ORIENTED_EDGE ( 'NONE', *, *, #815, .F. ) ;
#1436 = DIRECTION ( 'NONE',  ( -1.000000000000000000, 0.000000000000000000, 0.000000000000000000 ) ) ;
#1437 = AXIS2_PLACEMENT_3D ( 'NONE', #663, #1699, #1913 ) ;
#1438 = FACE_OUTER_BOUND ( 'NONE', #2422, .T. ) ;
#1439 = LINE ( 'NONE', #2015, #243 ) ;
#1440 = CARTESIAN_POINT ( 'NONE',  ( 67.99999999999997158, -48.00000000000000000, 0.000000000000000000 ) ) ;
#1441 = VERTEX_POINT ( 'NONE', #1205 ) ;
#1442 = VERTEX_POINT ( 'NONE', #1392 ) ;
#1443 = ORIENTED_EDGE ( 'NONE', *, *, #1898, .T. ) ;
#1444 = DIRECTION ( 'NONE',  ( 0.000000000000000000, -0.000000000000000000, 1.000000000000000000 ) ) ;
#1445 = CARTESIAN_POINT ( 'NONE',  ( 85.99999999999998579, 56.00000000000000000, 0.000000000000000000 ) ) ;
#1446 = EDGE_CURVE ( 'NONE', #1039, #274, #1624, .T. ) ;
#1447 = ORIENTED_EDGE ( 'NONE', *, *, #64, .F. ) ;
#1448 = EDGE_CURVE ( 'NONE', #1331, #594, #2628, .T. ) ;
#1449 = DIRECTION ( 'NONE',  ( -4.336808689942025132E-16, 1.000000000000000000, 0.000000000000000000 ) ) ;
#1450 = ORIENTED_EDGE ( 'NONE', *, *, #1776, .T. ) ;
#1451 = DIRECTION ( 'NONE',  ( -1.000000000000000000, 0.000000000000000000, 0.000000000000000000 ) ) ;
#1452 = EDGE_CURVE ( 'NONE', #2206, #1070, #551, .T. ) ;
#1453 = CARTESIAN_POINT ( 'NONE',  ( -28.50000000000000000, 53.00000000000002842, 0.000000000000000000 ) ) ;
#1454 = CARTESIAN_POINT ( 'NONE',  ( 67.99999999999997158, -48.00000000000000000, 2.001000000000000334 ) ) ;
#1455 = VERTEX_POINT ( 'NONE', #1983 ) ;
#1456 = PRODUCT_DEFINITION_SHAPE ( 'NONE', 'NONE',  #1672 ) ;
#1457 = VECTOR ( 'NONE', #123, 1000.000000000000000 ) ;
#1458 = EDGE_LOOP ( 'NONE', ( #850, #1617, #1918, #403 ) ) ;
#1459 = ORIENTED_EDGE ( 'NONE', *, *, #524, .T. ) ;
#1460 = CARTESIAN_POINT ( 'NONE',  ( -87.00000000000000000, 19.00000000000000000, -2.000000000000000000 ) ) ;
#1461 = ORIENTED_EDGE ( 'NONE', *, *, #984, .T. ) ;
#1462 = EDGE_CURVE ( 'NONE', #1070, #720, #2397, .T. ) ;
#1463 = CARTESIAN_POINT ( 'NONE',  ( 5.000000000000004441, -58.00000000000000000, 2.000000000000000000 ) ) ;
#1464 = FACE_BOUND ( 'NONE', #2113, .T. ) ;
#1465 = CARTESIAN_POINT ( 'NONE',  ( -85.99999999999998579, -58.00000000000000000, 2.000000000000000000 ) ) ;
#1466 = DIRECTION ( 'NONE',  ( 4.336808689942025132E-16, -1.000000000000000000, -0.000000000000000000 ) ) ;
#1467 = CARTESIAN_POINT ( 'NONE',  ( -88.00000000000000000, 51.00000000000000000, 0.000000000000000000 ) ) ;
#1468 = ORIENTED_EDGE ( 'NONE', *, *, #1776, .F. ) ;
#1469 = ORIENTED_EDGE ( 'NONE', *, *, #1322, .T. ) ;
#1470 = FACE_OUTER_BOUND ( 'NONE', #2177, .T. ) ;
#1471 = ORIENTED_EDGE ( 'NONE', *, *, #112, .T. ) ;
#1472 = ORIENTED_EDGE ( 'NONE', *, *, #1448, .T. ) ;
#1473 = DIRECTION ( 'NONE',  ( -0.000000000000000000, 0.000000000000000000, -1.000000000000000000 ) ) ;
#1474 = ORIENTED_EDGE ( 'NONE', *, *, #61, .T. ) ;
#1475 = CIRCLE ( 'NONE', #174, 1.000000000000000888 ) ;
#1476 = FACE_OUTER_BOUND ( 'NONE', #2543, .T. ) ;
#1477 = LINE ( 'NONE', #1495, #1994 ) ;
#1478 = AXIS2_PLACEMENT_3D ( 'NONE', #751, #2404, #1161 ) ;
#1479 = EDGE_CURVE ( 'NONE', #1421, #1722, #1419, .T. ) ;
#1480 = CIRCLE ( 'NONE', #1701, 2.000000000000000888 ) ;
#1481 = CARTESIAN_POINT ( 'NONE',  ( -57.70000000000000284, 4.799999999999996270, 2.000000000000000000 ) ) ;
#1482 = DIRECTION ( 'NONE',  ( 1.000000000000000000, 0.000000000000000000, 0.000000000000000000 ) ) ;
#1483 = EDGE_CURVE ( 'NONE', #895, #565, #854, .T. ) ;
#1484 = ORIENTED_EDGE ( 'NONE', *, *, #1446, .T. ) ;
#1485 = DIRECTION ( 'NONE',  ( -1.000000000000000000, 2.516237123857143745E-16, -0.000000000000000000 ) ) ;
#1486 = AXIS2_PLACEMENT_3D ( 'NONE', #1724, #2120, #1937 ) ;
#1487 = ORIENTED_EDGE ( 'NONE', *, *, #949, .T. ) ;
#1488 = DIRECTION ( 'NONE',  ( -0.000000000000000000, -0.000000000000000000, 1.000000000000000000 ) ) ;
#1489 = AXIS2_PLACEMENT_3D ( 'NONE', #716, #968, #1756 ) ;
#1490 = VERTEX_POINT ( 'NONE', #417 ) ;
#1491 = FACE_OUTER_BOUND ( 'NONE', #2076, .T. ) ;
#1492 = ORIENTED_EDGE ( 'NONE', *, *, #2132, .F. ) ;
#1493 = AXIS2_PLACEMENT_3D ( 'NONE', #1282, #2093, #267 ) ;
#1494 = CARTESIAN_POINT ( 'NONE',  ( 88.00000000000000000, -56.00000000000000000, 2.000000000000000000 ) ) ;
#1495 = CARTESIAN_POINT ( 'NONE',  ( 20.00000000000000355, -58.00000000000000000, 2.000000000000000000 ) ) ;
#1496 = CARTESIAN_POINT ( 'NONE',  ( -87.00000000000000000, 23.00000000000000355, 0.000000000000000000 ) ) ;
#1497 = AXIS2_PLACEMENT_3D ( 'NONE', #1031, #1473, #844 ) ;
#1498 = ADVANCED_FACE ( 'NONE', ( #2278 ), #1228, .F. ) ;
#1499 = CARTESIAN_POINT ( 'NONE',  ( -88.00000000000001421, 55.99999999999998579, 0.000000000000000000 ) ) ;
#1500 = ORIENTED_EDGE ( 'NONE', *, *, #278, .T. ) ;
#1501 = ORIENTED_EDGE ( 'NONE', *, *, #707, .T. ) ;
#1502 = DIRECTION ( 'NONE',  ( -0.000000000000000000, -0.000000000000000000, -1.000000000000000000 ) ) ;
#1503 = ORIENTED_EDGE ( 'NONE', *, *, #2149, .F. ) ;
#1504 = AXIS2_PLACEMENT_3D ( 'NONE', #2348, #514, #945 ) ;
#1505 = ORIENTED_EDGE ( 'NONE', *, *, #419, .T. ) ;
#1506 = AXIS2_PLACEMENT_3D ( 'NONE', #2522, #1740, #509 ) ;
#1507 = FACE_OUTER_BOUND ( 'NONE', #588, .T. ) ;
#1508 = CARTESIAN_POINT ( 'NONE',  ( -85.99999999999998579, -58.00000000000000000, 2.000000000000000000 ) ) ;
#1509 = LINE ( 'NONE', #2330, #289 ) ;
#1510 = VECTOR ( 'NONE', #2275, 1000.000000000000000 ) ;
#1511 = DIRECTION ( 'NONE',  ( -1.000000000000000000, 0.000000000000000000, 0.000000000000000000 ) ) ;
#1512 = CYLINDRICAL_SURFACE ( 'NONE', #1950, 1.000000000000000888 ) ;
#1513 = DIRECTION ( 'NONE',  ( 1.000000000000000000, -2.368223175394958470E-16, 0.000000000000000000 ) ) ;
#1514 = ORIENTED_EDGE ( 'NONE', *, *, #1051, .T. ) ;
#1515 = LINE ( 'NONE', #1528, #1457 ) ;
#1516 = EDGE_CURVE ( 'NONE', #2241, #2091, #219, .T. ) ;
#1517 = ORIENTED_EDGE ( 'NONE', *, *, #1830, .T. ) ;
#1518 = CARTESIAN_POINT ( 'NONE',  ( 88.00000000000000000, 4.999999999999997335, 0.000000000000000000 ) ) ;
#1519 = CARTESIAN_POINT ( 'NONE',  ( -57.70000000000001705, 19.99999999999999289, -2.000000000000000000 ) ) ;
#1520 = LINE ( 'NONE', #1924, #2416 ) ;
#1521 = VECTOR ( 'NONE', #80, 1000.000000000000000 ) ;
#1522 = LINE ( 'NONE', #1939, #827 ) ;
#1523 = AXIS2_PLACEMENT_3D ( 'NONE', #2161, #2200, #372 ) ;
#1524 = DIRECTION ( 'NONE',  ( 1.000000000000000000, 0.000000000000000000, 0.000000000000000000 ) ) ;
#1525 = AXIS2_PLACEMENT_3D ( 'NONE', #1079, #1067, #261 ) ;
#1526 = LINE ( 'NONE', #336, #1534 ) ;
#1527 = ORIENTED_EDGE ( 'NONE', *, *, #599, .F. ) ;
#1528 = CARTESIAN_POINT ( 'NONE',  ( -16.00000000000000000, 58.00000000000000000, 2.000000000000000000 ) ) ;
#1529 = ORIENTED_EDGE ( 'NONE', *, *, #578, .T. ) ;
#1530 = ORIENTED_EDGE ( 'NONE', *, *, #818, .F. ) ;
#1531 = PLANE ( 'NONE',  #2192 ) ;
#1532 = EDGE_CURVE ( 'NONE', #1291, #166, #16, .T. ) ;
#1533 = EDGE_LOOP ( 'NONE', ( #1954, #150, #1450, #216 ) ) ;
#1534 = VECTOR ( 'NONE', #1968, 1000.000000000000000 ) ;
#1535 = LINE ( 'NONE', #103, #1576 ) ;
#1536 = EDGE_CURVE ( 'NONE', #1204, #1316, #1869, .T. ) ;
#1537 = CARTESIAN_POINT ( 'NONE',  ( -88.00000000000002842, 54.39114803123852226, -0.03289260987206462511 ) ) ;
#1538 = EDGE_CURVE ( 'NONE', #1679, #842, #2252, .T. ) ;
#1539 = CARTESIAN_POINT ( 'NONE',  ( -26.50000000000000000, 22.99999999999999645, -1.000000000000000000 ) ) ;
#1540 = CARTESIAN_POINT ( 'NONE',  ( -15.00000000000000000, 57.00000000000000000, 2.001000000000000334 ) ) ;
#1541 = VECTOR ( 'NONE', #1075, 1000.000000000000000 ) ;
#1542 = DIRECTION ( 'NONE',  ( -1.000000000000000000, 0.000000000000000000, 0.000000000000000000 ) ) ;
#1543 = ORIENTED_EDGE ( 'NONE', *, *, #2373, .F. ) ;
#1544 = DIRECTION ( 'NONE',  ( 0.000000000000000000, -0.000000000000000000, 1.000000000000000000 ) ) ;
#1545 = ORIENTED_EDGE ( 'NONE', *, *, #1171, .F. ) ;
#1546 = ORIENTED_EDGE ( 'NONE', *, *, #1069, .F. ) ;
#1547 = CARTESIAN_POINT ( 'NONE',  ( -27.50000000000000000, 48.99999999999999289, -2.000000000000000000 ) ) ;
#1548 = ORIENTED_EDGE ( 'NONE', *, *, #2118, .F. ) ;
#1549 = EDGE_CURVE ( 'NONE', #1200, #2206, #1258, .T. ) ;
#1550 = CIRCLE ( 'NONE', #1852, 1.000000000000000000 ) ;
#1551 = EDGE_CURVE ( 'NONE', #574, #1204, #1668, .T. ) ;
#1552 = CARTESIAN_POINT ( 'NONE',  ( -57.70000000000001705, -1.200000000000007283, -2.000000000000000000 ) ) ;
#1553 = CARTESIAN_POINT ( 'NONE',  ( -86.50000000000000000, 52.50000000000000711, -2.000000000000000000 ) ) ;
#1554 = ADVANCED_FACE ( 'NONE', ( #2047 ), #2475, .T. ) ;
#1555 = DIRECTION ( 'NONE',  ( 0.000000000000000000, 0.000000000000000000, -1.000000000000000000 ) ) ;
#1556 = ORIENTED_EDGE ( 'NONE', *, *, #1063, .T. ) ;
#1557 = CARTESIAN_POINT ( 'NONE',  ( -88.00000000000001421, -0.1999999999999927114, -2.000000000000000000 ) ) ;
#1558 = CIRCLE ( 'NONE', #1948, 2.000000000000001776 ) ;
#1559 = ORIENTED_EDGE ( 'NONE', *, *, #2165, .F. ) ;
#1560 = SURFACE_SIDE_STYLE ('',( #316 ) ) ;
#1561 =( LENGTH_UNIT ( ) NAMED_UNIT ( * ) SI_UNIT ( .MILLI., .METRE. ) );
#1562 = LINE ( 'NONE', #1250, #1922 ) ;
#1563 = FACE_OUTER_BOUND ( 'NONE', #142, .T. ) ;
#1564 = EDGE_CURVE ( 'NONE', #529, #895, #57, .T. ) ;
#1565 = CARTESIAN_POINT ( 'NONE',  ( -88.00000000000000000, 53.00000000000002132, -2.000000000000000000 ) ) ;
#1566 = CARTESIAN_POINT ( 'NONE',  ( -87.00000000000000000, 23.00000000000000355, -1.000000000000000000 ) ) ;
#1567 = EDGE_CURVE ( 'NONE', #858, #2101, #1480, .T. ) ;
#1568 = EDGE_LOOP ( 'NONE', ( #1408, #447, #2556, #264 ) ) ;
#1569 = AXIS2_PLACEMENT_3D ( 'NONE', #1251, #833, #2430 ) ;
#1570 = ORIENTED_EDGE ( 'NONE', *, *, #564, .T. ) ;
#1571 = CARTESIAN_POINT ( 'NONE',  ( -87.00000000000001421, -0.1999999999999998723, 0.000000000000000000 ) ) ;
#1572 = ORIENTED_EDGE ( 'NONE', *, *, #39, .T. ) ;
#1573 = DIRECTION ( 'NONE',  ( -1.000000000000000000, 0.000000000000000000, 0.000000000000000000 ) ) ;
#1574 = AXIS2_PLACEMENT_3D ( 'NONE', #404, #2019, #2615 ) ;
#1575 = LINE ( 'NONE', #1755, #2462 ) ;
#1576 = VECTOR ( 'NONE', #493, 1000.000000000000000 ) ;
#1577 = CARTESIAN_POINT ( 'NONE',  ( 20.00000000000000355, -58.00000000000000000, 0.000000000000000000 ) ) ;
#1578 = CARTESIAN_POINT ( 'NONE',  ( -85.99999999999998579, -58.00000000000000000, 2.000000000000000000 ) ) ;
#1579 = EDGE_CURVE ( 'NONE', #1442, #743, #582, .T. ) ;
#1580 = ORIENTED_EDGE ( 'NONE', *, *, #2185, .F. ) ;
#1581 = ORIENTED_EDGE ( 'NONE', *, *, #567, .T. ) ;
#1582 = LINE ( 'NONE', #780, #2420 ) ;
#1583 = LINE ( 'NONE', #1998, #1330 ) ;
#1584 = VERTEX_POINT ( 'NONE', #2073 ) ;
#1585 = EDGE_CURVE ( 'NONE', #472, #2487, #1016, .T. ) ;
#1586 = VECTOR ( 'NONE', #1919, 1000.000000000000000 ) ;
#1587 = DIRECTION ( 'NONE',  ( 0.000000000000000000, 1.000000000000000000, -0.000000000000000000 ) ) ;
#1588 = CARTESIAN_POINT ( 'NONE',  ( 80.00000000000000000, -3.000000000000000444, 0.000000000000000000 ) ) ;
#1589 = CARTESIAN_POINT ( 'NONE',  ( -28.99999999999999645, 52.50000000000000711, 2.000000000000000000 ) ) ;
#1590 = DIRECTION ( 'NONE',  ( -0.000000000000000000, -0.000000000000000000, -1.000000000000000000 ) ) ;
#1591 = EDGE_LOOP ( 'NONE', ( #1865, #1435, #1318, #2396 ) ) ;
#1592 = CARTESIAN_POINT ( 'NONE',  ( -88.00000000000001421, 54.73205080756888918, 0.000000000000000000 ) ) ;
#1593 = ORIENTED_EDGE ( 'NONE', *, *, #293, .F. ) ;
#1594 = PLANE ( 'NONE',  #118 ) ;
#1595 = DIRECTION ( 'NONE',  ( -1.000000000000000000, -3.469446951953611033E-15, 0.000000000000000000 ) ) ;
#1596 = ADVANCED_FACE ( 'NONE', ( #1896 ), #205, .F. ) ;
#1597 = CARTESIAN_POINT ( 'NONE',  ( -86.50000000000000000, 52.50000000000000711, 2.000000000000000000 ) ) ;
#1598 = CARTESIAN_POINT ( 'NONE',  ( 78.00000000000000000, 2.999999999999985345, 2.000000000000000000 ) ) ;
#1599 = DIRECTION ( 'NONE',  ( -1.000000000000000000, 0.000000000000000000, 0.000000000000000000 ) ) ;
#1600 = PLANE ( 'NONE',  #548 ) ;
#1601 = VERTEX_POINT ( 'NONE', #881 ) ;
#1602 = CARTESIAN_POINT ( 'NONE',  ( -5.000000000000000000, -50.00000000000001421, 2.001000000000000334 ) ) ;
#1603 = ORIENTED_EDGE ( 'NONE', *, *, #2477, .T. ) ;
#1604 = VECTOR ( 'NONE', #1310, 1000.000000000000000 ) ;
#1605 = CARTESIAN_POINT ( 'NONE',  ( -27.50000000000000000, 48.99999999999999289, -2.000000000000000000 ) ) ;
#1606 = DIRECTION ( 'NONE',  ( 1.000000000000000000, 0.000000000000000000, 0.000000000000000000 ) ) ;
#1607 = ORIENTED_EDGE ( 'NONE', *, *, #1536, .T. ) ;
#1608 = VECTOR ( 'NONE', #2242, 1000.000000000000000 ) ;
#1609 = ORIENTED_EDGE ( 'NONE', *, *, #452, .T. ) ;
#1610 = ADVANCED_FACE ( 'NONE', ( #2264 ), #1883, .F. ) ;
#1611 = ORIENTED_EDGE ( 'NONE', *, *, #278, .F. ) ;
#1612 = CARTESIAN_POINT ( 'NONE',  ( 85.99999999999998579, 56.00000000000000000, 2.000000000000000000 ) ) ;
#1613 = FACE_OUTER_BOUND ( 'NONE', #83, .T. ) ;
#1614 = ADVANCED_FACE ( 'NONE', ( #1470 ), #2032, .F. ) ;
#1615 = AXIS2_PLACEMENT_3D ( 'NONE', #302, #2157, #747 ) ;
#1616 = DIRECTION ( 'NONE',  ( 0.000000000000000000, 1.000000000000000000, 0.000000000000000000 ) ) ;
#1617 = ORIENTED_EDGE ( 'NONE', *, *, #2445, .T. ) ;
#1618 = CIRCLE ( 'NONE', #1486, 1.000000000000000000 ) ;
#1619 = FACE_OUTER_BOUND ( 'NONE', #2640, .T. ) ;
#1620 = CARTESIAN_POINT ( 'NONE',  ( -87.00000000000001421, -1.199999999999999956, -2.000000000000000000 ) ) ;
#1621 = ORIENTED_EDGE ( 'NONE', *, *, #902, .F. ) ;
#1622 = CARTESIAN_POINT ( 'NONE',  ( 80.00000000000001421, 4.999999999999999112, 2.001000000000000334 ) ) ;
#1623 = LINE ( 'NONE', #1382, #2138 ) ;
#1624 = B_SPLINE_CURVE_WITH_KNOTS ( 'NONE', 3,
 ( #2547, #726, #191, #1181, #971, #592, #793, #1537, #353, #1009 ),
 .UNSPECIFIED., .F., .F.,
 ( 4, 2, 2, 2, 4 ),
 ( -6.324555320358367040E-06, 0.0005078165051333517234, 0.001021957565587061764, 0.001536098626040771804, 0.002050239686494481628 ),
 .UNSPECIFIED. ) ;
#1625 = AXIS2_PLACEMENT_3D ( 'NONE', #1683, #1436, #1232 ) ;
#1626 = ORIENTED_EDGE ( 'NONE', *, *, #2323, .T. ) ;
#1627 = EDGE_CURVE ( 'NONE', #383, #1290, #2528, .T. ) ;
#1628 = FACE_BOUND ( 'NONE', #2372, .T. ) ;
#1629 = DIRECTION ( 'NONE',  ( 1.000000000000000000, 0.000000000000000000, 0.000000000000000000 ) ) ;
#1630 = AXIS2_PLACEMENT_3D ( 'NONE', #1688, #2446, #10 ) ;
#1631 = EDGE_CURVE ( 'NONE', #919, #274, #2311, .T. ) ;
#1632 = DIRECTION ( 'NONE',  ( 1.239088197126291063E-16, -1.000000000000000000, 0.000000000000000000 ) ) ;
#1633 = VECTOR ( 'NONE', #1384, 1000.000000000000000 ) ;
#1634 = ORIENTED_EDGE ( 'NONE', *, *, #154, .T. ) ;
#1635 = EDGE_CURVE ( 'NONE', #842, #1204, #474, .T. ) ;
#1636 = VECTOR ( 'NONE', #2480, 1000.000000000000000 ) ;
#1637 = DIRECTION ( 'NONE',  ( -1.084202172485506283E-16, -1.000000000000000000, 0.000000000000000000 ) ) ;
#1638 = ORIENTED_EDGE ( 'NONE', *, *, #2378, .T. ) ;
#1639 = DIRECTION ( 'NONE',  ( -0.000000000000000000, 1.000000000000000000, -0.000000000000000000 ) ) ;
#1640 = CARTESIAN_POINT ( 'NONE',  ( -87.00000000000000000, 21.00000000000000000, -1.000000000000000000 ) ) ;
#1641 = ORIENTED_EDGE ( 'NONE', *, *, #1236, .F. ) ;
#1642 = LINE ( 'NONE', #2453, #268 ) ;
#1643 = AXIS2_PLACEMENT_3D ( 'NONE', #1921, #129, #491 ) ;
#1644 = DIRECTION ( 'NONE',  ( 1.000000000000000000, -2.368223175394958470E-16, 0.000000000000000000 ) ) ;
#1645 = LINE ( 'NONE', #426, #412 ) ;
#1646 = FACE_OUTER_BOUND ( 'NONE', #327, .T. ) ;
#1647 = ORIENTED_EDGE ( 'NONE', *, *, #533, .T. ) ;
#1648 = ADVANCED_FACE ( 'NONE', ( #110 ), #2128, .T. ) ;
#1649 = ADVANCED_FACE ( 'NONE', ( #1932 ), #1138, .F. ) ;
#1650 = DIRECTION ( 'NONE',  ( -0.000000000000000000, -1.000000000000000000, -0.000000000000000000 ) ) ;
#1651 = EDGE_LOOP ( 'NONE', ( #486, #2541, #2267, #985 ) ) ;
#1652 = CARTESIAN_POINT ( 'NONE',  ( -87.00000000000000000, 4.799999999999999822, 2.000000000000000000 ) ) ;
#1653 = LINE ( 'NONE', #2048, #771 ) ;
#1654 = VECTOR ( 'NONE', #141, 1000.000000000000000 ) ;
#1655 = EDGE_CURVE ( 'NONE', #692, #919, #1720, .T. ) ;
#1656 = ORIENTED_EDGE ( 'NONE', *, *, #1063, .F. ) ;
#1657 = CARTESIAN_POINT ( 'NONE',  ( -88.00000000000000000, -0.1999999999999987899, 0.000000000000000000 ) ) ;
#1658 = ORIENTED_EDGE ( 'NONE', *, *, #1734, .T. ) ;
#1659 = VECTOR ( 'NONE', #1903, 1000.000000000000000 ) ;
#1660 = PLANE ( 'NONE',  #341 ) ;
#1661 = CARTESIAN_POINT ( 'NONE',  ( -27.50000000000000000, 48.99999999999999289, -2.000000000000000000 ) ) ;
#1662 = CARTESIAN_POINT ( 'NONE',  ( 85.99999999999998579, -58.00000000000000000, 0.000000000000000000 ) ) ;
#1663 = ORIENTED_EDGE ( 'NONE', *, *, #112, .F. ) ;
#1664 = CIRCLE ( 'NONE', #510, 1.000000000000000000 ) ;
#1665 = ADVANCED_FACE ( 'NONE', ( #1126 ), #693, .F. ) ;
#1666 = LINE ( 'NONE', #1052, #1423 ) ;
#1667 = ORIENTED_EDGE ( 'NONE', *, *, #1452, .T. ) ;
#1668 = LINE ( 'NONE', #2645, #934 ) ;
#1669 = EDGE_LOOP ( 'NONE', ( #1006, #653, #127, #1760 ) ) ;
#1670 = ORIENTED_EDGE ( 'NONE', *, *, #1417, .F. ) ;
#1671 = DIRECTION ( 'NONE',  ( -0.000000000000000000, -0.000000000000000000, 1.000000000000000000 ) ) ;
#1672 = PRODUCT_DEFINITION ( 'UNKNOWN', '', #2042, #440 ) ;
#1673 = DIRECTION ( 'NONE',  ( -1.000000000000000000, 0.000000000000000000, 0.000000000000000000 ) ) ;
#1674 = DIRECTION ( 'NONE',  ( -0.000000000000000000, -1.000000000000000000, -0.000000000000000000 ) ) ;
#1675 = CARTESIAN_POINT ( 'NONE',  ( 78.00000000000000000, -2.999999999999985789, 2.001000000000000334 ) ) ;
#1676 = DIRECTION ( 'NONE',  ( 1.000000000000000000, -0.000000000000000000, -0.000000000000000000 ) ) ;
#1677 = AXIS2_PLACEMENT_3D ( 'NONE', #2374, #335, #2163 ) ;
#1678 = VERTEX_POINT ( 'NONE', #313 ) ;
#1679 = VERTEX_POINT ( 'NONE', #527 ) ;
#1680 = DIRECTION ( 'NONE',  ( 1.000000000000000000, 0.000000000000000000, 0.000000000000000000 ) ) ;
#1681 = ORIENTED_EDGE ( 'NONE', *, *, #981, .F. ) ;
#1682 = ORIENTED_EDGE ( 'NONE', *, *, #245, .T. ) ;
#1683 = CARTESIAN_POINT ( 'NONE',  ( -28.50000000000000000, 55.00000000000003553, -1.000000000000000000 ) ) ;
#1684 = EDGE_CURVE ( 'NONE', #1757, #754, #277, .T. ) ;
#1685 = DIRECTION ( 'NONE',  ( -1.000000000000000000, 0.000000000000000000, 0.000000000000000000 ) ) ;
#1686 = EDGE_CURVE ( 'NONE', #2294, #1431, #1515, .T. ) ;
#1687 = CARTESIAN_POINT ( 'NONE',  ( -87.00000000000001421, 19.00000000000000000, -2.000000000000000000 ) ) ;
#1688 = CARTESIAN_POINT ( 'NONE',  ( -57.70000000000000995, -0.2000000000000072553, -2.000000000000000000 ) ) ;
#1689 = CARTESIAN_POINT ( 'NONE',  ( 85.99999999999998579, 20.99999999999997868, 0.000000000000000000 ) ) ;
#1690 = CYLINDRICAL_SURFACE ( 'NONE', #1772, 2.000000000000001776 ) ;
#1691 = ORIENTED_EDGE ( 'NONE', *, *, #228, .T. ) ;
#1692 = DIRECTION ( 'NONE',  ( 0.000000000000000000, -1.000000000000000000, 0.000000000000000000 ) ) ;
#1693 = ORIENTED_EDGE ( 'NONE', *, *, #1549, .F. ) ;
#1694 = ORIENTED_EDGE ( 'NONE', *, *, #61, .F. ) ;
#1695 = LINE ( 'NONE', #237, #828 ) ;
#1696 = EDGE_LOOP ( 'NONE', ( #376, #1286, #421, #2158 ) ) ;
#1697 = ADVANCED_FACE ( 'NONE', ( #2538 ), #2325, .F. ) ;
#1698 = CARTESIAN_POINT ( 'NONE',  ( -87.00000000000001421, 20.00000000000000000, 0.000000000000000000 ) ) ;
#1699 = DIRECTION ( 'NONE',  ( 1.000000000000000000, 0.000000000000000000, 0.000000000000000000 ) ) ;
#1700 = VECTOR ( 'NONE', #471, 1000.000000000000000 ) ;
#1701 = AXIS2_PLACEMENT_3D ( 'NONE', #432, #825, #2463 ) ;
#1702 = CYLINDRICAL_SURFACE ( 'NONE', #1893, 1.000000000000000888 ) ;
#1703 = CARTESIAN_POINT ( 'NONE',  ( 86.00000000000000000, -56.00000000000000000, 0.000000000000000000 ) ) ;
#1704 = EDGE_CURVE ( 'NONE', #2447, #2616, #2554, .T. ) ;
#1705 = ORIENTED_EDGE ( 'NONE', *, *, #1846, .F. ) ;
#1706 = ORIENTED_EDGE ( 'NONE', *, *, #933, .F. ) ;
#1707 = CARTESIAN_POINT ( 'NONE',  ( 80.00000000000001421, -5.000000000000000888, 2.001000000000000334 ) ) ;
#1708 = ORIENTED_EDGE ( 'NONE', *, *, #2221, .T. ) ;
#1709 = VECTOR ( 'NONE', #2219, 1000.000000000000000 ) ;
#1710 = ORIENTED_EDGE ( 'NONE', *, *, #1825, .F. ) ;
#1711 = PLANE ( 'NONE',  #2370 ) ;
#1712 = VECTOR ( 'NONE', #195, 1000.000000000000000 ) ;
#1713 = LINE ( 'NONE', #177, #1028 ) ;
#1714 = DIRECTION ( 'NONE',  ( -1.000000000000000000, 0.000000000000000000, 0.000000000000000000 ) ) ;
#1715 = DIRECTION ( 'NONE',  ( 0.000000000000000000, 0.000000000000000000, 1.000000000000000000 ) ) ;
#1716 = FACE_OUTER_BOUND ( 'NONE', #880, .T. ) ;
#1717 = ADVANCED_FACE ( 'NONE', ( #930 ), #1328, .F. ) ;
#1718 = DIRECTION ( 'NONE',  ( -1.000000000000000000, 0.000000000000000000, 0.000000000000000000 ) ) ;
#1719 = ORIENTED_EDGE ( 'NONE', *, *, #2590, .T. ) ;
#1720 = LINE ( 'NONE', #920, #1586 ) ;
#1721 = VECTOR ( 'NONE', #2069, 1000.000000000000000 ) ;
#1722 = VERTEX_POINT ( 'NONE', #894 ) ;
#1723 = VECTOR ( 'NONE', #1146, 1000.000000000000000 ) ;
#1724 = CARTESIAN_POINT ( 'NONE',  ( -26.50000000000000000, 48.99999999999999289, -1.000000000000000000 ) ) ;
#1725 = CARTESIAN_POINT ( 'NONE',  ( -87.00000000000000000, 53.00000000000002132, -2.000000000000000000 ) ) ;
#1726 = VECTOR ( 'NONE', #1466, 1000.000000000000000 ) ;
#1727 = CARTESIAN_POINT ( 'NONE',  ( -86.50000000000000000, 51.00000000000000000, -2.000000000000000000 ) ) ;
#1728 = CARTESIAN_POINT ( 'NONE',  ( -86.00000000000000000, -56.00000000000000000, 0.000000000000000000 ) ) ;
#1729 = CARTESIAN_POINT ( 'NONE',  ( -88.00000000000000000, -55.99999999999998579, 2.000000000000000000 ) ) ;
#1730 = ADVANCED_FACE ( 'NONE', ( #1102 ), #909, .F. ) ;
#1731 = EDGE_LOOP ( 'NONE', ( #1212, #2004, #878, #2440, #1128, #2328, #2478, #315, #2602, #44, #2062, #2142, #883, #1012, #662, #2488, #1414, #1288, #2144, #1167, #1603, #2581, #1935, #1694, #1548, #2227, #1691, #2514, #735, #1043, #1705, #2156 ) ) ;
#1732 = DIRECTION ( 'NONE',  ( 1.000000000000000000, 1.239088197126291310E-16, -0.000000000000000000 ) ) ;
#1733 = VERTEX_POINT ( 'NONE', #1908 ) ;
#1734 = EDGE_CURVE ( 'NONE', #1218, #2490, #70, .T. ) ;
#1735 = ORIENTED_EDGE ( 'NONE', *, *, #1753, .F. ) ;
#1736 = FACE_OUTER_BOUND ( 'NONE', #1805, .T. ) ;
#1737 = CYLINDRICAL_SURFACE ( 'NONE', #1829, 1.000000000000000888 ) ;
#1738 = CIRCLE ( 'NONE', #577, 1.000000000000000888 ) ;
#1739 = CARTESIAN_POINT ( 'NONE',  ( -29.00000000000000000, 48.99999999999999289, -2.000000000000000000 ) ) ;
#1740 = DIRECTION ( 'NONE',  ( 0.000000000000000000, 0.000000000000000000, -1.000000000000000000 ) ) ;
#1741 = CIRCLE ( 'NONE', #1569, 1.000000000000000888 ) ;
#1742 = DIRECTION ( 'NONE',  ( -1.000000000000000000, 0.000000000000000000, 0.000000000000000000 ) ) ;
#1743 = VECTOR ( 'NONE', #366, 1000.000000000000000 ) ;
#1744 = LINE ( 'NONE', #1326, #1359 ) ;
#1745 = ORIENTED_EDGE ( 'NONE', *, *, #116, .T. ) ;
#1746 = DIRECTION ( 'NONE',  ( 0.000000000000000000, -0.000000000000000000, 1.000000000000000000 ) ) ;
#1747 = AXIS2_PLACEMENT_3D ( 'NONE', #296, #1110, #1524 ) ;
#1748 = VERTEX_POINT ( 'NONE', #488 ) ;
#1749 = EDGE_CURVE ( 'NONE', #1078, #1056, #558, .T. ) ;
#1750 = ORIENTED_EDGE ( 'NONE', *, *, #2121, .T. ) ;
#1751 = CARTESIAN_POINT ( 'NONE',  ( -88.00000000000000000, 51.00000000000000000, -2.000000000000000000 ) ) ;
#1752 = VECTOR ( 'NONE', #1995, 1000.000000000000000 ) ;
#1753 = EDGE_CURVE ( 'NONE', #1327, #1247, #2335, .T. ) ;
#1754 = DIRECTION ( 'NONE',  ( 0.000000000000000000, 1.000000000000000000, -0.000000000000000000 ) ) ;
#1755 = CARTESIAN_POINT ( 'NONE',  ( -86.50000000000000000, 51.00000000000000000, 0.000000000000000000 ) ) ;
#1756 = DIRECTION ( 'NONE',  ( 0.000000000000000000, -0.000000000000000000, -1.000000000000000000 ) ) ;
#1757 = VERTEX_POINT ( 'NONE', #1557 ) ;
#1758 = FACE_OUTER_BOUND ( 'NONE', #1066, .T. ) ;
#1759 = ORIENTED_EDGE ( 'NONE', *, *, #906, .F. ) ;
#1760 = ORIENTED_EDGE ( 'NONE', *, *, #599, .T. ) ;
#1761 = PRESENTATION_STYLE_ASSIGNMENT (( #1332 ) ) ;
#1762 = AXIS2_PLACEMENT_3D ( 'NONE', #531, #168, #1573 ) ;
#1763 = ADVANCED_FACE ( 'NONE', ( #1758 ), #744, .F. ) ;
#1764 = ORIENTED_EDGE ( 'NONE', *, *, #1931, .T. ) ;
#1765 = VECTOR ( 'NONE', #1900, 1000.000000000000000 ) ;
#1766 = ADVANCED_FACE ( 'NONE', ( #600 ), #387, .F. ) ;
#1767 = CARTESIAN_POINT ( 'NONE',  ( -56.70000000000000995, -0.2000000000000003164, -2.000000000000000000 ) ) ;
#1768 = DIRECTION ( 'NONE',  ( -1.000000000000000000, 0.000000000000000000, 0.000000000000000000 ) ) ;
#1769 = CARTESIAN_POINT ( 'NONE',  ( -86.00000000000000000, 58.00000000000000000, 2.000000000000000000 ) ) ;
#1770 = FACE_OUTER_BOUND ( 'NONE', #464, .T. ) ;
#1771 = ORIENTED_EDGE ( 'NONE', *, *, #175, .T. ) ;
#1772 = AXIS2_PLACEMENT_3D ( 'NONE', #670, #2322, #1718 ) ;
#1773 = VERTEX_POINT ( 'NONE', #760 ) ;
#1774 = DIRECTION ( 'NONE',  ( 0.000000000000000000, -0.000000000000000000, -1.000000000000000000 ) ) ;
#1775 = ORIENTED_EDGE ( 'NONE', *, *, #1825, .T. ) ;
#1776 = EDGE_CURVE ( 'NONE', #565, #59, #1400, .T. ) ;
#1777 = DIRECTION ( 'NONE',  ( -1.000000000000000000, -4.336808689942025132E-16, 0.000000000000000000 ) ) ;
#1778 = FACE_OUTER_BOUND ( 'NONE', #1943, .T. ) ;
#1779 = CARTESIAN_POINT ( 'NONE',  ( -87.00000000000000000, 19.00000000000000000, 0.000000000000000000 ) ) ;
#1780 = CARTESIAN_POINT ( 'NONE',  ( -87.00000000000000000, 19.00000000000000000, -2.000000000000000000 ) ) ;
#1781 = VERTEX_POINT ( 'NONE', #1150 ) ;
#1782 = VECTOR ( 'NONE', #713, 1000.000000000000000 ) ;
#1783 = VERTEX_POINT ( 'NONE', #170 ) ;
#1784 = DIRECTION ( 'NONE',  ( -0.000000000000000000, -0.000000000000000000, -1.000000000000000000 ) ) ;
#1785 = CARTESIAN_POINT ( 'NONE',  ( -16.00000000000000000, 57.00000000000000000, 0.000000000000000000 ) ) ;
#1786 = ORIENTED_EDGE ( 'NONE', *, *, #915, .F. ) ;
#1787 = ORIENTED_EDGE ( 'NONE', *, *, #2003, .F. ) ;
#1788 = DIRECTION ( 'NONE',  ( 4.336808689942025132E-16, -1.000000000000000000, 0.000000000000000000 ) ) ;
#1789 = DIRECTION ( 'NONE',  ( -1.000000000000000000, 0.000000000000000000, 0.000000000000000000 ) ) ;
#1790 = FACE_OUTER_BOUND ( 'NONE', #246, .T. ) ;
#1791 = DIRECTION ( 'NONE',  ( -1.000000000000000000, 0.000000000000000000, 0.000000000000000000 ) ) ;
#1792 = VERTEX_POINT ( 'NONE', #1589 ) ;
#1793 = EDGE_CURVE ( 'NONE', #409, #2194, #1187, .T. ) ;
#1794 = CARTESIAN_POINT ( 'NONE',  ( -57.69999999999999574, 18.99999999999999289, -2.000000000000000000 ) ) ;
#1795 = ORIENTED_EDGE ( 'NONE', *, *, #207, .T. ) ;
#1796 = DIRECTION ( 'NONE',  ( -1.000000000000000000, 0.000000000000000000, 0.000000000000000000 ) ) ;
#1797 = CARTESIAN_POINT ( 'NONE',  ( 80.00000000000000000, 2.999999999999999556, 0.000000000000000000 ) ) ;
#1798 = VECTOR ( 'NONE', #2464, 1000.000000000000000 ) ;
#1799 = ORIENTED_EDGE ( 'NONE', *, *, #2482, .F. ) ;
#1800 = AXIS2_PLACEMENT_3D ( 'NONE', #1376, #2599, #1175 ) ;
#1801 = CARTESIAN_POINT ( 'NONE',  ( -5.000000000000000000, -50.00000000000001421, 2.000000000000000000 ) ) ;
#1802 = LINE ( 'NONE', #1661, #1139 ) ;
#1803 = DIRECTION ( 'NONE',  ( 0.000000000000000000, 0.000000000000000000, 1.000000000000000000 ) ) ;
#1804 = CARTESIAN_POINT ( 'NONE',  ( -86.50000000000000000, 51.00000000000000000, -2.000000000000000000 ) ) ;
#1805 = EDGE_LOOP ( 'NONE', ( #809, #1841, #1693, #1663, #43, #1050 ) ) ;
#1806 = EDGE_CURVE ( 'NONE', #238, #2490, #979, .T. ) ;
#1807 = FACE_OUTER_BOUND ( 'NONE', #1103, .T. ) ;
#1808 = SURFACE_STYLE_FILL_AREA ( #1820 ) ;
#1809 = ORIENTED_EDGE ( 'NONE', *, *, #194, .T. ) ;
#1810 = DIRECTION ( 'NONE',  ( -0.000000000000000000, 0.000000000000000000, 1.000000000000000000 ) ) ;
#1811 = CARTESIAN_POINT ( 'NONE',  ( 22.00000000000001776, -48.00000000000000000, 0.000000000000000000 ) ) ;
#1812 = EDGE_CURVE ( 'NONE', #281, #929, #2623, .T. ) ;
#1813 = ADVANCED_FACE ( 'NONE', ( #1790 ), #991, .F. ) ;
#1814 = ORIENTED_EDGE ( 'NONE', *, *, #75, .T. ) ;
#1815 = CARTESIAN_POINT ( 'NONE',  ( 88.00000000000000000, 4.999999999999997335, 2.001000000000000334 ) ) ;
#1816 = CYLINDRICAL_SURFACE ( 'NONE', #72, 1.000000000000000888 ) ;
#1817 = DIRECTION ( 'NONE',  ( 0.000000000000000000, 0.000000000000000000, -1.000000000000000000 ) ) ;
#1818 = ORIENTED_EDGE ( 'NONE', *, *, #2479, .F. ) ;
#1819 = LINE ( 'NONE', #1854, #2512 ) ;
#1820 = FILL_AREA_STYLE ('',( #1416 ) ) ;
#1821 = ORIENTED_EDGE ( 'NONE', *, *, #1684, .T. ) ;
#1822 = AXIS2_PLACEMENT_3D ( 'NONE', #2564, #532, #1768 ) ;
#1823 = CARTESIAN_POINT ( 'NONE',  ( -87.00000000000001421, 20.00000000000000000, -2.000000000000000000 ) ) ;
#1824 = LINE ( 'NONE', #812, #2292 ) ;
#1825 = EDGE_CURVE ( 'NONE', #2461, #383, #2405, .T. ) ;
#1826 = VECTOR ( 'NONE', #2225, 1000.000000000000000 ) ;
#1827 = VERTEX_POINT ( 'NONE', #2612 ) ;
#1828 = EDGE_CURVE ( 'NONE', #799, #919, #308, .T. ) ;
#1829 = AXIS2_PLACEMENT_3D ( 'NONE', #924, #2546, #2341 ) ;
#1830 = EDGE_CURVE ( 'NONE', #330, #2229, #94, .T. ) ;
#1831 = DIRECTION ( 'NONE',  ( -0.000000000000000000, -0.000000000000000000, -1.000000000000000000 ) ) ;
#1832 = AXIS2_PLACEMENT_3D ( 'NONE', #742, #1164, #1542 ) ;
#1833 = FACE_OUTER_BOUND ( 'NONE', #1080, .T. ) ;
#1834 = VECTOR ( 'NONE', #571, 1000.000000000000000 ) ;
#1835 = DIRECTION ( 'NONE',  ( 0.000000000000000000, 1.000000000000000000, 0.000000000000000000 ) ) ;
#1836 = AXIS2_PLACEMENT_3D ( 'NONE', #1131, #808, #1347 ) ;
#1837 = ORIENTED_EDGE ( 'NONE', *, *, #2034, .T. ) ;
#1838 = VECTOR ( 'NONE', #1072, 1000.000000000000000 ) ;
#1839 = DIRECTION ( 'NONE',  ( -0.000000000000000000, -0.000000000000000000, 1.000000000000000000 ) ) ;
#1840 = PRODUCT_CONTEXT ( 'NONE', #2579, 'mechanical' ) ;
#1841 = ORIENTED_EDGE ( 'NONE', *, *, #1452, .F. ) ;
#1842 = DIRECTION ( 'NONE',  ( -1.000000000000000000, 0.000000000000000000, 0.000000000000000000 ) ) ;
#1843 = DIRECTION ( 'NONE',  ( -0.000000000000000000, -0.000000000000000000, -1.000000000000000000 ) ) ;
#1844 = VERTEX_POINT ( 'NONE', #2001 ) ;
#1845 = DIRECTION ( 'NONE',  ( 1.000000000000000000, 1.186135710069612158E-16, 0.000000000000000000 ) ) ;
#1846 = EDGE_CURVE ( 'NONE', #1344, #1218, #917, .T. ) ;
#1847 = DIRECTION ( 'NONE',  ( 1.000000000000000000, 1.186135710069612158E-16, 0.000000000000000000 ) ) ;
#1848 = FACE_OUTER_BOUND ( 'NONE', #2566, .T. ) ;
#1849 = ADVANCED_FACE ( 'NONE', ( #967 ), #1967, .F. ) ;
#1850 = AXIS2_PLACEMENT_3D ( 'NONE', #1905, #2524, #1088 ) ;
#1851 = LINE ( 'NONE', #640, #1934 ) ;
#1852 = AXIS2_PLACEMENT_3D ( 'NONE', #1539, #1754, #1715 ) ;
#1853 = ORIENTED_EDGE ( 'NONE', *, *, #507, .T. ) ;
#1854 = CARTESIAN_POINT ( 'NONE',  ( -86.50000000000000000, 25.00000000000000000, -2.000000000000000000 ) ) ;
#1855 = ORIENTED_EDGE ( 'NONE', *, *, #963, .F. ) ;
#1856 = AXIS2_PLACEMENT_3D ( 'NONE', #1289, #1488, #322 ) ;
#1857 = DIRECTION ( 'NONE',  ( -0.000000000000000000, -0.000000000000000000, -1.000000000000000000 ) ) ;
#1858 = FACE_OUTER_BOUND ( 'NONE', #1897, .T. ) ;
#1859 = ORIENTED_EDGE ( 'NONE', *, *, #1448, .F. ) ;
#1860 = CARTESIAN_POINT ( 'NONE',  ( -28.99999999999999645, 48.50000000000000000, 0.000000000000000000 ) ) ;
#1861 = DIRECTION ( 'NONE',  ( -0.000000000000000000, 0.000000000000000000, -1.000000000000000000 ) ) ;
#1862 = DIRECTION ( 'NONE',  ( -1.000000000000000000, 0.000000000000000000, 0.000000000000000000 ) ) ;
#1863 = EDGE_CURVE ( 'NONE', #2644, #2439, #181, .T. ) ;
#1864 = DIRECTION ( 'NONE',  ( 1.000000000000000000, -0.000000000000000000, -0.000000000000000000 ) ) ;
#1865 = ORIENTED_EDGE ( 'NONE', *, *, #782, .F. ) ;
#1866 = ORIENTED_EDGE ( 'NONE', *, *, #2007, .T. ) ;
#1867 = EDGE_LOOP ( 'NONE', ( #1517, #250, #1259, #2228 ) ) ;
#1868 = ORIENTED_EDGE ( 'NONE', *, *, #1354, .F. ) ;
#1869 = LINE ( 'NONE', #2087, #1608 ) ;
#1870 = ORIENTED_EDGE ( 'NONE', *, *, #1753, .T. ) ;
#1871 = AXIS2_PLACEMENT_3D ( 'NONE', #319, #1361, #359 ) ;
#1872 = ORIENTED_EDGE ( 'NONE', *, *, #2152, .T. ) ;
#1873 = PRODUCT ( 'epaper-screen-4', 'epaper-screen-4', '', ( #1840 ) ) ;
#1874 = DIRECTION ( 'NONE',  ( -1.000000000000000000, 0.000000000000000000, 0.000000000000000000 ) ) ;
#1875 = VECTOR ( 'NONE', #1857, 1000.000000000000000 ) ;
#1876 = PLANE ( 'NONE',  #2516 ) ;
#1877 = ORIENTED_EDGE ( 'NONE', *, *, #1479, .F. ) ;
#1878 = CARTESIAN_POINT ( 'NONE',  ( -57.70000000000001705, -1.200000000000007283, 0.000000000000000000 ) ) ;
#1879 = LINE ( 'NONE', #1222, #775 ) ;
#1880 = ORIENTED_EDGE ( 'NONE', *, *, #1395, .T. ) ;
#1881 = ADVANCED_FACE ( 'NONE', ( #347 ), #2189, .F. ) ;
#1882 = ORIENTED_EDGE ( 'NONE', *, *, #874, .T. ) ;
#1883 = PLANE ( 'NONE',  #2506 ) ;
#1884 = ORIENTED_EDGE ( 'NONE', *, *, #1538, .F. ) ;
#1885 = EDGE_CURVE ( 'NONE', #383, #2572, #2608, .T. ) ;
#1886 = ORIENTED_EDGE ( 'NONE', *, *, #95, .T. ) ;
#1887 = DIRECTION ( 'NONE',  ( -1.000000000000000000, 0.000000000000000000, 0.000000000000000000 ) ) ;
#1888 = CARTESIAN_POINT ( 'NONE',  ( -27.50000000000000000, 26.99999999999999645, -2.000000000000000000 ) ) ;
#1889 = ORIENTED_EDGE ( 'NONE', *, *, #1549, .T. ) ;
#1890 = DIRECTION ( 'NONE',  ( -1.000000000000000000, -0.000000000000000000, -0.000000000000000000 ) ) ;
#1891 = CARTESIAN_POINT ( 'NONE',  ( -87.00000000000000000, 22.00000000000000355, -1.000000000000000000 ) ) ;
#1892 = CARTESIAN_POINT ( 'NONE',  ( 5.000000000000001776, -50.00000000000001421, 0.000000000000000000 ) ) ;
#1893 = AXIS2_PLACEMENT_3D ( 'NONE', #468, #1324, #1299 ) ;
#1894 = ORIENTED_EDGE ( 'NONE', *, *, #2544, .T. ) ;
#1895 = ORIENTED_EDGE ( 'NONE', *, *, #126, .T. ) ;
#1896 = FACE_OUTER_BOUND ( 'NONE', #2504, .T. ) ;
#1897 = EDGE_LOOP ( 'NONE', ( #32, #47, #2527, #2620, #1142, #641, #325, #1735, #1, #41, #921, #2499, #461, #1179, #1969, #2089, #2066, #1388, #2338, #424, #2436, #450, #149, #73, #314, #323, #1855, #1113, #2454, #1208, #2277, #190, #1090, #203, #2365, #2018, #1530, #1787, #516, #1402, #1274, #337, #892, #162, #2631, #1152, #1256, #1543, #630, #1140, #2308, #1115, #792, #1708, #1487, #487, #1682, #1207, #1818, #1231 ) ) ;
#1898 = EDGE_CURVE ( 'NONE', #2326, #111, #1991, .T. ) ;
#1899 = ORIENTED_EDGE ( 'NONE', *, *, #2055, .T. ) ;
#1900 = DIRECTION ( 'NONE',  ( -0.000000000000000000, -0.000000000000000000, -1.000000000000000000 ) ) ;
#1901 = CARTESIAN_POINT ( 'NONE',  ( -86.50000000000000000, 52.50000000000000711, 2.000000000000000000 ) ) ;
#1902 = EDGE_CURVE ( 'NONE', #399, #1177, #752, .T. ) ;
#1903 = DIRECTION ( 'NONE',  ( 1.000000000000000000, 1.186135710069611912E-16, 0.000000000000000000 ) ) ;
#1904 = CARTESIAN_POINT ( 'NONE',  ( -57.70000000000000995, -0.2000000000000072553, -2.000000000000000000 ) ) ;
#1905 = CARTESIAN_POINT ( 'NONE',  ( -87.00000000000000000, 21.00000000000000000, -1.000000000000000000 ) ) ;
#1906 = ORIENTED_EDGE ( 'NONE', *, *, #1898, .F. ) ;
#1907 = ORIENTED_EDGE ( 'NONE', *, *, #2477, .F. ) ;
#1908 = CARTESIAN_POINT ( 'NONE',  ( -29.00000000000000000, 48.99999999999999289, -2.000000000000000000 ) ) ;
#1909 = ORIENTED_EDGE ( 'NONE', *, *, #46, .T. ) ;
#1910 = EDGE_CURVE ( 'NONE', #2314, #1341, #242, .T. ) ;
#1911 = DIRECTION ( 'NONE',  ( -1.000000000000000000, -0.000000000000000000, -0.000000000000000000 ) ) ;
#1912 = EDGE_CURVE ( 'NONE', #1242, #1078, #2081, .T. ) ;
#1913 = DIRECTION ( 'NONE',  ( 0.000000000000000000, 0.000000000000000000, -1.000000000000000000 ) ) ;
#1914 = VECTOR ( 'NONE', #2470, 1000.000000000000000 ) ;
#1915 = FACE_OUTER_BOUND ( 'NONE', #1591, .T. ) ;
#1916 = PLANE ( 'NONE',  #1956 ) ;
#1917 = ORIENTED_EDGE ( 'NONE', *, *, #2249, .F. ) ;
#1918 = ORIENTED_EDGE ( 'NONE', *, *, #1143, .T. ) ;
#1919 = DIRECTION ( 'NONE',  ( -0.000000000000000000, -0.000000000000000000, -1.000000000000000000 ) ) ;
#1920 = EDGE_LOOP ( 'NONE', ( #1461, #1759, #969, #1008 ) ) ;
#1921 = CARTESIAN_POINT ( 'NONE',  ( -86.50000000000000000, 23.50000000000000000, -2.000000000000000000 ) ) ;
#1922 = VECTOR ( 'NONE', #21, 1000.000000000000000 ) ;
#1923 = LINE ( 'NONE', #2133, #2044 ) ;
#1924 = CARTESIAN_POINT ( 'NONE',  ( -86.50000000000000000, 52.50000000000000711, -2.000000000000000000 ) ) ;
#1925 = EDGE_CURVE ( 'NONE', #538, #1078, #2041, .T. ) ;
#1926 = CARTESIAN_POINT ( 'NONE',  ( -15.00000000000000000, 58.00000000000000000, 2.000000000000000000 ) ) ;
#1927 = DIRECTION ( 'NONE',  ( -0.000000000000000000, -0.000000000000000000, 1.000000000000000000 ) ) ;
#1928 = EDGE_CURVE ( 'NONE', #1370, #1792, #413, .T. ) ;
#1929 = CARTESIAN_POINT ( 'NONE',  ( -88.00000000000000000, 25.00000000000000000, -2.000000000000000000 ) ) ;
#1930 = ORIENTED_EDGE ( 'NONE', *, *, #2523, .F. ) ;
#1931 = EDGE_CURVE ( 'NONE', #1344, #257, #2260, .T. ) ;
#1932 = FACE_OUTER_BOUND ( 'NONE', #674, .T. ) ;
#1933 = ORIENTED_EDGE ( 'NONE', *, *, #1273, .F. ) ;
#1934 = VECTOR ( 'NONE', #428, 1000.000000000000000 ) ;
#1935 = ORIENTED_EDGE ( 'NONE', *, *, #1863, .F. ) ;
#1936 = FILL_AREA_STYLE ('',( #1104 ) ) ;
#1937 = DIRECTION ( 'NONE',  ( -1.040834085586084257E-14, 0.000000000000000000, 1.000000000000000000 ) ) ;
#1938 = FACE_OUTER_BOUND ( 'NONE', #2425, .T. ) ;
#1939 = CARTESIAN_POINT ( 'NONE',  ( -87.00000000000000000, 22.00000000000000355, -2.000000000000000000 ) ) ;
#1940 = ADVANCED_FACE ( 'NONE', ( #1646 ), #38, .F. ) ;
#1941 = DIRECTION ( 'NONE',  ( 0.000000000000000000, 0.000000000000000000, 1.000000000000000000 ) ) ;
#1942 = LINE ( 'NONE', #297, #2551 ) ;
#1943 = EDGE_LOOP ( 'NONE', ( #1422, #218, #528, #19, #1447, #2624 ) ) ;
#1944 = CARTESIAN_POINT ( 'NONE',  ( -85.99999999999998579, -58.00000000000000000, 2.000000000000000000 ) ) ;
#1945 = ORIENTED_EDGE ( 'NONE', *, *, #2269, .F. ) ;
#1946 = EDGE_LOOP ( 'NONE', ( #1234, #1459, #2248, #856 ) ) ;
#1947 =( LENGTH_UNIT ( ) NAMED_UNIT ( * ) SI_UNIT ( .MILLI., .METRE. ) );
#1948 = AXIS2_PLACEMENT_3D ( 'NONE', #1797, #2618, #1606 ) ;
#1949 = LINE ( 'NONE', #714, #1977 ) ;
#1950 = AXIS2_PLACEMENT_3D ( 'NONE', #496, #543, #1173 ) ;
#1951 = CARTESIAN_POINT ( 'NONE',  ( -27.50000000000000000, 48.99999999999999289, -2.000000000000000000 ) ) ;
#1952 = VECTOR ( 'NONE', #605, 1000.000000000000000 ) ;
#1953 = CARTESIAN_POINT ( 'NONE',  ( -28.50000000000000000, 53.00000000000002842, -2.000000000000000000 ) ) ;
#1954 = ORIENTED_EDGE ( 'NONE', *, *, #1462, .F. ) ;
#1955 = CARTESIAN_POINT ( 'NONE',  ( -27.50000000000000000, 22.99999999999999645, -2.000000000000000000 ) ) ;
#1956 = AXIS2_PLACEMENT_3D ( 'NONE', #285, #2345, #1941 ) ;
#1957 = ORIENTED_EDGE ( 'NONE', *, *, #309, .T. ) ;
#1958 = EDGE_CURVE ( 'NONE', #836, #2224, #1851, .T. ) ;
#1959 = VERTEX_POINT ( 'NONE', #1662 ) ;
#1960 = FACE_OUTER_BOUND ( 'NONE', #1946, .T. ) ;
#1961 = ADVANCED_FACE ( 'NONE', ( #2287 ), #23, .T. ) ;
#1962 = PRESENTATION_LAYER_ASSIGNMENT (  '', '', ( #465 ) ) ;
#1963 = EDGE_LOOP ( 'NONE', ( #1092, #2210, #2191, #2632 ) ) ;
#1964 = AXIS2_PLACEMENT_3D ( 'NONE', #1612, #2621, #2284 ) ;
#1965 = CARTESIAN_POINT ( 'NONE',  ( 15.00000000000000000, 52.00000000000000000, 2.000000000000000000 ) ) ;
#1966 = DIRECTION ( 'NONE',  ( 0.000000000000000000, 0.000000000000000000, 1.000000000000000000 ) ) ;
#1967 = PLANE ( 'NONE',  #695 ) ;
#1968 = DIRECTION ( 'NONE',  ( -0.000000000000000000, -0.000000000000000000, -1.000000000000000000 ) ) ;
#1969 = ORIENTED_EDGE ( 'NONE', *, *, #764, .F. ) ;
#1970 = ORIENTED_EDGE ( 'NONE', *, *, #2082, .T. ) ;
#1971 = CARTESIAN_POINT ( 'NONE',  ( -26.50000000000000000, 22.99999999999999645, -1.000000000000000000 ) ) ;
#1972 = EDGE_CURVE ( 'NONE', #2553, #2027, #2471, .T. ) ;
#1973 = AXIS2_PLACEMENT_3D ( 'NONE', #1944, #1114, #1746 ) ;
#1974 = VECTOR ( 'NONE', #511, 1000.000000000000000 ) ;
#1975 = AXIS2_PLACEMENT_3D ( 'NONE', #2576, #1196, #2390 ) ;
#1976 = VECTOR ( 'NONE', #3, 1000.000000000000000 ) ;
#1977 = VECTOR ( 'NONE', #2357, 1000.000000000000000 ) ;
#1978 = CARTESIAN_POINT ( 'NONE',  ( -87.00000000000000000, 23.00000000000000355, -2.000000000000000000 ) ) ;
#1979 = DIRECTION ( 'NONE',  ( -0.000000000000000000, -0.000000000000000000, 1.000000000000000000 ) ) ;
#1980 = PLANE ( 'NONE',  #1489 ) ;
#1981 = VERTEX_POINT ( 'NONE', #1238 ) ;
#1982 = EDGE_LOOP ( 'NONE', ( #18, #1719, #2458, #995 ) ) ;
#1983 = CARTESIAN_POINT ( 'NONE',  ( -56.70000000000000995, 18.99999999999998579, -2.000000000000000000 ) ) ;
#1984 = LINE ( 'NONE', #2424, #1654 ) ;
#1985 = ORIENTED_EDGE ( 'NONE', *, *, #546, .F. ) ;
#1986 = EDGE_CURVE ( 'NONE', #257, #1305, #229, .T. ) ;
#1987 = CARTESIAN_POINT ( 'NONE',  ( -28.99999999999999645, 48.50000000000000000, 2.001000000000000334 ) ) ;
#1988 = DIRECTION ( 'NONE',  ( -1.000000000000000000, -2.081668171172166620E-14, 0.000000000000000000 ) ) ;
#1989 = EDGE_CURVE ( 'NONE', #429, #69, #2234, .T. ) ;
#1990 = AXIS2_PLACEMENT_3D ( 'NONE', #2174, #1186, #1148 ) ;
#1991 = LINE ( 'NONE', #957, #1045 ) ;
#1992 = LINE ( 'NONE', #159, #681 ) ;
#1993 = ORIENTED_EDGE ( 'NONE', *, *, #1516, .F. ) ;
#1994 = VECTOR ( 'NONE', #1283, 1000.000000000000000 ) ;
#1995 = DIRECTION ( 'NONE',  ( -0.000000000000000000, -0.000000000000000000, -1.000000000000000000 ) ) ;
#1996 = EDGE_LOOP ( 'NONE', ( #2104, #2155, #2235, #2046, #1970, #2166, #1609, #1570 ) ) ;
#1997 = CARTESIAN_POINT ( 'NONE',  ( -87.00000000000000000, 4.799999999999999822, 0.000000000000000000 ) ) ;
#1998 = CARTESIAN_POINT ( 'NONE',  ( 2.999999999999986677, -48.00000000000000000, 0.000000000000000000 ) ) ;
#1999 = FACE_OUTER_BOUND ( 'NONE', #1346, .T. ) ;
#2000 = CARTESIAN_POINT ( 'NONE',  ( -88.00000000000000000, 53.00000000000002132, -1.000000000000000000 ) ) ;
#2001 = CARTESIAN_POINT ( 'NONE',  ( -28.50000000000000000, 55.00000000000003553, 0.000000000000000000 ) ) ;
#2002 = CARTESIAN_POINT ( 'NONE',  ( -87.00000000000000000, 21.00000000000000000, 0.000000000000000000 ) ) ;
#2003 = EDGE_CURVE ( 'NONE', #882, #1748, #2056, .T. ) ;
#2004 = ORIENTED_EDGE ( 'NONE', *, *, #2068, .F. ) ;
#2005 = PLANE ( 'NONE',  #941 ) ;
#2006 =( LENGTH_UNIT ( ) NAMED_UNIT ( * ) SI_UNIT ( .MILLI., .METRE. ) );
#2007 = EDGE_CURVE ( 'NONE', #166, #1827, #1412, .T. ) ;
#2008 = ORIENTED_EDGE ( 'NONE', *, *, #736, .T. ) ;
#2009 = DIRECTION ( 'NONE',  ( -0.000000000000000000, -0.000000000000000000, -1.000000000000000000 ) ) ;
#2010 = CARTESIAN_POINT ( 'NONE',  ( -28.99999999999999645, 48.50000000000000000, 2.001000000000000334 ) ) ;
#2011 = VECTOR ( 'NONE', #1217, 1000.000000000000000 ) ;
#2012 = ADVANCED_BREP_SHAPE_REPRESENTATION ( 'epaper-screen-4', ( #392, #167 ), #1230 ) ;
#2013 = VECTOR ( 'NONE', #926, 1000.000000000000000 ) ;
#2014 = CARTESIAN_POINT ( 'NONE',  ( -28.50000000000000000, 54.00000000000003553, -2.000000000000000000 ) ) ;
#2015 = CARTESIAN_POINT ( 'NONE',  ( -28.99999999999999645, 52.50000000000000711, -2.000000000000000000 ) ) ;
#2016 = CARTESIAN_POINT ( 'NONE',  ( 80.00000000000000000, -3.000000000000000444, 2.000000000000000000 ) ) ;
#2017 = EDGE_CURVE ( 'NONE', #2102, #1101, #1253, .T. ) ;
#2018 = ORIENTED_EDGE ( 'NONE', *, *, #1793, .F. ) ;
#2019 = DIRECTION ( 'NONE',  ( -0.000000000000000000, -0.000000000000000000, -1.000000000000000000 ) ) ;
#2020 = ORIENTED_EDGE ( 'NONE', *, *, #305, .F. ) ;
#2021 = LINE ( 'NONE', #1739, #1183 ) ;
#2022 = CARTESIAN_POINT ( 'NONE',  ( -86.50000000000000000, 25.00000000000000000, -2.000000000000000000 ) ) ;
#2023 = ORIENTED_EDGE ( 'NONE', *, *, #852, .F. ) ;
#2024 = CARTESIAN_POINT ( 'NONE',  ( -28.49999999999999645, 22.99999999999999645, -1.000000000000000000 ) ) ;
#2025 = DIRECTION ( 'NONE',  ( 1.000000000000000000, -0.000000000000000000, -0.000000000000000000 ) ) ;
#2026 = DIRECTION ( 'NONE',  ( 0.000000000000000000, 0.000000000000000000, 1.000000000000000000 ) ) ;
#2027 = VERTEX_POINT ( 'NONE', #402 ) ;
#2028 = DIRECTION ( 'NONE',  ( -0.000000000000000000, 1.000000000000000000, -0.000000000000000000 ) ) ;
#2029 = DIRECTION ( 'NONE',  ( 0.000000000000000000, 0.000000000000000000, 1.000000000000000000 ) ) ;
#2030 = ORIENTED_EDGE ( 'NONE', *, *, #2373, .T. ) ;
#2031 = CIRCLE ( 'NONE', #1990, 2.000000000000000444 ) ;
#2032 = PLANE ( 'NONE',  #2162 ) ;
#2033 = DIRECTION ( 'NONE',  ( -0.000000000000000000, -0.000000000000000000, -1.000000000000000000 ) ) ;
#2035 = ORIENTED_EDGE ( 'NONE', *, *, #915, .T. ) ;
#2034 = EDGE_CURVE ( 'NONE', #998, #390, #1879, .T. ) ;
#2036 = EDGE_LOOP ( 'NONE', ( #1471, #1545, #1859, #458 ) ) ;
#2037 = CARTESIAN_POINT ( 'NONE',  ( -27.50000000000000000, 26.99999999999999645, -2.000000000000000000 ) ) ;
#2038 = ORIENTED_EDGE ( 'NONE', *, *, #1532, .F. ) ;
#2039 = FACE_OUTER_BOUND ( 'NONE', #1651, .T. ) ;
#2040 = LINE ( 'NONE', #1598, #757 ) ;
#2041 = LINE ( 'NONE', #1440, #2 ) ;
#2042 = PRODUCT_DEFINITION_FORMATION_WITH_SPECIFIED_SOURCE ( 'ANY', '', #1873, .NOT_KNOWN. ) ;
#2043 = VERTEX_POINT ( 'NONE', #1270 ) ;
#2044 = VECTOR ( 'NONE', #89, 1000.000000000000000 ) ;
#2045 = FACE_OUTER_BOUND ( 'NONE', #765, .T. ) ;
#2046 = ORIENTED_EDGE ( 'NONE', *, *, #2354, .T. ) ;
#2047 = FACE_OUTER_BOUND ( 'NONE', #2036, .T. ) ;
#2048 = CARTESIAN_POINT ( 'NONE',  ( 15.00000000000000000, 52.00000000000000000, 2.001000000000000334 ) ) ;
#2049 = ORIENTED_EDGE ( 'NONE', *, *, #2544, .F. ) ;
#2050 = EDGE_CURVE ( 'NONE', #55, #1357, #2054, .T. ) ;
#2051 = DIRECTION ( 'NONE',  ( 1.000000000000000000, 0.000000000000000000, 0.000000000000000000 ) ) ;
#2052 = PLANE ( 'NONE',  #1362 ) ;
#2053 = LINE ( 'NONE', #401, #1268 ) ;
#2054 = CIRCLE ( 'NONE', #2274, 1.000000000000000000 ) ;
#2055 = EDGE_CURVE ( 'NONE', #1722, #1792, #53, .T. ) ;
#2056 = LINE ( 'NONE', #443, #1726 ) ;
#2057 = ORIENTED_EDGE ( 'NONE', *, *, #1551, .T. ) ;
#2058 = ORIENTED_EDGE ( 'NONE', *, *, #143, .F. ) ;
#2059 = ORIENTED_EDGE ( 'NONE', *, *, #777, .T. ) ;
#2060 = DIRECTION ( 'NONE',  ( 1.000000000000000000, 0.000000000000000000, 0.000000000000000000 ) ) ;
#2061 = CARTESIAN_POINT ( 'NONE',  ( -86.00000000000000000, -56.00000000000000000, 2.000000000000000000 ) ) ;
#2062 = ORIENTED_EDGE ( 'NONE', *, *, #2215, .T. ) ;
#2063 = LINE ( 'NONE', #45, #1407 ) ;
#2064 = AXIS2_PLACEMENT_3D ( 'NONE', #2117, #291, #88 ) ;
#2065 = FACE_OUTER_BOUND ( 'NONE', #2614, .T. ) ;
#2066 = ORIENTED_EDGE ( 'NONE', *, *, #2286, .F. ) ;
#2067 = DIRECTION ( 'NONE',  ( 1.000000000000000000, 0.000000000000000000, 0.000000000000000000 ) ) ;
#2068 = EDGE_CURVE ( 'NONE', #947, #330, #2638, .T. ) ;
#2069 = DIRECTION ( 'NONE',  ( 0.000000000000000000, -1.000000000000000000, 0.000000000000000000 ) ) ;
#2070 = EDGE_CURVE ( 'NONE', #2241, #1272, #1426, .T. ) ;
#2071 = VERTEX_POINT ( 'NONE', #2344 ) ;
#2072 = EDGE_LOOP ( 'NONE', ( #513, #1367, #1745, #2094, #559, #1154 ) ) ;
#2073 = CARTESIAN_POINT ( 'NONE',  ( -57.70000000000001705, 19.99999999999999289, 0.000000000000000000 ) ) ;
#2074 = ORIENTED_EDGE ( 'NONE', *, *, #1972, .F. ) ;
#2075 = VECTOR ( 'NONE', #381, 1000.000000000000000 ) ;
#2076 = EDGE_LOOP ( 'NONE', ( #1378, #1116, #259, #676 ) ) ;
#2077 = LINE ( 'NONE', #1279, #475 ) ;
#2078 = VECTOR ( 'NONE', #1639, 1000.000000000000000 ) ;
#2079 = CARTESIAN_POINT ( 'NONE',  ( 19.99999999999999289, -50.00000000000000711, 2.000000000000000000 ) ) ;
#2080 = CARTESIAN_POINT ( 'NONE',  ( 16.00000000000000000, 58.00000000000000000, 2.000000000000000000 ) ) ;
#2081 = LINE ( 'NONE', #1454, #821 ) ;
#2082 = EDGE_CURVE ( 'NONE', #908, #2314, #566, .T. ) ;
#2083 = DIRECTION ( 'NONE',  ( 0.000000000000000000, -1.000000000000000000, 0.000000000000000000 ) ) ;
#2084 = VECTOR ( 'NONE', #1429, 1000.000000000000000 ) ;
#2085 = ORIENTED_EDGE ( 'NONE', *, *, #524, .F. ) ;
#2086 = ORIENTED_EDGE ( 'NONE', *, *, #305, .T. ) ;
#2087 = CARTESIAN_POINT ( 'NONE',  ( -86.50000000000000000, 23.50000000000000000, 0.000000000000000000 ) ) ;
#2088 = ORIENTED_EDGE ( 'NONE', *, *, #564, .F. ) ;
#2089 = ORIENTED_EDGE ( 'NONE', *, *, #535, .T. ) ;
#2090 = CARTESIAN_POINT ( 'NONE',  ( -5.000000000000000000, -50.00000000000001421, 0.000000000000000000 ) ) ;
#2091 = VERTEX_POINT ( 'NONE', #317 ) ;
#2092 = CIRCLE ( 'NONE', #1625, 1.000000000000000000 ) ;
#2093 = DIRECTION ( 'NONE',  ( 0.000000000000000000, 0.000000000000000000, 1.000000000000000000 ) ) ;
#2094 = ORIENTED_EDGE ( 'NONE', *, *, #2479, .T. ) ;
#2095 = CARTESIAN_POINT ( 'NONE',  ( -27.50000000000000000, 22.99999999999999645, -1.000000000000000000 ) ) ;
#2096 = LINE ( 'NONE', #1727, #1083 ) ;
#2097 = CARTESIAN_POINT ( 'NONE',  ( 2.999999999999986677, -48.00000000000000000, 2.001000000000000334 ) ) ;
#2098 = VECTOR ( 'NONE', #1845, 1000.000000000000000 ) ;
#2099 = EDGE_CURVE ( 'NONE', #2419, #2127, #295, .T. ) ;
#2100 = CIRCLE ( 'NONE', #698, 1.000000000000000000 ) ;
#2101 = VERTEX_POINT ( 'NONE', #2111 ) ;
#2102 = VERTEX_POINT ( 'NONE', #903 ) ;
#2103 = CARTESIAN_POINT ( 'NONE',  ( -88.00000000000001421, 55.99999999999998579, 2.000000000000000000 ) ) ;
#2104 = ORIENTED_EDGE ( 'NONE', *, *, #1287, .T. ) ;
#2105 = ORIENTED_EDGE ( 'NONE', *, *, #2152, .F. ) ;
#2106 = FACE_OUTER_BOUND ( 'NONE', #28, .T. ) ;
#2107 = EDGE_CURVE ( 'NONE', #2101, #2251, #1949, .T. ) ;
#2108 = ORIENTED_EDGE ( 'NONE', *, *, #1902, .F. ) ;
#2109 = CARTESIAN_POINT ( 'NONE',  ( -27.50000000000000000, 48.99999999999999289, -2.000000000000000000 ) ) ;
#2110 = CARTESIAN_POINT ( 'NONE',  ( -87.00000000000000000, 4.799999999999999822, 2.000000000000000000 ) ) ;
#2111 = CARTESIAN_POINT ( 'NONE',  ( 2.999999999999988898, -48.00000000000000711, 2.000000000000000000 ) ) ;
#2112 = FACE_OUTER_BOUND ( 'NONE', #182, .T. ) ;
#2113 = EDGE_LOOP ( 'NONE', ( #2085, #300, #1082, #549 ) ) ;
#2114 = ORIENTED_EDGE ( 'NONE', *, *, #2201, .T. ) ;
#2115 = DIRECTION ( 'NONE',  ( -0.000000000000000000, 0.000000000000000000, -1.000000000000000000 ) ) ;
#2116 = ORIENTED_EDGE ( 'NONE', *, *, #1171, .T. ) ;
#2117 = CARTESIAN_POINT ( 'NONE',  ( 67.99999999999998579, -50.00000000000000000, 2.001000000000000334 ) ) ;
#2118 = EDGE_CURVE ( 'NONE', #1272, #1242, #2364, .T. ) ;
#2119 = CIRCLE ( 'NONE', #1311, 2.000000000000001776 ) ;
#2120 = DIRECTION ( 'NONE',  ( -0.000000000000000000, -1.000000000000000000, -0.000000000000000000 ) ) ;
#2121 = EDGE_CURVE ( 'NONE', #1101, #399, #2096, .T. ) ;
#2122 = DIRECTION ( 'NONE',  ( 0.000000000000000000, 0.000000000000000000, -1.000000000000000000 ) ) ;
#2123 = AXIS2_PLACEMENT_3D ( 'NONE', #624, #1425, #990 ) ;
#2124 = CARTESIAN_POINT ( 'NONE',  ( -15.00000000000000000, 52.00000000000000000, 2.000000000000000000 ) ) ;
#2125 = CARTESIAN_POINT ( 'NONE',  ( 15.00000000000000000, 57.00000000000000000, 0.000000000000000000 ) ) ;
#2126 = DIRECTION ( 'NONE',  ( -0.000000000000000000, 1.000000000000000000, -0.000000000000000000 ) ) ;
#2127 = VERTEX_POINT ( 'NONE', #2124 ) ;
#2128 = CYLINDRICAL_SURFACE ( 'NONE', #1856, 1.000000000000004441 ) ;
#2129 = VECTOR ( 'NONE', #2164, 1000.000000000000000 ) ;
#2130 = ORIENTED_EDGE ( 'NONE', *, *, #1273, .T. ) ;
#2131 = DIRECTION ( 'NONE',  ( 1.000000000000000000, 0.000000000000000000, 0.000000000000000000 ) ) ;
#2132 = EDGE_CURVE ( 'NONE', #1455, #2627, #119, .T. ) ;
#2133 = CARTESIAN_POINT ( 'NONE',  ( -86.50000000000000000, 48.50000000000000000, 2.001000000000000334 ) ) ;
#2134 = LINE ( 'NONE', #986, #1826 ) ;
#2135 = CARTESIAN_POINT ( 'NONE',  ( 20.00000000000000000, -50.00000000000001421, 0.000000000000000000 ) ) ;
#2136 = PLANE ( 'NONE',  #204 ) ;
#2137 = PRODUCT_RELATED_PRODUCT_CATEGORY ( 'part', '', ( #1873 ) ) ;
#2138 = VECTOR ( 'NONE', #539, 1000.000000000000000 ) ;
#2139 = CARTESIAN_POINT ( 'NONE',  ( -87.00000000000000000, -0.1999999999999987899, -2.000000000000000000 ) ) ;
#2140 = ORIENTED_EDGE ( 'NONE', *, *, #2070, .T. ) ;
#2141 = DIRECTION ( 'NONE',  ( -0.000000000000000000, 1.000000000000000000, -0.000000000000000000 ) ) ;
#2142 = ORIENTED_EDGE ( 'NONE', *, *, #2236, .T. ) ;
#2143 = AXIS2_PLACEMENT_3D ( 'NONE', #1904, #1109, #105 ) ;
#2144 = ORIENTED_EDGE ( 'NONE', *, *, #1567, .F. ) ;
#2145 = CARTESIAN_POINT ( 'NONE',  ( -87.00000000000001421, -0.1999999999999998723, -2.000000000000000000 ) ) ;
#2146 = CARTESIAN_POINT ( 'NONE',  ( -29.00000000000000000, 23.50000000000000000, 0.000000000000000000 ) ) ;
#2147 = CARTESIAN_POINT ( 'NONE',  ( -87.00000000000000000, 4.799999999999999822, 2.000000000000000000 ) ) ;
#2148 = PLANE ( 'NONE',  #1871 ) ;
#2149 = EDGE_CURVE ( 'NONE', #1327, #789, #1312, .T. ) ;
#2150 = VECTOR ( 'NONE', #1485, 1000.000000000000000 ) ;
#2151 = CARTESIAN_POINT ( 'NONE',  ( -57.70000000000000284, 18.99999999999998934, 0.000000000000000000 ) ) ;
#2152 = EDGE_CURVE ( 'NONE', #2572, #2363, #1522, .T. ) ;
#2153 = ORIENTED_EDGE ( 'NONE', *, *, #949, .F. ) ;
#2154 = DIRECTION ( 'NONE',  ( -0.000000000000000000, -0.000000000000000000, 1.000000000000000000 ) ) ;
#2155 = ORIENTED_EDGE ( 'NONE', *, *, #1417, .T. ) ;
#2156 = ORIENTED_EDGE ( 'NONE', *, *, #1190, .F. ) ;
#2157 = DIRECTION ( 'NONE',  ( 2.168404344971014538E-16, 1.000000000000000000, -0.000000000000000000 ) ) ;
#2158 = ORIENTED_EDGE ( 'NONE', *, *, #173, .F. ) ;
#2159 = LINE ( 'NONE', #332, #1723 ) ;
#2160 = AXIS2_PLACEMENT_3D ( 'NONE', #583, #2456, #1237 ) ;
#2161 = CARTESIAN_POINT ( 'NONE',  ( -86.50000000000000000, 52.50000000000000711, -2.000000000000000000 ) ) ;
#2162 = AXIS2_PLACEMENT_3D ( 'NONE', #2293, #1692, #731 ) ;
#2163 = DIRECTION ( 'NONE',  ( 1.000000000000000000, -2.368223175394958964E-16, 0.000000000000000000 ) ) ;
#2164 = DIRECTION ( 'NONE',  ( -0.000000000000000000, -0.000000000000000000, 1.000000000000000000 ) ) ;
#2165 = EDGE_CURVE ( 'NONE', #2474, #1584, #92, .T. ) ;
#2166 = ORIENTED_EDGE ( 'NONE', *, *, #2619, .T. ) ;
#2167 = AXIS2_PLACEMENT_3D ( 'NONE', #1058, #1265, #1847 ) ;
#2168 = ORIENTED_EDGE ( 'NONE', *, *, #546, .T. ) ;
#2169 = DIRECTION ( 'NONE',  ( 1.000000000000000000, 0.000000000000000000, 0.000000000000000000 ) ) ;
#2170 = EDGE_CURVE ( 'NONE', #390, #2557, #52, .T. ) ;
#2171 = CIRCLE ( 'NONE', #900, 1.000000000000000888 ) ;
#2172 = VECTOR ( 'NONE', #899, 1000.000000000000000 ) ;
#2173 = LINE ( 'NONE', #2377, #1633 ) ;
#2174 = CARTESIAN_POINT ( 'NONE',  ( -3.000000000000000444, -50.00000000000000000, 2.000000000000000000 ) ) ;
#2175 = DIRECTION ( 'NONE',  ( -1.000000000000000000, 2.125036258071586797E-14, 0.000000000000000000 ) ) ;
#2176 = DIRECTION ( 'NONE',  ( -1.000000000000000000, -1.186135710069612158E-16, -0.000000000000000000 ) ) ;
#2177 = EDGE_LOOP ( 'NONE', ( #1263, #893, #1611, #178 ) ) ;
#2178 = ADVANCED_FACE ( 'NONE', ( #1915 ), #1702, .F. ) ;
#2179 = ORIENTED_EDGE ( 'NONE', *, *, #1846, .T. ) ;
#2180 = DIRECTION ( 'NONE',  ( -0.000000000000000000, -0.000000000000000000, 1.000000000000000000 ) ) ;
#2181 = CARTESIAN_POINT ( 'NONE',  ( -87.00000000000000000, 4.799999999999999822, 2.000000000000000000 ) ) ;
#2182 = VECTOR ( 'NONE', #2218, 1000.000000000000000 ) ;
#2183 = EDGE_CURVE ( 'NONE', #111, #166, #2231, .T. ) ;
#2184 = AXIS2_PLACEMENT_3D ( 'NONE', #1396, #785, #989 ) ;
#2185 = EDGE_CURVE ( 'NONE', #645, #59, #2549, .T. ) ;
#2186 = CARTESIAN_POINT ( 'NONE',  ( -88.00000000000000000, 21.44127624540617205, 2.591920818598158051E-16 ) ) ;
#2187 = VECTOR ( 'NONE', #611, 1000.000000000000000 ) ;
#2188 = DIRECTION ( 'NONE',  ( 0.000000000000000000, -0.000000000000000000, 1.000000000000000000 ) ) ;
#2189 = PLANE ( 'NONE',  #1240 ) ;
#2190 = DIRECTION ( 'NONE',  ( 0.000000000000000000, -0.000000000000000000, 1.000000000000000000 ) ) ;
#2191 = ORIENTED_EDGE ( 'NONE', *, *, #2354, .F. ) ;
#2192 = AXIS2_PLACEMENT_3D ( 'NONE', #2558, #734, #1393 ) ;
#2193 = LINE ( 'NONE', #1225, #1147 ) ;
#2194 = VERTEX_POINT ( 'NONE', #2135 ) ;
#2195 = DIRECTION ( 'NONE',  ( 1.000000000000000000, -1.206764157201257291E-16, 0.000000000000000000 ) ) ;
#2196 = DIRECTION ( 'NONE',  ( 0.000000000000000000, 0.000000000000000000, -1.000000000000000000 ) ) ;
#2197 = EDGE_CURVE ( 'NONE', #1290, #743, #1550, .T. ) ;
#2198 = EDGE_CURVE ( 'NONE', #1783, #594, #521, .T. ) ;
#2199 = LINE ( 'NONE', #370, #481 ) ;
#2200 = DIRECTION ( 'NONE',  ( -1.000000000000000000, 0.000000000000000000, -0.000000000000000000 ) ) ;
#2201 = EDGE_CURVE ( 'NONE', #2224, #689, #1337, .T. ) ;
#2202 = VECTOR ( 'NONE', #2083, 1000.000000000000000 ) ;
#2203 = AXIS2_PLACEMENT_3D ( 'NONE', #2533, #65, #2317 ) ;
#2204 = CARTESIAN_POINT ( 'NONE',  ( -86.00000000000000000, 56.00000000000000000, 0.000000000000000000 ) ) ;
#2205 = LINE ( 'NONE', #992, #2634 ) ;
#2206 = VERTEX_POINT ( 'NONE', #2147 ) ;
#2207 = AXIS2_PLACEMENT_3D ( 'NONE', #304, #2211, #1796 ) ;
#2208 = CYLINDRICAL_SURFACE ( 'NONE', #124, 2.000000000000001776 ) ;
#2209 = CARTESIAN_POINT ( 'NONE',  ( -29.00000000000000000, 26.99999999999999645, -2.000000000000000000 ) ) ;
#2210 = ORIENTED_EDGE ( 'NONE', *, *, #874, .F. ) ;
#2211 = DIRECTION ( 'NONE',  ( 0.000000000000000000, 0.000000000000000000, -1.000000000000000000 ) ) ;
#2212 = FACE_OUTER_BOUND ( 'NONE', #457, .T. ) ;
#2213 = ORIENTED_EDGE ( 'NONE', *, *, #615, .F. ) ;
#2214 = AXIS2_PLACEMENT_3D ( 'NONE', #1794, #2604, #2409 ) ;
#2215 = EDGE_CURVE ( 'NONE', #2294, #311, #685, .T. ) ;
#2216 = FACE_OUTER_BOUND ( 'NONE', #797, .T. ) ;
#2217 = DIRECTION ( 'NONE',  ( 0.000000000000000000, -1.000000000000000000, 0.000000000000000000 ) ) ;
#2218 = DIRECTION ( 'NONE',  ( -4.336808689942025132E-16, 1.000000000000000000, 0.000000000000000000 ) ) ;
#2219 = DIRECTION ( 'NONE',  ( -0.000000000000000000, -0.000000000000000000, -1.000000000000000000 ) ) ;
#2220 = VERTEX_POINT ( 'NONE', #1284 ) ;
#2221 = EDGE_CURVE ( 'NONE', #998, #193, #1375, .T. ) ;
#2222 = CARTESIAN_POINT ( 'NONE',  ( 69.99999999999998579, -50.00000000000001421, 2.001000000000000334 ) ) ;
#2223 = APPLICATION_PROTOCOL_DEFINITION ( 'draft international standard', 'automotive_design', 1998, #2579 ) ;
#2224 = VERTEX_POINT ( 'NONE', #554 ) ;
#2225 = DIRECTION ( 'NONE',  ( 0.000000000000000000, 0.000000000000000000, -1.000000000000000000 ) ) ;
#2226 = CARTESIAN_POINT ( 'NONE',  ( -57.70000000000000284, 4.799999999999996270, 2.000000000000000000 ) ) ;
#2227 = ORIENTED_EDGE ( 'NONE', *, *, #2070, .F. ) ;
#2228 = ORIENTED_EDGE ( 'NONE', *, *, #1427, .F. ) ;
#2229 = VERTEX_POINT ( 'NONE', #1003 ) ;
#2230 = ORIENTED_EDGE ( 'NONE', *, *, #1516, .T. ) ;
#2231 = CIRCLE ( 'NONE', #2569, 1.000000000000004441 ) ;
#2232 = DIRECTION ( 'NONE',  ( -2.368223175394958470E-16, -1.000000000000000000, 0.000000000000000000 ) ) ;
#2233 = FACE_OUTER_BOUND ( 'NONE', #1696, .T. ) ;
#2234 = LINE ( 'NONE', #651, #1510 ) ;
#2235 = ORIENTED_EDGE ( 'NONE', *, *, #187, .T. ) ;
#2236 = EDGE_CURVE ( 'NONE', #311, #692, #139, .T. ) ;
#2237 = B_SPLINE_CURVE_WITH_KNOTS ( 'NONE', 3,
 ( #145, #2186, #2402, #358, #1349, #2585, #384, #770 ),
 .UNSPECIFIED., .F., .F.,
 ( 4, 2, 2, 4 ),
 ( 0.000000000000000000, 0.0005118710583149537830, 0.001023742116629907566, 0.002047484233259815132 ),
 .UNSPECIFIED. ) ;
#2238 = ADVANCED_FACE ( 'NONE', ( #1160 ), #270, .F. ) ;
#2239 = CARTESIAN_POINT ( 'NONE',  ( -26.50000000000000000, 48.99999999999999289, -1.000000000000000000 ) ) ;
#2240 = SURFACE_SIDE_STYLE ('',( #1808 ) ) ;
#2241 = VERTEX_POINT ( 'NONE', #739 ) ;
#2242 = DIRECTION ( 'NONE',  ( 0.000000000000000000, 1.000000000000000000, 0.000000000000000000 ) ) ;
#2243 = LINE ( 'NONE', #826, #2011 ) ;
#2244 = ORIENTED_EDGE ( 'NONE', *, *, #355, .T. ) ;
#2245 = DIRECTION ( 'NONE',  ( 1.000000000000000000, 0.000000000000000000, 0.000000000000000000 ) ) ;
#2246 = FACE_OUTER_BOUND ( 'NONE', #2605, .T. ) ;
#2247 = CARTESIAN_POINT ( 'NONE',  ( 69.99999999999998579, -58.00000000000000000, 2.000000000000000000 ) ) ;
#2248 = ORIENTED_EDGE ( 'NONE', *, *, #1355, .F. ) ;
#2249 = EDGE_CURVE ( 'NONE', #998, #829, #2237, .T. ) ;
#2250 = DIRECTION ( 'NONE',  ( 1.000000000000000000, -9.912705577010298925E-16, 0.000000000000000000 ) ) ;
#2251 = VERTEX_POINT ( 'NONE', #1373 ) ;
#2252 = LINE ( 'NONE', #31, #2625 ) ;
#2253 = DIRECTION ( 'NONE',  ( 1.000000000000000000, 0.000000000000000000, 0.000000000000000000 ) ) ;
#2254 = EDGE_LOOP ( 'NONE', ( #2491, #2261, #974, #1257 ) ) ;
#2255 = LINE ( 'NONE', #20, #1976 ) ;
#2256 = ORIENTED_EDGE ( 'NONE', *, *, #116, .F. ) ;
#2257 = CARTESIAN_POINT ( 'NONE',  ( -87.00000000000000000, 22.00000000000000355, -2.000000000000000000 ) ) ;
#2258 = VECTOR ( 'NONE', #545, 1000.000000000000000 ) ;
#2259 = CARTESIAN_POINT ( 'NONE',  ( -87.00000000000001421, -0.1999999999999998723, -2.000000000000000000 ) ) ;
#2260 = LINE ( 'NONE', #1675, #1037 ) ;
#2261 = ORIENTED_EDGE ( 'NONE', *, *, #1427, .T. ) ;
#2262 = CARTESIAN_POINT ( 'NONE',  ( 85.99999999999998579, -58.00000000000000000, 2.000000000000000000 ) ) ;
#2263 = VERTEX_POINT ( 'NONE', #1597 ) ;
#2264 = FACE_OUTER_BOUND ( 'NONE', #2072, .T. ) ;
#2265 = DIRECTION ( 'NONE',  ( -1.000000000000000000, 0.000000000000000000, 0.000000000000000000 ) ) ;
#2266 = ORIENTED_EDGE ( 'NONE', *, *, #241, .T. ) ;
#2267 = ORIENTED_EDGE ( 'NONE', *, *, #2197, .T. ) ;
#2268 = CARTESIAN_POINT ( 'NONE',  ( 87.99999999999998579, 55.99999999999998579, 2.000000000000000000 ) ) ;
#2269 = EDGE_CURVE ( 'NONE', #166, #789, #2100, .T. ) ;
#2270 = ORIENTED_EDGE ( 'NONE', *, *, #749, .T. ) ;
#2271 = AXIS2_PLACEMENT_3D ( 'NONE', #1445, #235, #2265 ) ;
#2272 = PLANE ( 'NONE',  #2167 ) ;
#2273 = CYLINDRICAL_SURFACE ( 'NONE', #2340, 1.000000000000000888 ) ;
#2274 = AXIS2_PLACEMENT_3D ( 'NONE', #254, #1074, #2026 ) ;
#2275 = DIRECTION ( 'NONE',  ( -1.000000000000000000, 1.206764157201257538E-16, 0.000000000000000000 ) ) ;
#2276 = DIRECTION ( 'NONE',  ( 1.000000000000000000, 0.000000000000000000, 0.000000000000000000 ) ) ;
#2277 = ORIENTED_EDGE ( 'NONE', *, *, #567, .F. ) ;
#2278 = FACE_OUTER_BOUND ( 'NONE', #1867, .T. ) ;
#2279 = ORIENTED_EDGE ( 'NONE', *, *, #1094, .F. ) ;
#2280 = ORIENTED_EDGE ( 'NONE', *, *, #1446, .F. ) ;
#2281 = CARTESIAN_POINT ( 'NONE',  ( 87.99999999999998579, -5.000000000000000000, 2.000000000000000000 ) ) ;
#2282 = ADVANCED_FACE ( 'NONE', ( #2216 ), #1360, .F. ) ;
#2283 =( GEOMETRIC_REPRESENTATION_CONTEXT ( 3 ) GLOBAL_UNCERTAINTY_ASSIGNED_CONTEXT ( ( #1168 ) ) GLOBAL_UNIT_ASSIGNED_CONTEXT ( ( #1947, #724, #1093 ) ) REPRESENTATION_CONTEXT ( 'NONE', 'WORKASPACE' ) );
#2284 = DIRECTION ( 'NONE',  ( -1.000000000000000000, 0.000000000000000000, 0.000000000000000000 ) ) ;
#2285 = DIRECTION ( 'NONE',  ( -0.000000000000000000, -0.000000000000000000, 1.000000000000000000 ) ) ;
#2286 = EDGE_CURVE ( 'NONE', #689, #2385, #2597, .T. ) ;
#2287 = FACE_OUTER_BOUND ( 'NONE', #2609, .T. ) ;
#2288 = CARTESIAN_POINT ( 'NONE',  ( -56.70000000000000995, -0.2000000000000072553, -2.000000000000000000 ) ) ;
#2289 = EDGE_CURVE ( 'NONE', #1722, #710, #345, .T. ) ;
#2290 = ORIENTED_EDGE ( 'NONE', *, *, #1655, .T. ) ;
#2291 = VERTEX_POINT ( 'NONE', #155 ) ;
#2292 = VECTOR ( 'NONE', #397, 1000.000000000000000 ) ;
#2293 = CARTESIAN_POINT ( 'NONE',  ( -88.00000000000000000, 25.00000000000000000, -2.000000000000000000 ) ) ;
#2294 = VERTEX_POINT ( 'NONE', #133 ) ;
#2295 = AXIS2_PLACEMENT_3D ( 'NONE', #1397, #597, #1004 ) ;
#2296 = EDGE_LOOP ( 'NONE', ( #706, #287, #612, #1023 ) ) ;
#2297 = DIRECTION ( 'NONE',  ( -0.000000000000000000, -0.000000000000000000, 1.000000000000000000 ) ) ;
#2298 = VECTOR ( 'NONE', #234, 1000.000000000000000 ) ;
#2299 = PLANE ( 'NONE',  #2630 ) ;
#2300 = LINE ( 'NONE', #901, #1659 ) ;
#2301 = EDGE_CURVE ( 'NONE', #2557, #1584, #2173, .T. ) ;
#2302 = VECTOR ( 'NONE', #1911, 1000.000000000000000 ) ;
#2303 = CARTESIAN_POINT ( 'NONE',  ( -86.00000000000000000, 58.00000000000000000, 2.000000000000000000 ) ) ;
#2304 = LINE ( 'NONE', #1313, #1292 ) ;
#2305 = ADVANCED_FACE ( 'NONE', ( #1999 ), #975, .F. ) ;
#2306 = COLOUR_RGB ( '',0.7921568627450980005, 0.8196078431372548767, 0.9333333333333333481 ) ;
#2307 = ORIENTED_EDGE ( 'NONE', *, *, #1989, .T. ) ;
#2308 = ORIENTED_EDGE ( 'NONE', *, *, #2301, .F. ) ;
#2309 = EDGE_CURVE ( 'NONE', #692, #2560, #2199, .T. ) ;
#2310 = VERTEX_POINT ( 'NONE', #1801 ) ;
#2311 = LINE ( 'NONE', #2501, #371 ) ;
#2312 = AXIS2_PLACEMENT_3D ( 'NONE', #2495, #2316, #479 ) ;
#2313 = ORIENTED_EDGE ( 'NONE', *, *, #2269, .T. ) ;
#2314 = VERTEX_POINT ( 'NONE', #1552 ) ;
#2315 = LINE ( 'NONE', #2281, #1636 ) ;
#2316 = DIRECTION ( 'NONE',  ( 1.186135710069612158E-16, 1.000000000000000000, 0.000000000000000000 ) ) ;
#2317 = DIRECTION ( 'NONE',  ( 0.000000000000000000, 0.000000000000000000, 1.000000000000000000 ) ) ;
#2318 = DIRECTION ( 'NONE',  ( 0.000000000000000000, 0.000000000000000000, 1.000000000000000000 ) ) ;
#2319 = DIRECTION ( 'NONE',  ( 0.000000000000000000, 0.000000000000000000, 1.000000000000000000 ) ) ;
#2320 = VECTOR ( 'NONE', #1502, 1000.000000000000000 ) ;
#2321 = VECTOR ( 'NONE', #272, 1000.000000000000000 ) ;
#2322 = DIRECTION ( 'NONE',  ( -0.000000000000000000, -0.000000000000000000, -1.000000000000000000 ) ) ;
#2323 = EDGE_CURVE ( 'NONE', #2572, #2553, #2563, .T. ) ;
#2324 = ORIENTED_EDGE ( 'NONE', *, *, #1958, .T. ) ;
#2325 = PLANE ( 'NONE',  #1504 ) ;
#2326 = VERTEX_POINT ( 'NONE', #2014 ) ;
#2327 = VECTOR ( 'NONE', #861, 1000.000000000000000 ) ;
#2328 = ORIENTED_EDGE ( 'NONE', *, *, #981, .T. ) ;
#2329 = LINE ( 'NONE', #1901, #214 ) ;
#2330 = CARTESIAN_POINT ( 'NONE',  ( 78.00000000000000000, 2.999999999999985789, 2.001000000000000334 ) ) ;
#2331 = CARTESIAN_POINT ( 'NONE',  ( 15.00000000000000000, 52.00000000000000000, 0.000000000000000000 ) ) ;
#2332 = CARTESIAN_POINT ( 'NONE',  ( -86.00000000000000000, 58.00000000000000000, 2.000000000000000000 ) ) ;
#2333 = CARTESIAN_POINT ( 'NONE',  ( -27.49999999999999645, 53.00000000000002842, -1.000000000000000000 ) ) ;
#2334 = ORIENTED_EDGE ( 'NONE', *, *, #2309, .F. ) ;
#2335 = LINE ( 'NONE', #2567, #2484 ) ;
#2336 = VERTEX_POINT ( 'NONE', #183 ) ;
#2337 = EDGE_CURVE ( 'NONE', #858, #882, #2159, .T. ) ;
#2338 = ORIENTED_EDGE ( 'NONE', *, *, #1958, .F. ) ;
#2339 = DIRECTION ( 'NONE',  ( 0.000000000000000000, 0.000000000000000000, -1.000000000000000000 ) ) ;
#2340 = AXIS2_PLACEMENT_3D ( 'NONE', #2259, #2622, #1629 ) ;
#2341 = DIRECTION ( 'NONE',  ( 1.000000000000000000, 0.000000000000000000, 0.000000000000000000 ) ) ;
#2342 = DIRECTION ( 'NONE',  ( -0.000000000000000000, -0.000000000000000000, 1.000000000000000000 ) ) ;
#2343 = VECTOR ( 'NONE', #2060, 1000.000000000000000 ) ;
#2344 = CARTESIAN_POINT ( 'NONE',  ( -85.99999999999998579, -58.00000000000000000, 0.000000000000000000 ) ) ;
#2345 = DIRECTION ( 'NONE',  ( -1.000000000000000000, 0.000000000000000000, 0.000000000000000000 ) ) ;
#2346 = LINE ( 'NONE', #2139, #2258 ) ;
#2347 = ORIENTED_EDGE ( 'NONE', *, *, #13, .F. ) ;
#2348 = CARTESIAN_POINT ( 'NONE',  ( -28.49999999999999645, 22.99999999999999645, -2.000000000000000000 ) ) ;
#2349 = ORIENTED_EDGE ( 'NONE', *, *, #1354, .T. ) ;
#2350 = VERTEX_POINT ( 'NONE', #1965 ) ;
#2351 = FACE_OUTER_BOUND ( 'NONE', #2254, .T. ) ;
#2352 = ORIENTED_EDGE ( 'NONE', *, *, #1902, .T. ) ;
#2353 = CARTESIAN_POINT ( 'NONE',  ( 15.00000000000000000, 57.00000000000000711, 2.000000000000000000 ) ) ;
#2354 = EDGE_CURVE ( 'NONE', #1455, #908, #952, .T. ) ;
#2355 = DIRECTION ( 'NONE',  ( -0.000000000000000000, -0.000000000000000000, 1.000000000000000000 ) ) ;
#2356 = EDGE_CURVE ( 'NONE', #1981, #1319, #1562, .T. ) ;
#2357 = DIRECTION ( 'NONE',  ( -0.000000000000000000, -0.000000000000000000, -1.000000000000000000 ) ) ;
#2358 = DIRECTION ( 'NONE',  ( -1.000000000000000000, 0.000000000000000000, 0.000000000000000000 ) ) ;
#2359 = VECTOR ( 'NONE', #2033, 1000.000000000000000 ) ;
#2360 = DIRECTION ( 'NONE',  ( 0.000000000000000000, 0.000000000000000000, 1.000000000000000000 ) ) ;
#2361 = ORIENTED_EDGE ( 'NONE', *, *, #580, .T. ) ;
#2362 = DIRECTION ( 'NONE',  ( -1.239088197126291310E-16, 1.000000000000000000, 0.000000000000000000 ) ) ;
#2363 = VERTEX_POINT ( 'NONE', #2257 ) ;
#2364 = CIRCLE ( 'NONE', #1162, 2.000000000000001776 ) ;
#2365 = ORIENTED_EDGE ( 'NONE', *, *, #855, .F. ) ;
#2366 = PLANE ( 'NONE',  #1130 ) ;
#2367 = ADVANCED_FACE ( 'NONE', ( #2039 ), #427, .F. ) ;
#2368 = DIRECTION ( 'NONE',  ( -0.000000000000000000, -0.000000000000000000, -1.000000000000000000 ) ) ;
#2369 = LINE ( 'NONE', #1540, #2545 ) ;
#2370 = AXIS2_PLACEMENT_3D ( 'NONE', #1307, #2376, #530 ) ;
#2371 = LINE ( 'NONE', #107, #2386 ) ;
#2372 = EDGE_LOOP ( 'NONE', ( #1348, #4, #1877, #1799 ) ) ;
#2373 = EDGE_CURVE ( 'NONE', #1601, #1341, #904, .T. ) ;
#2374 = CARTESIAN_POINT ( 'NONE',  ( -87.00000000000001421, 20.00000000000000000, -2.000000000000000000 ) ) ;
#2375 = ORIENTED_EDGE ( 'NONE', *, *, #95, .F. ) ;
#2376 = DIRECTION ( 'NONE',  ( -1.000000000000000000, 0.000000000000000000, 0.000000000000000000 ) ) ;
#2377 = CARTESIAN_POINT ( 'NONE',  ( -87.00000000000001421, 20.00000000000000000, 0.000000000000000000 ) ) ;
#2378 = EDGE_CURVE ( 'NONE', #2071, #1127, #1409, .T. ) ;
#2379 = DIRECTION ( 'NONE',  ( 8.673617379884050263E-16, 1.000000000000000000, 0.000000000000000000 ) ) ;
#2380 = DIRECTION ( 'NONE',  ( -0.000000000000000000, 1.000000000000000000, -0.000000000000000000 ) ) ;
#2381 = DIRECTION ( 'NONE',  ( -1.000000000000000000, 0.000000000000000000, 0.000000000000000000 ) ) ;
#2382 = ORIENTED_EDGE ( 'NONE', *, *, #2118, .T. ) ;
#2383 = EDGE_CURVE ( 'NONE', #1141, #350, #550, .T. ) ;
#2384 = ADVANCED_FACE ( 'NONE', ( #2065 ), #678, .F. ) ;
#2385 = VERTEX_POINT ( 'NONE', #638 ) ;
#2386 = VECTOR ( 'NONE', #753, 1000.000000000000000 ) ;
#2387 = CARTESIAN_POINT ( 'NONE',  ( -85.99999999999998579, -58.00000000000000000, 0.000000000000000000 ) ) ;
#2388 = VECTOR ( 'NONE', #1637, 1000.000000000000000 ) ;
#2389 = AXIS2_PLACEMENT_3D ( 'NONE', #1235, #2468, #239 ) ;
#2390 = DIRECTION ( 'NONE',  ( -1.000000000000000000, 0.000000000000000000, 0.000000000000000000 ) ) ;
#2391 = CARTESIAN_POINT ( 'NONE',  ( -27.50000000000000000, 22.99999999999999645, -2.000000000000000000 ) ) ;
#2392 = CARTESIAN_POINT ( 'NONE',  ( -27.50000000000000000, 22.99999999999999645, -2.000000000000000000 ) ) ;
#2393 = LINE ( 'NONE', #761, #1709 ) ;
#2394 = ORIENTED_EDGE ( 'NONE', *, *, #1806, .T. ) ;
#2395 = ADVANCED_FACE ( 'NONE', ( #2635 ), #2052, .F. ) ;
#2396 = ORIENTED_EDGE ( 'NONE', *, *, #144, .F. ) ;
#2397 = LINE ( 'NONE', #1997, #1952 ) ;
#2398 = PLANE ( 'NONE',  #1197 ) ;
#2399 = AXIS2_PLACEMENT_3D ( 'NONE', #2580, #556, #2175 ) ;
#2400 = ADVANCED_FACE ( 'NONE', ( #648 ), #1660, .F. ) ;
#2401 = ADVANCED_FACE ( 'NONE', ( #1464, #1628, #439, #425 ), #410, .F. ) ;
#2402 = CARTESIAN_POINT ( 'NONE',  ( -88.00000000000001421, 21.60885677240041858, -0.03289356924357475509 ) ) ;
#2403 = AXIS2_PLACEMENT_3D ( 'NONE', #2016, #1803, #1163 ) ;
#2404 = DIRECTION ( 'NONE',  ( -0.000000000000000000, -0.000000000000000000, -1.000000000000000000 ) ) ;
#2405 = LINE ( 'NONE', #2392, #994 ) ;
#2406 = CARTESIAN_POINT ( 'NONE',  ( -57.70000000000000995, 18.99999999999999289, -2.000000000000000000 ) ) ;
#2407 = ORIENTED_EDGE ( 'NONE', *, *, #615, .T. ) ;
#2408 = CIRCLE ( 'NONE', #360, 1.000000000000000888 ) ;
#2409 = DIRECTION ( 'NONE',  ( -3.614007241618348278E-16, -1.000000000000000000, 0.000000000000000000 ) ) ;
#2410 = ORIENTED_EDGE ( 'NONE', *, *, #2356, .T. ) ;
#2411 = CARTESIAN_POINT ( 'NONE',  ( -87.00000000000000000, 55.00000000000002842, 0.000000000000000000 ) ) ;
#2412 = DIRECTION ( 'NONE',  ( -1.239088197126291063E-16, 1.000000000000000000, -0.000000000000000000 ) ) ;
#2413 = ADVANCED_FACE ( 'NONE', ( #1438 ), #2272, .F. ) ;
#2414 = DIRECTION ( 'NONE',  ( -0.000000000000000000, -0.000000000000000000, 1.000000000000000000 ) ) ;
#2415 = CARTESIAN_POINT ( 'NONE',  ( 85.99999999999997158, 58.00000000000000000, 2.000000000000000000 ) ) ;
#2416 = VECTOR ( 'NONE', #1890, 1000.000000000000000 ) ;
#2417 = DIRECTION ( 'NONE',  ( -0.000000000000000000, -1.000000000000000000, -0.000000000000000000 ) ) ;
#2418 = DIRECTION ( 'NONE',  ( 1.000000000000000000, 0.000000000000000000, 0.000000000000000000 ) ) ;
#2419 = VERTEX_POINT ( 'NONE', #1424 ) ;
#2420 = VECTOR ( 'NONE', #1381, 1000.000000000000000 ) ;
#2421 = LINE ( 'NONE', #161, #2388 ) ;
#2422 = EDGE_LOOP ( 'NONE', ( #2130, #866, #1906, #500 ) ) ;
#2423 = CARTESIAN_POINT ( 'NONE',  ( -15.99999999999998579, 58.00000000000000000, 0.000000000000000000 ) ) ;
#2424 = CARTESIAN_POINT ( 'NONE',  ( -88.00000000000001421, 55.99999999999998579, 0.000000000000000000 ) ) ;
#2425 = EDGE_LOOP ( 'NONE', ( #2057, #1607, #2213, #988, #518, #1089 ) ) ;
#2426 = ORIENTED_EDGE ( 'NONE', *, *, #75, .F. ) ;
#2427 = VECTOR ( 'NONE', #2589, 1000.000000000000000 ) ;
#2428 = ADVANCED_FACE ( 'NONE', ( #212 ), #1876, .T. ) ;
#2429 = CARTESIAN_POINT ( 'NONE',  ( -29.00000000000000000, 23.49999999999999289, -2.000000000000000000 ) ) ;
#2430 = DIRECTION ( 'NONE',  ( -1.000000000000000000, 0.000000000000000000, 0.000000000000000000 ) ) ;
#2431 = EDGE_CURVE ( 'NONE', #1039, #55, #1281, .T. ) ;
#2432 = DIRECTION ( 'NONE',  ( 0.000000000000000000, 0.000000000000000000, 1.000000000000000000 ) ) ;
#2433 = ORIENTED_EDGE ( 'NONE', *, *, #1631, .T. ) ;
#2434 = CYLINDRICAL_SURFACE ( 'NONE', #1399, 1.000000000000000888 ) ;
#2435 = DIRECTION ( 'NONE',  ( -0.000000000000000000, -0.000000000000000000, -1.000000000000000000 ) ) ;
#2436 = ORIENTED_EDGE ( 'NONE', *, *, #2509, .F. ) ;
#2437 = CARTESIAN_POINT ( 'NONE',  ( -57.70000000000000284, -0.2000000000000057288, -2.000000000000000000 ) ) ;
#2438 = CARTESIAN_POINT ( 'NONE',  ( -86.50000000000000000, 52.50000000000000711, -2.000000000000000000 ) ) ;
#2439 = VERTEX_POINT ( 'NONE', #2079 ) ;
#2440 = ORIENTED_EDGE ( 'NONE', *, *, #2383, .T. ) ;
#2441 = VECTOR ( 'NONE', #2510, 1000.000000000000000 ) ;
#2442 = CARTESIAN_POINT ( 'NONE',  ( 87.99999999999998579, 55.99999999999998579, 2.000000000000000000 ) ) ;
#2443 = VECTOR ( 'NONE', #2297, 1000.000000000000000 ) ;
#2444 = DIRECTION ( 'NONE',  ( 0.000000000000000000, 0.000000000000000000, -1.000000000000000000 ) ) ;
#2445 = EDGE_CURVE ( 'NONE', #947, #414, #252, .T. ) ;
#2446 = DIRECTION ( 'NONE',  ( -0.000000000000000000, -0.000000000000000000, 1.000000000000000000 ) ) ;
#2447 = VERTEX_POINT ( 'NONE', #2429 ) ;
#2448 = CARTESIAN_POINT ( 'NONE',  ( 88.00000000000000000, -56.00000000000000000, 0.000000000000000000 ) ) ;
#2449 = ORIENTED_EDGE ( 'NONE', *, *, #27, .F. ) ;
#2450 = CARTESIAN_POINT ( 'NONE',  ( -87.00000000000000000, -0.1999999999999987899, -2.000000000000000000 ) ) ;
#2451 = DIRECTION ( 'NONE',  ( 0.000000000000000000, -1.000000000000000000, 0.000000000000000000 ) ) ;
#2452 = ORIENTED_EDGE ( 'NONE', *, *, #1986, .T. ) ;
#2453 = CARTESIAN_POINT ( 'NONE',  ( -85.99999999999998579, -58.00000000000000000, 0.000000000000000000 ) ) ;
#2454 = ORIENTED_EDGE ( 'NONE', *, *, #470, .F. ) ;
#2455 = DIRECTION ( 'NONE',  ( -0.000000000000000000, -0.000000000000000000, -1.000000000000000000 ) ) ;
#2456 = DIRECTION ( 'NONE',  ( 0.000000000000000000, -1.000000000000000000, 0.000000000000000000 ) ) ;
#2457 = CARTESIAN_POINT ( 'NONE',  ( 78.00000000000000000, 2.999999999999985345, 0.000000000000000000 ) ) ;
#2458 = ORIENTED_EDGE ( 'NONE', *, *, #855, .T. ) ;
#2459 = CARTESIAN_POINT ( 'NONE',  ( -57.70000000000000995, 18.99999999999999289, -2.000000000000000000 ) ) ;
#2460 = ADVANCED_FACE ( 'NONE', ( #622, #596 ), #400, .T. ) ;
#2461 = VERTEX_POINT ( 'NONE', #1888 ) ;
#2462 = VECTOR ( 'NONE', #1789, 1000.000000000000000 ) ;
#2463 = DIRECTION ( 'NONE',  ( -1.000000000000000000, 0.000000000000000000, 0.000000000000000000 ) ) ;
#2464 = DIRECTION ( 'NONE',  ( -1.239088197126291063E-16, 1.000000000000000000, -0.000000000000000000 ) ) ;
#2465 = ORIENTED_EDGE ( 'NONE', *, *, #1158, .T. ) ;
#2466 = FACE_OUTER_BOUND ( 'NONE', #1669, .T. ) ;
#2467 = ORIENTED_EDGE ( 'NONE', *, *, #1479, .T. ) ;
#2468 = DIRECTION ( 'NONE',  ( -0.000000000000000000, 0.000000000000000000, -1.000000000000000000 ) ) ;
#2469 = AXIS2_PLACEMENT_3D ( 'NONE', #121, #2360, #320 ) ;
#2470 = DIRECTION ( 'NONE',  ( -1.000000000000000000, 3.700348711554623380E-18, -0.000000000000000000 ) ) ;
#2471 = LINE ( 'NONE', #1891, #1372 ) ;
#2472 = ORIENTED_EDGE ( 'NONE', *, *, #2249, .T. ) ;
#2473 = DIRECTION ( 'NONE',  ( 1.239088197126291063E-16, -1.000000000000000000, 0.000000000000000000 ) ) ;
#2474 = VERTEX_POINT ( 'NONE', #1519 ) ;
#2475 = PLANE ( 'NONE',  #1356 ) ;
#2476 = VERTEX_POINT ( 'NONE', #1095 ) ;
#2477 = EDGE_CURVE ( 'NONE', #1781, #1678, #76, .T. ) ;
#2478 = ORIENTED_EDGE ( 'NONE', *, *, #580, .F. ) ;
#2479 = EDGE_CURVE ( 'NONE', #1490, #1027, #63, .T. ) ;
#2480 = DIRECTION ( 'NONE',  ( 1.000000000000000000, 0.000000000000000000, 0.000000000000000000 ) ) ;
#2481 = DIRECTION ( 'NONE',  ( 0.000000000000000000, -1.000000000000000000, 0.000000000000000000 ) ) ;
#2482 = EDGE_CURVE ( 'NONE', #2263, #1421, #2329, .T. ) ;
#2483 = CARTESIAN_POINT ( 'NONE',  ( 78.00000000000000000, -2.999999999999985789, 2.000000000000000000 ) ) ;
#2484 = VECTOR ( 'NONE', #537, 1000.000000000000000 ) ;
#2485 = DIRECTION ( 'NONE',  ( -0.000000000000000000, -0.000000000000000000, -1.000000000000000000 ) ) ;
#2486 = CARTESIAN_POINT ( 'NONE',  ( -56.70000000000000995, -0.2000000000000072553, -2.000000000000000000 ) ) ;
#2487 = VERTEX_POINT ( 'NONE', #1494 ) ;
#2488 = ORIENTED_EDGE ( 'NONE', *, *, #309, .F. ) ;
#2489 = DIRECTION ( 'NONE',  ( 0.000000000000000000, 0.000000000000000000, -1.000000000000000000 ) ) ;
#2490 = VERTEX_POINT ( 'NONE', #661 ) ;
#2491 = ORIENTED_EDGE ( 'NONE', *, *, #2068, .T. ) ;
#2492 = EDGE_CURVE ( 'NONE', #1428, #1353, #1535, .T. ) ;
#2493 = CARTESIAN_POINT ( 'NONE',  ( -87.00000000000001421, 19.00000000000000000, -2.000000000000000000 ) ) ;
#2494 = CIRCLE ( 'NONE', #1020, 1.000000000000000888 ) ;
#2495 = CARTESIAN_POINT ( 'NONE',  ( -87.00000000000000000, 22.00000000000000355, -2.000000000000000000 ) ) ;
#2496 = FACE_OUTER_BOUND ( 'NONE', #140, .T. ) ;
#2497 = CARTESIAN_POINT ( 'NONE',  ( -28.99999999999999645, 52.50000000000000711, -2.000000000000000000 ) ) ;
#2498 = DIRECTION ( 'NONE',  ( -0.000000000000000000, 1.000000000000000000, -0.000000000000000000 ) ) ;
#2499 = ORIENTED_EDGE ( 'NONE', *, *, #519, .T. ) ;
#2500 = VERTEX_POINT ( 'NONE', #2353 ) ;
#2501 = CARTESIAN_POINT ( 'NONE',  ( -88.00000000000001421, 55.99999999999998579, 0.000000000000000000 ) ) ;
#2502 = ORIENTED_EDGE ( 'NONE', *, *, #2197, .F. ) ;
#2503 = VECTOR ( 'NONE', #1742, 1000.000000000000000 ) ;
#2504 = EDGE_LOOP ( 'NONE', ( #745, #1750, #2352, #1165, #776, #1886, #1100, #1514, #321, #1418 ) ) ;
#2505 = LINE ( 'NONE', #677, #2098 ) ;
#2506 = AXIS2_PLACEMENT_3D ( 'NONE', #865, #1680, #2489 ) ;
#2507 = LINE ( 'NONE', #292, #2302 ) ;
#2508 = CARTESIAN_POINT ( 'NONE',  ( 80.00000000000001421, -4.999999999999997335, 2.000000000000000000 ) ) ;
#2509 = EDGE_CURVE ( 'NONE', #279, #1428, #2507, .T. ) ;
#2510 = DIRECTION ( 'NONE',  ( -1.000000000000000000, 0.000000000000000000, 0.000000000000000000 ) ) ;
#2511 = LINE ( 'NONE', #1689, #1700 ) ;
#2512 = VECTOR ( 'NONE', #14, 1000.000000000000000 ) ;
#2513 = ORIENTED_EDGE ( 'NONE', *, *, #2185, .T. ) ;
#2514 = ORIENTED_EDGE ( 'NONE', *, *, #1585, .T. ) ;
#2515 = DIRECTION ( 'NONE',  ( -0.000000000000000000, -0.000000000000000000, -1.000000000000000000 ) ) ;
#2516 = AXIS2_PLACEMENT_3D ( 'NONE', #7, #2232, #1644 ) ;
#2517 = ORIENTED_EDGE ( 'NONE', *, *, #1383, .T. ) ;
#2518 = VERTEX_POINT ( 'NONE', #520 ) ;
#2519 = CARTESIAN_POINT ( 'NONE',  ( -88.00000000000001421, 18.99999999999999289, 0.000000000000000000 ) ) ;
#2520 = DIRECTION ( 'NONE',  ( 0.000000000000000000, 0.000000000000000000, -1.000000000000000000 ) ) ;
#2521 = CARTESIAN_POINT ( 'NONE',  ( -26.50000000000001066, 48.99999999999999289, 0.000000000000000000 ) ) ;
#2522 = CARTESIAN_POINT ( 'NONE',  ( -87.00000000000001421, 19.00000000000000000, 0.000000000000000000 ) ) ;
#2523 = EDGE_CURVE ( 'NONE', #1421, #604, #1923, .T. ) ;
#2524 = DIRECTION ( 'NONE',  ( 1.000000000000000000, 0.000000000000000000, 0.000000000000000000 ) ) ;
#2525 = VECTOR ( 'NONE', #495, 1000.000000000000000 ) ;
#2526 = LINE ( 'NONE', #2262, #614 ) ;
#2527 = ORIENTED_EDGE ( 'NONE', *, *, #25, .F. ) ;
#2528 = LINE ( 'NONE', #1955, #541 ) ;
#2529 = ORIENTED_EDGE ( 'NONE', *, *, #2286, .T. ) ;
#2530 = VECTOR ( 'NONE', #215, 1000.000000000000000 ) ;
#2531 = ORIENTED_EDGE ( 'NONE', *, *, #2590, .F. ) ;
#2532 = CARTESIAN_POINT ( 'NONE',  ( 87.99999999999998579, 55.99999999999998579, 2.000000000000000000 ) ) ;
#2533 = CARTESIAN_POINT ( 'NONE',  ( 67.99999999999997158, -48.00000000000000000, 2.001000000000000334 ) ) ;
#2534 = DIRECTION ( 'NONE',  ( 8.673617379883968419E-16, 1.000000000000000000, -0.000000000000000000 ) ) ;
#2535 = CARTESIAN_POINT ( 'NONE',  ( -87.00000000000000000, 22.00000000000000355, -2.000000000000000000 ) ) ;
#2536 = FACE_OUTER_BOUND ( 'NONE', #620, .T. ) ;
#2537 = ORIENTED_EDGE ( 'NONE', *, *, #1885, .F. ) ;
#2538 = FACE_OUTER_BOUND ( 'NONE', #839, .T. ) ;
#2539 = EDGE_LOOP ( 'NONE', ( #2570, #1580, #1505, #1472, #910, #2168 ) ) ;
#2540 = ADVANCED_FACE ( 'NONE', ( #1476 ), #2299, .F. ) ;
#2541 = ORIENTED_EDGE ( 'NONE', *, *, #578, .F. ) ;
#2542 = CARTESIAN_POINT ( 'NONE',  ( -57.69999999999999574, 18.99999999999999289, -2.000000000000000000 ) ) ;
#2543 = EDGE_LOOP ( 'NONE', ( #730, #1866, #1868, #1189 ) ) ;
#2544 = EDGE_CURVE ( 'NONE', #1327, #1827, #1618, .T. ) ;
#2545 = VECTOR ( 'NONE', #2587, 1000.000000000000000 ) ;
#2546 = DIRECTION ( 'NONE',  ( -0.000000000000000000, -0.000000000000000000, 1.000000000000000000 ) ) ;
#2547 = CARTESIAN_POINT ( 'NONE',  ( -88.00000000000000000, 53.00000000000002132, -1.000000000000000000 ) ) ;
#2548 = CIRCLE ( 'NONE', #2207, 1.000000000000000888 ) ;
#2549 = LINE ( 'NONE', #78, #1413 ) ;
#2550 = CARTESIAN_POINT ( 'NONE',  ( 69.99999999999998579, -50.00000000000001421, 0.000000000000000000 ) ) ;
#2551 = VECTOR ( 'NONE', #1315, 1000.000000000000000 ) ;
#2552 = DIRECTION ( 'NONE',  ( 1.084202172485506283E-16, 1.000000000000000000, 0.000000000000000000 ) ) ;
#2553 = VERTEX_POINT ( 'NONE', #1106 ) ;
#2554 = LINE ( 'NONE', #299, #11 ) ;
#2555 = AXIS2_PLACEMENT_3D ( 'NONE', #1191, #602, #616 ) ;
#2556 = ORIENTED_EDGE ( 'NONE', *, *, #2619, .F. ) ;
#2557 = VERTEX_POINT ( 'NONE', #1698 ) ;
#2558 = CARTESIAN_POINT ( 'NONE',  ( -87.00000000000000000, 19.00000000000000000, -2.000000000000000000 ) ) ;
#2559 = EDGE_CURVE ( 'NONE', #2487, #1278, #912, .T. ) ;
#2560 = VERTEX_POINT ( 'NONE', #1118 ) ;
#2561 = ADVANCED_FACE ( 'NONE', ( #712 ), #1737, .T. ) ;
#2562 = ADVANCED_FACE ( 'NONE', ( #680 ), #696, .F. ) ;
#2563 = LINE ( 'NONE', #2610, #224 ) ;
#2564 = CARTESIAN_POINT ( 'NONE',  ( 16.00000000000000000, 57.00000000000000000, 0.000000000000000000 ) ) ;
#2565 = FACE_OUTER_BOUND ( 'NONE', #1533, .T. ) ;
#2566 = EDGE_LOOP ( 'NONE', ( #1853, #1297, #769, #2410 ) ) ;
#2567 = CARTESIAN_POINT ( 'NONE',  ( -27.50000000000000000, 48.99999999999999289, 0.000000000000000000 ) ) ;
#2568 = ORIENTED_EDGE ( 'NONE', *, *, #2198, .T. ) ;
#2569 = AXIS2_PLACEMENT_3D ( 'NONE', #727, #1087, #1120 ) ;
#2570 = ORIENTED_EDGE ( 'NONE', *, *, #1076, .F. ) ;
#2571 = DIRECTION ( 'NONE',  ( -1.000000000000000000, 0.000000000000000000, 0.000000000000000000 ) ) ;
#2572 = VERTEX_POINT ( 'NONE', #1335 ) ;
#2573 = ADVANCED_FACE ( 'NONE', ( #49 ), #873, .F. ) ;
#2574 = PRESENTATION_STYLE_ASSIGNMENT (( #202 ) ) ;
#2575 = EDGE_CURVE ( 'NONE', #50, #279, #1149, .T. ) ;
#2576 = CARTESIAN_POINT ( 'NONE',  ( 80.00000000000000000, -3.000000000000000444, 2.001000000000000334 ) ) ;
#2577 = DIRECTION ( 'NONE',  ( 0.000000000000000000, 0.000000000000000000, -1.000000000000000000 ) ) ;
#2578 = CLOSED_SHELL ( 'NONE', ( #1111, #1649, #2400, #683, #2238, #2178, #2384, #318, #649, #2367, #505, #132, #1124, #951, #1813, #738, #1153, #373, #1665, #688, #1730, #9, #258, #2401, #964, #2562, #108, #1013, #225, #1336, #2413, #1648, #2540, #1881, #312, #1048, #1596, #1614, #1434, #422, #1610, #1849, #1064, #2561, #2573, #1001, #1697, #2460, #795, #1763, #357, #871, #1961, #1766, #1105, #455, #2428, #369, #1554, #131, #584, #977, #442, #1201, #263, #2282, #1717, #2633, #394, #1940, #867, #389, #1498, #435, #2305, #2395, #1174, #485 ) ) ;
#2579 = APPLICATION_CONTEXT ( 'automotive_design' ) ;
#2580 = CARTESIAN_POINT ( 'NONE',  ( 80.00000000000000000, 2.999999999999999556, 2.000000000000000000 ) ) ;
#2581 = ORIENTED_EDGE ( 'NONE', *, *, #1322, .F. ) ;
#2582 = ORIENTED_EDGE ( 'NONE', *, *, #1383, .F. ) ;
#2583 = CYLINDRICAL_SURFACE ( 'NONE', #1264, 1.000000000000000000 ) ;
#2584 = ORIENTED_EDGE ( 'NONE', *, *, #2165, .T. ) ;
#2585 = CARTESIAN_POINT ( 'NONE',  ( -88.00000000000001421, 22.51179157579588974, -0.5125316376097347471 ) ) ;
#2586 = VECTOR ( 'NONE', #1034, 1000.000000000000000 ) ;
#2587 = DIRECTION ( 'NONE',  ( -0.000000000000000000, -0.000000000000000000, 1.000000000000000000 ) ) ;
#2588 = DIRECTION ( 'NONE',  ( 0.000000000000000000, -1.000000000000000000, 0.000000000000000000 ) ) ;
#2589 = DIRECTION ( 'NONE',  ( 0.000000000000000000, -1.000000000000000000, 0.000000000000000000 ) ) ;
#2590 = EDGE_CURVE ( 'NONE', #2439, #2194, #1296, .T. ) ;
#2591 = ORIENTED_EDGE ( 'NONE', *, *, #1213, .T. ) ;
#2592 = ORIENTED_EDGE ( 'NONE', *, *, #690, .T. ) ;
#2593 = VECTOR ( 'NONE', #1513, 1000.000000000000000 ) ;
#2594 = CARTESIAN_POINT ( 'NONE',  ( -86.50000000000000000, 52.50000000000000711, 0.000000000000000000 ) ) ;
#2595 = DIRECTION ( 'NONE',  ( -1.000000000000000000, 0.000000000000000000, 0.000000000000000000 ) ) ;
#2596 = ORIENTED_EDGE ( 'NONE', *, *, #2289, .F. ) ;
#2597 = LINE ( 'NONE', #758, #1042 ) ;
#2598 = CYLINDRICAL_SURFACE ( 'NONE', #973, 1.000000000000000888 ) ;
#2599 = DIRECTION ( 'NONE',  ( -0.000000000000000000, 0.000000000000000000, -1.000000000000000000 ) ) ;
#2600 = CARTESIAN_POINT ( 'NONE',  ( -86.50000000000000000, 23.50000000000000000, 2.000000000000000000 ) ) ;
#2601 = EDGE_CURVE ( 'NONE', #2644, #538, #1713, .T. ) ;
#2602 = ORIENTED_EDGE ( 'NONE', *, *, #2099, .F. ) ;
#2603 = CIRCLE ( 'NONE', #48, 2.000000000000001776 ) ;
#2604 = DIRECTION ( 'NONE',  ( -1.000000000000000000, 3.614007241618348278E-16, 0.000000000000000000 ) ) ;
#2605 = EDGE_LOOP ( 'NONE', ( #1474, #814, #379, #125 ) ) ;
#2606 = CARTESIAN_POINT ( 'NONE',  ( -86.49999999999998579, 48.50000000000000000, 2.000000000000000000 ) ) ;
#2607 = DIRECTION ( 'NONE',  ( 0.000000000000000000, 0.000000000000000000, -1.000000000000000000 ) ) ;
#2608 = CIRCLE ( 'NONE', #1800, 1.000000000000000888 ) ;
#2609 = EDGE_LOOP ( 'NONE', ( #2030, #1303, #130, #1882 ) ) ;
#2610 = CARTESIAN_POINT ( 'NONE',  ( -28.49999999999999645, 22.00000000000000000, -2.000000000000000000 ) ) ;
#2611 = DIRECTION ( 'NONE',  ( -8.673617379883967433E-16, -1.000000000000000000, -0.000000000000000000 ) ) ;
#2612 = CARTESIAN_POINT ( 'NONE',  ( -27.50000000000000000, 48.99999999999999289, -1.000000000000000000 ) ) ;
#2613 = CARTESIAN_POINT ( 'NONE',  ( -26.50000000000000000, 26.99999999999999645, -1.000000000000000000 ) ) ;
#2614 = EDGE_LOOP ( 'NONE', ( #654, #438, #1484, #1029 ) ) ;
#2615 = DIRECTION ( 'NONE',  ( -1.000000000000000000, 0.000000000000000000, 0.000000000000000000 ) ) ;
#2616 = VERTEX_POINT ( 'NONE', #2209 ) ;
#2617 = LINE ( 'NONE', #999, #459 ) ;
#2618 = DIRECTION ( 'NONE',  ( -0.000000000000000000, 0.000000000000000000, -1.000000000000000000 ) ) ;
#2619 = EDGE_CURVE ( 'NONE', #2314, #1981, #393, .T. ) ;
#2620 = ORIENTED_EDGE ( 'NONE', *, *, #984, .F. ) ;
#2621 = DIRECTION ( 'NONE',  ( 0.000000000000000000, 0.000000000000000000, 1.000000000000000000 ) ) ;
#2622 = DIRECTION ( 'NONE',  ( -0.000000000000000000, -0.000000000000000000, 1.000000000000000000 ) ) ;
#2623 = LINE ( 'NONE', #1199, #1159 ) ;
#2624 = ORIENTED_EDGE ( 'NONE', *, *, #2017, .F. ) ;
#2625 = VECTOR ( 'NONE', #406, 1000.000000000000000 ) ;
#2626 = CYLINDRICAL_SURFACE ( 'NONE', #1227, 1.000000000000000888 ) ;
#2627 = VERTEX_POINT ( 'NONE', #748 ) ;
#2628 = LINE ( 'NONE', #2437, #672 ) ;
#2629 = DIRECTION ( 'NONE',  ( 0.000000000000000000, 0.000000000000000000, 1.000000000000000000 ) ) ;
#2630 = AXIS2_PLACEMENT_3D ( 'NONE', #2109, #303, #506 ) ;
#2631 = ORIENTED_EDGE ( 'NONE', *, *, #533, .F. ) ;
#2632 = ORIENTED_EDGE ( 'NONE', *, *, #2132, .T. ) ;
#2633 = ADVANCED_FACE ( 'NONE', ( #1203 ), #939, .F. ) ;
#2634 = VECTOR ( 'NONE', #375, 1000.000000000000000 ) ;
#2635 = FACE_OUTER_BOUND ( 'NONE', #276, .T. ) ;
#2636 = PLANE ( 'NONE',  #2295 ) ;
#2637 = AXIS2_PLACEMENT_3D ( 'NONE', #2024, #816, #846 ) ;
#2638 = LINE ( 'NONE', #819, #2187 ) ;
#2639 = VECTOR ( 'NONE', #905, 1000.000000000000000 ) ;
#2640 = EDGE_LOOP ( 'NONE', ( #29, #1492, #1261, #2584 ) ) ;
#2641 = CIRCLE ( 'NONE', #1497, 2.000000000000000888 ) ;
#2642 = DIRECTION ( 'NONE',  ( 1.000000000000000000, 0.000000000000000000, 0.000000000000000000 ) ) ;
#2643 = SHAPE_DEFINITION_REPRESENTATION ( #1456, #2012 ) ;
#2644 = VERTEX_POINT ( 'NONE', #950 ) ;
#2645 = CARTESIAN_POINT ( 'NONE',  ( -86.50000000000000000, 25.00000000000000000, -2.000000000000000000 ) ) ;
#2646 = CYLINDRICAL_SURFACE ( 'NONE', #91, 1.000000000000000888 ) ;
ENDSEC;
END-ISO-10303-21;
