ISO-10303-21;
HEADER;
FILE_DESCRIPTION (( 'STEP AP214' ),
    '1' );
FILE_NAME ('epaper-screen-3.STEP',
    '2026-08-22T22:06:59',
    ( '' ),
    ( '' ),
    'SwSTEP 2.0',
    'SolidWorks 2019',
    '' );
FILE_SCHEMA (( 'AUTOMOTIVE_DESIGN' ));
ENDSEC;

DATA;
#1 = ORIENTED_EDGE ( 'NONE', *, *, #2479, .F. ) ;
#2 = EDGE_CURVE ( 'NONE', #2031, #552, #510, .T. ) ;
#3 = CARTESIAN_POINT ( 'NONE',  ( -5.000000000000000000, 59.00000000000000711, 5.000000000000000000 ) ) ;
#4 = ORIENTED_EDGE ( 'NONE', *, *, #2581, .F. ) ;
#5 = ORIENTED_EDGE ( 'NONE', *, *, #553, .F. ) ;
#6 = CARTESIAN_POINT ( 'NONE',  ( 70.00000000000000000, -59.00000000000000711, 4.000000000000007994 ) ) ;
#7 = VECTOR ( 'NONE', #2095, 1000.000000000000000 ) ;
#8 = DIRECTION ( 'NONE',  ( 0.000000000000000000, 0.000000000000000000, -1.000000000000000000 ) ) ;
#9 = CIRCLE ( 'NONE', #1877, 1.000000000000000000 ) ;
#10 = ORIENTED_EDGE ( 'NONE', *, *, #2236, .T. ) ;
#11 = EDGE_CURVE ( 'NONE', #1422, #479, #1862, .T. ) ;
#12 = CARTESIAN_POINT ( 'NONE',  ( 40.80000000000000426, -52.80000000000001137, 2.999999999999999112 ) ) ;
#13 = CARTESIAN_POINT ( 'NONE',  ( 84.99999999999998579, 0.000000000000000000, 2.000000000000000000 ) ) ;
#14 = EDGE_LOOP ( 'NONE', ( #1610, #1571, #1, #1770 ) ) ;
#15 = EDGE_LOOP ( 'NONE', ( #684, #1338, #1417, #406 ) ) ;
#16 = DIRECTION ( 'NONE',  ( 0.000000000000000000, 0.000000000000000000, 1.000000000000000000 ) ) ;
#17 = LINE ( 'NONE', #1360, #1499 ) ;
#18 = EDGE_LOOP ( 'NONE', ( #2533, #1655, #593, #1468 ) ) ;
#19 = EDGE_CURVE ( 'NONE', #2442, #1024, #2156, .T. ) ;
#20 = CARTESIAN_POINT ( 'NONE',  ( 71.00000000000001421, -60.00000000000000711, 5.999999999999992895 ) ) ;
#21 = DIRECTION ( 'NONE',  ( -0.000000000000000000, 0.000000000000000000, 1.000000000000000000 ) ) ;
#22 = ORIENTED_EDGE ( 'NONE', *, *, #1607, .T. ) ;
#23 = VECTOR ( 'NONE', #1447, 1000.000000000000000 ) ;
#24 = ORIENTED_EDGE ( 'NONE', *, *, #234, .F. ) ;
#25 = ADVANCED_FACE ( 'NONE', ( #765 ), #746, .F. ) ;
#26 = EDGE_LOOP ( 'NONE', ( #90, #2538, #632 ) ) ;
#27 = EDGE_CURVE ( 'NONE', #2105, #505, #2323, .T. ) ;
#28 = DIRECTION ( 'NONE',  ( -1.000000000000000000, 0.000000000000000000, 0.000000000000000000 ) ) ;
#29 = DIRECTION ( 'NONE',  ( -1.000000000000000000, 0.000000000000000000, 0.000000000000000000 ) ) ;
#30 = ORIENTED_EDGE ( 'NONE', *, *, #625, .F. ) ;
#31 = CARTESIAN_POINT ( 'NONE',  ( -79.00000000000001421, -59.00000000000000711, 5.999999999999993783 ) ) ;
#32 = CYLINDRICAL_SURFACE ( 'NONE', #1206, 1.000000000000007772 ) ;
#33 = ORIENTED_EDGE ( 'NONE', *, *, #2447, .F. ) ;
#34 = DIRECTION ( 'NONE',  ( 0.000000000000000000, -0.000000000000000000, 1.000000000000000000 ) ) ;
#35 = CYLINDRICAL_SURFACE ( 'NONE', #301, 0.8000000000000090372 ) ;
#36 = ADVANCED_FACE ( 'NONE', ( #1402 ), #969, .T. ) ;
#37 = CARTESIAN_POINT ( 'NONE',  ( 67.20000000000000284, -54.00000000000000000, 19.00000000000000355 ) ) ;
#38 = LINE ( 'NONE', #1634, #2480 ) ;
#39 = DIRECTION ( 'NONE',  ( 0.000000000000000000, 0.000000000000000000, 1.000000000000000000 ) ) ;
#40 = EDGE_CURVE ( 'NONE', #136, #602, #2358, .T. ) ;
#41 = DIRECTION ( 'NONE',  ( 0.000000000000000000, -1.000000000000000000, 0.000000000000000000 ) ) ;
#42 = ORIENTED_EDGE ( 'NONE', *, *, #2739, .T. ) ;
#43 = EDGE_LOOP ( 'NONE', ( #608, #1703, #2813 ) ) ;
#44 = ORIENTED_EDGE ( 'NONE', *, *, #19, .T. ) ;
#45 = AXIS2_PLACEMENT_3D ( 'NONE', #175, #2023, #668 ) ;
#46 = ORIENTED_EDGE ( 'NONE', *, *, #513, .F. ) ;
#47 = FACE_OUTER_BOUND ( 'NONE', #2474, .T. ) ;
#48 = ORIENTED_EDGE ( 'NONE', *, *, #2638, .T. ) ;
#49 = ORIENTED_EDGE ( 'NONE', *, *, #778, .T. ) ;
#50 = FACE_OUTER_BOUND ( 'NONE', #1146, .T. ) ;
#51 = DIRECTION ( 'NONE',  ( -0.000000000000000000, 1.000000000000000000, -0.000000000000000000 ) ) ;
#52 = DIRECTION ( 'NONE',  ( 0.000000000000000000, 1.000000000000000000, 0.000000000000000000 ) ) ;
#53 = CARTESIAN_POINT ( 'NONE',  ( -5.000000000000004441, 58.00000000000000000, 4.000000000000000000 ) ) ;
#54 = VECTOR ( 'NONE', #545, 1000.000000000000000 ) ;
#55 = CARTESIAN_POINT ( 'NONE',  ( 67.20000000000000284, -53.19999999999999574, 19.00000000000000355 ) ) ;
#56 = EDGE_CURVE ( 'NONE', #920, #1562, #317, .T. ) ;
#57 = LINE ( 'NONE', #945, #624 ) ;
#58 = DIRECTION ( 'NONE',  ( -1.000000000000000000, 0.000000000000000000, 1.084202172485504434E-16 ) ) ;
#59 = ORIENTED_EDGE ( 'NONE', *, *, #494, .F. ) ;
#60 = ORIENTED_EDGE ( 'NONE', *, *, #2044, .T. ) ;
#61 = CARTESIAN_POINT ( 'NONE',  ( 69.00000000000000000, 0.000000000000000000, 19.00000000000000355 ) ) ;
#62 = DIRECTION ( 'NONE',  ( -1.000000000000000000, 0.000000000000000000, -0.000000000000000000 ) ) ;
#63 = ORIENTED_EDGE ( 'NONE', *, *, #697, .F. ) ;
#64 = AXIS2_PLACEMENT_3D ( 'NONE', #2152, #1005, #1411 ) ;
#65 = CARTESIAN_POINT ( 'NONE',  ( -71.00000000000001421, -59.00000000000000711, 4.000000000000000000 ) ) ;
#66 = DIRECTION ( 'NONE',  ( 0.000000000000000000, 0.000000000000000000, 1.000000000000000000 ) ) ;
#67 = DIRECTION ( 'NONE',  ( 0.000000000000000000, -0.000000000000000000, -1.000000000000000000 ) ) ;
#68 = DIRECTION ( 'NONE',  ( -0.000000000000000000, 1.000000000000000000, -0.000000000000000000 ) ) ;
#69 = VECTOR ( 'NONE', #2751, 1000.000000000000000 ) ;
#70 = AXIS2_PLACEMENT_3D ( 'NONE', #1302, #412, #2718 ) ;
#71 = FACE_OUTER_BOUND ( 'NONE', #989, .T. ) ;
#72 = CIRCLE ( 'NONE', #1987, 1.000000000000000000 ) ;
#73 = DIRECTION ( 'NONE',  ( 0.000000000000000000, -1.000000000000000000, 0.000000000000000000 ) ) ;
#74 = EDGE_CURVE ( 'NONE', #151, #1635, #922, .T. ) ;
#75 = CARTESIAN_POINT ( 'NONE',  ( -71.00000000000001421, -60.00000000000000711, 5.999999999999992895 ) ) ;
#76 = ORIENTED_EDGE ( 'NONE', *, *, #2673, .F. ) ;
#77 = ORIENTED_EDGE ( 'NONE', *, *, #1725, .F. ) ;
#78 = DIRECTION ( 'NONE',  ( -0.000000000000000000, -0.000000000000000000, -1.000000000000000000 ) ) ;
#79 = ORIENTED_EDGE ( 'NONE', *, *, #2024, .F. ) ;
#80 = DIRECTION ( 'NONE',  ( -1.000000000000000000, 0.000000000000000000, 0.000000000000000000 ) ) ;
#81 = CARTESIAN_POINT ( 'NONE',  ( -71.00000000000001421, -60.00000000000000711, 4.999999999999993783 ) ) ;
#82 = CARTESIAN_POINT ( 'NONE',  ( -0.000000000000000000, -50.00000000000000000, 2.000000000000000000 ) ) ;
#83 = ADVANCED_FACE ( 'NONE', ( #1509 ), #822, .T. ) ;
#84 = CARTESIAN_POINT ( 'NONE',  ( 4.000000000000000000, 59.00000000000000711, 4.999999999999999112 ) ) ;
#85 = DIRECTION ( 'NONE',  ( -0.000000000000000000, 0.000000000000000000, 1.000000000000000000 ) ) ;
#86 = CARTESIAN_POINT ( 'NONE',  ( 70.00000000000000000, -58.00000000000000000, 4.000000000000007994 ) ) ;
#87 = EDGE_LOOP ( 'NONE', ( #1873, #950, #230, #190 ) ) ;
#88 = DIRECTION ( 'NONE',  ( 0.000000000000000000, 0.000000000000000000, 1.000000000000000000 ) ) ;
#89 = CARTESIAN_POINT ( 'NONE',  ( 40.80000000000000426, -54.00000000000000000, 19.00000000000000355 ) ) ;
#90 = ORIENTED_EDGE ( 'NONE', *, *, #1738, .F. ) ;
#91 = CIRCLE ( 'NONE', #1184, 1.000000000000000000 ) ;
#92 = CIRCLE ( 'NONE', #998, 1.000000000000000000 ) ;
#93 = DIRECTION ( 'NONE',  ( -1.000000000000000000, -0.000000000000000000, -0.000000000000000000 ) ) ;
#94 = PLANE ( 'NONE',  #1230 ) ;
#95 = AXIS2_PLACEMENT_3D ( 'NONE', #249, #1153, #2083 ) ;
#96 = DIRECTION ( 'NONE',  ( -6.938893903907221278E-15, -1.000000000000000000, -0.000000000000000000 ) ) ;
#97 = FACE_OUTER_BOUND ( 'NONE', #2965, .T. ) ;
#98 = CARTESIAN_POINT ( 'NONE',  ( 40.80000000000000426, -52.00000000000000711, 19.00000000000000355 ) ) ;
#99 = VECTOR ( 'NONE', #2587, 1000.000000000000000 ) ;
#100 = CARTESIAN_POINT ( 'NONE',  ( 71.00000000000001421, -59.00000000000000711, 4.999999999999992895 ) ) ;
#101 = VERTEX_POINT ( 'NONE', #1053 ) ;
#102 = AXIS2_PLACEMENT_3D ( 'NONE', #1762, #2186, #1776 ) ;
#103 = ORIENTED_EDGE ( 'NONE', *, *, #2119, .T. ) ;
#104 = DIRECTION ( 'NONE',  ( 1.000000000000000000, 0.000000000000000000, 0.000000000000000000 ) ) ;
#105 = LINE ( 'NONE', #1292, #730 ) ;
#106 = VERTEX_POINT ( 'NONE', #2651 ) ;
#107 = CARTESIAN_POINT ( 'NONE',  ( 71.00000000000001421, -60.00000000000000711, 4.999999999999992895 ) ) ;
#108 = DIRECTION ( 'NONE',  ( 0.000000000000000000, 0.000000000000000000, 1.000000000000000000 ) ) ;
#109 = ADVANCED_FACE ( 'NONE', ( #2664 ), #2440, .F. ) ;
#110 = FACE_OUTER_BOUND ( 'NONE', #646, .T. ) ;
#111 = CARTESIAN_POINT ( 'NONE',  ( -70.00000000000000000, -60.00000000000000711, 4.000000000000000000 ) ) ;
#112 = DIRECTION ( 'NONE',  ( 0.000000000000000000, 0.000000000000000000, -1.000000000000000000 ) ) ;
#113 = ADVANCED_FACE ( 'NONE', ( #1521 ), #1478, .T. ) ;
#114 = AXIS2_PLACEMENT_3D ( 'NONE', #261, #1532, #2230 ) ;
#115 = VECTOR ( 'NONE', #988, 1000.000000000000000 ) ;
#116 = FACE_OUTER_BOUND ( 'NONE', #1750, .T. ) ;
#117 = EDGE_CURVE ( 'NONE', #505, #2064, #2164, .T. ) ;
#118 = ORIENTED_EDGE ( 'NONE', *, *, #737, .T. ) ;
#119 = VECTOR ( 'NONE', #2492, 1000.000000000000000 ) ;
#120 = DIRECTION ( 'NONE',  ( 0.000000000000000000, -1.000000000000000000, 0.000000000000000000 ) ) ;
#121 = DIRECTION ( 'NONE',  ( 0.000000000000000000, 0.000000000000000000, 1.000000000000000000 ) ) ;
#122 = ORIENTED_EDGE ( 'NONE', *, *, #709, .T. ) ;
#123 = FILL_AREA_STYLE_COLOUR ( '', #2830 ) ;
#124 = LINE ( 'NONE', #1513, #1121 ) ;
#125 = FACE_OUTER_BOUND ( 'NONE', #2343, .T. ) ;
#126 = DIRECTION ( 'NONE',  ( -0.000000000000000000, 0.000000000000000000, -1.000000000000000000 ) ) ;
#127 = EDGE_CURVE ( 'NONE', #493, #662, #2199, .T. ) ;
#128 = DIRECTION ( 'NONE',  ( 0.000000000000000000, 0.000000000000000000, -1.000000000000000000 ) ) ;
#129 = EDGE_CURVE ( 'NONE', #237, #466, #2108, .T. ) ;
#130 = CARTESIAN_POINT ( 'NONE',  ( 0.000000000000000000, -50.00000000000000000, 19.00000000000000355 ) ) ;
#131 = EDGE_LOOP ( 'NONE', ( #1813, #1476, #2868, #867 ) ) ;
#132 = CYLINDRICAL_SURFACE ( 'NONE', #2542, 0.7999999999999951594 ) ;
#133 = ADVANCED_FACE ( 'NONE', ( #2190 ), #132, .T. ) ;
#134 = DIRECTION ( 'NONE',  ( -0.000000000000000000, -0.000000000000000000, -1.000000000000000000 ) ) ;
#135 = ORIENTED_EDGE ( 'NONE', *, *, #2581, .T. ) ;
#136 = VERTEX_POINT ( 'NONE', #327 ) ;
#137 = DIRECTION ( 'NONE',  ( -1.000000000000000000, 0.000000000000000000, 0.000000000000000000 ) ) ;
#138 = FACE_OUTER_BOUND ( 'NONE', #1003, .T. ) ;
#139 = VECTOR ( 'NONE', #2375, 1000.000000000000000 ) ;
#140 = CARTESIAN_POINT ( 'NONE',  ( -80.00000000000000000, -58.00000000000000000, 4.000000000000000000 ) ) ;
#141 = DIRECTION ( 'NONE',  ( 1.000000000000000000, 0.000000000000000000, 0.000000000000000000 ) ) ;
#142 = ADVANCED_FACE ( 'NONE', ( #1492 ), #2897, .T. ) ;
#143 = VECTOR ( 'NONE', #1694, 1000.000000000000000 ) ;
#144 = AXIS2_PLACEMENT_3D ( 'NONE', #414, #221, #2469 ) ;
#145 = CARTESIAN_POINT ( 'NONE',  ( 71.00000000000001421, -58.00000000000000000, 4.000000000000000000 ) ) ;
#146 = EDGE_CURVE ( 'NONE', #2275, #267, #1752, .T. ) ;
#147 = CARTESIAN_POINT ( 'NONE',  ( 20.00000000000000000, 58.00000000000000000, 19.00000000000000355 ) ) ;
#148 = ORIENTED_EDGE ( 'NONE', *, *, #570, .F. ) ;
#149 = CIRCLE ( 'NONE', #1440, 1.000000000000000888 ) ;
#150 = CYLINDRICAL_SURFACE ( 'NONE', #2036, 2.000000000000001776 ) ;
#151 = VERTEX_POINT ( 'NONE', #2206 ) ;
#152 = LINE ( 'NONE', #392, #2925 ) ;
#153 = CYLINDRICAL_SURFACE ( 'NONE', #2434, 1.000000000000000000 ) ;
#154 = DIRECTION ( 'NONE',  ( 0.000000000000000000, 0.000000000000000000, -1.000000000000000000 ) ) ;
#155 = DIRECTION ( 'NONE',  ( 0.000000000000000000, 0.000000000000000000, -1.000000000000000000 ) ) ;
#156 = DIRECTION ( 'NONE',  ( 1.000000000000000000, 0.000000000000000000, -0.000000000000000000 ) ) ;
#157 = DIRECTION ( 'NONE',  ( -1.000000000000000000, 2.081668171172166620E-14, 0.000000000000000000 ) ) ;
#158 = ORIENTED_EDGE ( 'NONE', *, *, #1391, .F. ) ;
#159 = EDGE_LOOP ( 'NONE', ( #2372, #1657, #1249, #1954 ) ) ;
#160 = EDGE_CURVE ( 'NONE', #1371, #237, #614, .T. ) ;
#161 = DIRECTION ( 'NONE',  ( -0.000000000000000000, -0.000000000000000000, -1.000000000000000000 ) ) ;
#162 = EDGE_CURVE ( 'NONE', #1132, #851, #1669, .T. ) ;
#163 = VECTOR ( 'NONE', #2696, 1000.000000000000000 ) ;
#164 = CARTESIAN_POINT ( 'NONE',  ( 67.20000000000000284, -53.19999999999999574, 19.00000000000000355 ) ) ;
#165 = AXIS2_PLACEMENT_3D ( 'NONE', #818, #2867, #1289 ) ;
#166 = ORIENTED_EDGE ( 'NONE', *, *, #1821, .T. ) ;
#167 = AXIS2_PLACEMENT_3D ( 'NONE', #2540, #2052, #1559 ) ;
#168 = CARTESIAN_POINT ( 'NONE',  ( 79.00000000000000000, -60.00000000000000711, 4.000000000000000000 ) ) ;
#169 = CARTESIAN_POINT ( 'NONE',  ( 0.000000000000000000, 0.000000000000000000, 19.00000000000000355 ) ) ;
#170 = AXIS2_PLACEMENT_3D ( 'NONE', #365, #1968, #1982 ) ;
#171 = EDGE_CURVE ( 'NONE', #2594, #151, #1690, .T. ) ;
#172 = DIRECTION ( 'NONE',  ( 0.000000000000000000, 0.000000000000000000, -1.000000000000000000 ) ) ;
#173 = FACE_OUTER_BOUND ( 'NONE', #43, .T. ) ;
#174 = ORIENTED_EDGE ( 'NONE', *, *, #1495, .F. ) ;
#175 = CARTESIAN_POINT ( 'NONE',  ( -83.99999999999997158, -55.00000000000000000, 3.000000000000002665 ) ) ;
#176 = DIRECTION ( 'NONE',  ( -0.000000000000000000, 0.000000000000000000, 1.000000000000000000 ) ) ;
#177 = VERTEX_POINT ( 'NONE', #554 ) ;
#178 = ORIENTED_EDGE ( 'NONE', *, *, #2129, .F. ) ;
#179 = LINE ( 'NONE', #1724, #1288 ) ;
#180 = LINE ( 'NONE', #2922, #2319 ) ;
#181 = EDGE_CURVE ( 'NONE', #281, #1259, #2147, .T. ) ;
#182 = CARTESIAN_POINT ( 'NONE',  ( 67.19999999999998863, -55.00000000000000000, 2.000000000000000000 ) ) ;
#183 = AXIS2_PLACEMENT_3D ( 'NONE', #387, #361, #1718 ) ;
#184 = AXIS2_PLACEMENT_3D ( 'NONE', #2328, #1806, #80 ) ;
#185 = CARTESIAN_POINT ( 'NONE',  ( -20.00000000000000000, 58.00000000000000000, 19.00000000000000355 ) ) ;
#186 = ORIENTED_EDGE ( 'NONE', *, *, #2959, .T. ) ;
#187 = DIRECTION ( 'NONE',  ( 1.000000000000000000, 0.000000000000000000, 0.000000000000000000 ) ) ;
#188 = PRODUCT_DEFINITION ( 'UNKNOWN', '', #2161, #1755 ) ;
#189 = CARTESIAN_POINT ( 'NONE',  ( -71.00000000000001421, -60.00000000000000711, 4.000000000000000000 ) ) ;
#190 = ORIENTED_EDGE ( 'NONE', *, *, #2333, .F. ) ;
#191 = DIRECTION ( 'NONE',  ( 0.000000000000000000, 0.000000000000000000, 1.000000000000000000 ) ) ;
#192 = ORIENTED_EDGE ( 'NONE', *, *, #205, .T. ) ;
#193 = AXIS2_PLACEMENT_3D ( 'NONE', #1395, #2033, #471 ) ;
#194 = CARTESIAN_POINT ( 'NONE',  ( 40.80000000000000426, -54.00000000000000000, 19.00000000000000355 ) ) ;
#195 = LINE ( 'NONE', #2508, #1746 ) ;
#196 = AXIS2_PLACEMENT_3D ( 'NONE', #536, #1947, #2647 ) ;
#197 = ORIENTED_EDGE ( 'NONE', *, *, #1725, .T. ) ;
#198 = EDGE_CURVE ( 'NONE', #1519, #2166, #2626, .T. ) ;
#199 = EDGE_CURVE ( 'NONE', #2084, #2827, #2449, .T. ) ;
#200 = DIRECTION ( 'NONE',  ( 1.000000000000000000, 0.000000000000000000, 0.000000000000000000 ) ) ;
#201 = CARTESIAN_POINT ( 'NONE',  ( -79.00000000000000000, -60.00000000000000711, 3.000000000000000000 ) ) ;
#202 = ORIENTED_EDGE ( 'NONE', *, *, #198, .F. ) ;
#203 = VECTOR ( 'NONE', #51, 1000.000000000000000 ) ;
#204 = DIRECTION ( 'NONE',  ( 0.000000000000000000, 0.000000000000000000, 1.000000000000000000 ) ) ;
#205 = EDGE_CURVE ( 'NONE', #2166, #884, #1466, .T. ) ;
#206 = DIRECTION ( 'NONE',  ( -0.000000000000000000, 1.000000000000000000, -0.000000000000000000 ) ) ;
#207 = ORIENTED_EDGE ( 'NONE', *, *, #1444, .F. ) ;
#208 = ORIENTED_EDGE ( 'NONE', *, *, #2962, .T. ) ;
#209 = VECTOR ( 'NONE', #661, 1000.000000000000000 ) ;
#210 = AXIS2_PLACEMENT_3D ( 'NONE', #2605, #800, #2397 ) ;
#211 = LINE ( 'NONE', #194, #2180 ) ;
#212 = ORIENTED_EDGE ( 'NONE', *, *, #1978, .T. ) ;
#213 = AXIS2_PLACEMENT_3D ( 'NONE', #2145, #2791, #2823 ) ;
#214 = AXIS2_PLACEMENT_3D ( 'NONE', #169, #869, #1078 ) ;
#215 = DIRECTION ( 'NONE',  ( -0.000000000000000000, 1.000000000000000000, -0.000000000000000000 ) ) ;
#216 = DIRECTION ( 'NONE',  ( 0.000000000000000000, 0.000000000000000000, -1.000000000000000000 ) ) ;
#217 = ORIENTED_EDGE ( 'NONE', *, *, #2652, .F. ) ;
#218 = EDGE_CURVE ( 'NONE', #899, #151, #1137, .T. ) ;
#219 = ORIENTED_EDGE ( 'NONE', *, *, #2333, .T. ) ;
#220 = EDGE_CURVE ( 'NONE', #2961, #1203, #2914, .T. ) ;
#221 = DIRECTION ( 'NONE',  ( 0.000000000000000000, 0.000000000000000000, 1.000000000000000000 ) ) ;
#222 = FACE_OUTER_BOUND ( 'NONE', #2746, .T. ) ;
#223 = ORIENTED_EDGE ( 'NONE', *, *, #2200, .F. ) ;
#224 = ORIENTED_EDGE ( 'NONE', *, *, #1975, .F. ) ;
#225 = ORIENTED_EDGE ( 'NONE', *, *, #2185, .T. ) ;
#226 = CARTESIAN_POINT ( 'NONE',  ( -79.00000000000000000, -59.00000000000000711, 2.999999999999992895 ) ) ;
#227 = ORIENTED_EDGE ( 'NONE', *, *, #1929, .T. ) ;
#228 = DIRECTION ( 'NONE',  ( 0.000000000000000000, 0.000000000000000000, 1.000000000000000000 ) ) ;
#229 = CARTESIAN_POINT ( 'NONE',  ( 67.19999999999998863, -51.00000000000000711, 3.000000000000002665 ) ) ;
#230 = ORIENTED_EDGE ( 'NONE', *, *, #311, .F. ) ;
#231 = TOROIDAL_SURFACE ( 'NONE', #2546, 1.800000000000005596, 1.000000000000000000 ) ;
#232 = AXIS2_PLACEMENT_3D ( 'NONE', #2761, #73, #742 ) ;
#233 = CARTESIAN_POINT ( 'NONE',  ( -69.00000000000000000, 0.000000000000000000, 19.00000000000000355 ) ) ;
#234 = EDGE_CURVE ( 'NONE', #1340, #2259, #1430, .T. ) ;
#235 = ADVANCED_FACE ( 'NONE', ( #1099 ), #2529, .T. ) ;
#236 = CARTESIAN_POINT ( 'NONE',  ( 0.000000000000000000, -55.00000000000000000, 2.999999999999999112 ) ) ;
#237 = VERTEX_POINT ( 'NONE', #2041 ) ;
#238 = EDGE_LOOP ( 'NONE', ( #745, #1533, #2711, #224, #1805, #725 ) ) ;
#239 = ORIENTED_EDGE ( 'NONE', *, *, #1258, .T. ) ;
#240 = CARTESIAN_POINT ( 'NONE',  ( 84.99999999999998579, 0.000000000000000000, 2.999999999999999112 ) ) ;
#241 = ORIENTED_EDGE ( 'NONE', *, *, #2852, .T. ) ;
#242 = EDGE_CURVE ( 'NONE', #2504, #628, #2244, .T. ) ;
#243 = CYLINDRICAL_SURFACE ( 'NONE', #1475, 1.000000000000000000 ) ;
#244 = AXIS2_PLACEMENT_3D ( 'NONE', #2364, #96, #2330 ) ;
#245 = CARTESIAN_POINT ( 'NONE',  ( 86.00000000000000000, -56.00000000000000000, 19.00000000000000355 ) ) ;
#246 = EDGE_CURVE ( 'NONE', #542, #2442, #1319, .T. ) ;
#247 = VECTOR ( 'NONE', #2660, 1000.000000000000000 ) ;
#248 = VERTEX_POINT ( 'NONE', #1829 ) ;
#249 = CARTESIAN_POINT ( 'NONE',  ( 86.00000000000000000, 0.000000000000000000, 19.00000000000000355 ) ) ;
#250 = LINE ( 'NONE', #2085, #734 ) ;
#251 = ORIENTED_EDGE ( 'NONE', *, *, #1298, .T. ) ;
#252 = EDGE_LOOP ( 'NONE', ( #1949, #2045, #2012, #1119 ) ) ;
#253 = VERTEX_POINT ( 'NONE', #2706 ) ;
#254 = CARTESIAN_POINT ( 'NONE',  ( 5.000000000000000000, 60.00000000000000711, 4.000000000000000000 ) ) ;
#255 = ORIENTED_EDGE ( 'NONE', *, *, #1500, .F. ) ;
#256 = FACE_OUTER_BOUND ( 'NONE', #1676, .T. ) ;
#257 = CARTESIAN_POINT ( 'NONE',  ( 38.99999999999999289, -52.79999999999999005, 2.000000000000000000 ) ) ;
#258 = VECTOR ( 'NONE', #1111, 1000.000000000000000 ) ;
#259 = ORIENTED_EDGE ( 'NONE', *, *, #2209, .F. ) ;
#260 = CARTESIAN_POINT ( 'NONE',  ( 70.00000000000000000, -60.00000000000000711, 4.000000000000007994 ) ) ;
#261 = CARTESIAN_POINT ( 'NONE',  ( -80.00000000000000000, -60.00000000000000711, 4.999999999999992895 ) ) ;
#262 = AXIS2_PLACEMENT_3D ( 'NONE', #2029, #2552, #228 ) ;
#263 = ADVANCED_FACE ( 'NONE', ( #1291 ), #1069, .T. ) ;
#264 = DIRECTION ( 'NONE',  ( -0.000000000000000000, -0.000000000000000000, -1.000000000000000000 ) ) ;
#265 = PLANE ( 'NONE',  #2955 ) ;
#266 = ORIENTED_EDGE ( 'NONE', *, *, #1870, .T. ) ;
#267 = VERTEX_POINT ( 'NONE', #2273 ) ;
#268 = ORIENTED_EDGE ( 'NONE', *, *, #2814, .F. ) ;
#269 = LINE ( 'NONE', #2597, #643 ) ;
#270 = VERTEX_POINT ( 'NONE', #2963 ) ;
#271 = LINE ( 'NONE', #2076, #1228 ) ;
#272 = LINE ( 'NONE', #485, #829 ) ;
#273 = EDGE_CURVE ( 'NONE', #1963, #2087, #2944, .T. ) ;
#274 = CARTESIAN_POINT ( 'NONE',  ( -79.00000000000000000, -59.00000000000000711, 4.999999999999979572 ) ) ;
#275 = ADVANCED_FACE ( 'NONE', ( #2734 ), #2006, .T. ) ;
#276 = DIRECTION ( 'NONE',  ( 1.000000000000000000, 0.000000000000000000, 0.000000000000000000 ) ) ;
#277 = DIRECTION ( 'NONE',  ( 1.000000000000000000, 0.000000000000000000, -0.000000000000000000 ) ) ;
#278 = DIRECTION ( 'NONE',  ( 0.000000000000000000, 0.000000000000000000, 1.000000000000000000 ) ) ;
#279 = ORIENTED_EDGE ( 'NONE', *, *, #1835, .T. ) ;
#280 = VECTOR ( 'NONE', #1085, 1000.000000000000000 ) ;
#281 = VERTEX_POINT ( 'NONE', #1333 ) ;
#282 = LINE ( 'NONE', #715, #115 ) ;
#283 = ORIENTED_EDGE ( 'NONE', *, *, #1170, .T. ) ;
#284 = ORIENTED_EDGE ( 'NONE', *, *, #1988, .T. ) ;
#285 = DIRECTION ( 'NONE',  ( -1.000000000000000000, 0.000000000000000000, 0.000000000000000000 ) ) ;
#286 = CARTESIAN_POINT ( 'NONE',  ( 86.00000000000000000, 56.00000000000000000, 2.000000000000000000 ) ) ;
#287 = FACE_OUTER_BOUND ( 'NONE', #1014, .T. ) ;
#288 = PLANE ( 'NONE',  #875 ) ;
#289 = ADVANCED_FACE ( 'NONE', ( #861 ), #892, .F. ) ;
#290 = EDGE_CURVE ( 'NONE', #1834, #2594, #91, .T. ) ;
#291 = AXIS2_PLACEMENT_3D ( 'NONE', #977, #560, #305 ) ;
#292 = DIRECTION ( 'NONE',  ( -0.000000000000000000, -0.000000000000000000, -1.000000000000000000 ) ) ;
#293 = CARTESIAN_POINT ( 'NONE',  ( 67.20000000000000284, -53.19999999999999574, 2.999999999999999112 ) ) ;
#294 = ORIENTED_EDGE ( 'NONE', *, *, #2409, .F. ) ;
#295 = LINE ( 'NONE', #1675, #835 ) ;
#296 = EDGE_LOOP ( 'NONE', ( #419, #2693, #2562, #1809 ) ) ;
#297 = ORIENTED_EDGE ( 'NONE', *, *, #2703, .T. ) ;
#298 = EDGE_CURVE ( 'NONE', #398, #1635, #2290, .T. ) ;
#299 = FACE_OUTER_BOUND ( 'NONE', #2272, .T. ) ;
#300 = VERTEX_POINT ( 'NONE', #1810 ) ;
#301 = AXIS2_PLACEMENT_3D ( 'NONE', #1865, #2785, #2459 ) ;
#302 = VERTEX_POINT ( 'NONE', #1350 ) ;
#303 = DIRECTION ( 'NONE',  ( 0.000000000000000000, 0.000000000000000000, 1.000000000000000000 ) ) ;
#304 = LINE ( 'NONE', #2553, #2519 ) ;
#305 = DIRECTION ( 'NONE',  ( 0.000000000000000000, 0.000000000000000000, 1.000000000000000000 ) ) ;
#306 = DIRECTION ( 'NONE',  ( -0.000000000000000000, 0.000000000000000000, -1.000000000000000000 ) ) ;
#307 = ADVANCED_FACE ( 'NONE', ( #1128 ), #905, .T. ) ;
#308 = VECTOR ( 'NONE', #2457, 1000.000000000000000 ) ;
#309 = VECTOR ( 'NONE', #1763, 1000.000000000000000 ) ;
#310 = DIRECTION ( 'NONE',  ( 1.000000000000000000, 0.000000000000000000, 0.000000000000000000 ) ) ;
#311 = EDGE_CURVE ( 'NONE', #1373, #613, #2694, .T. ) ;
#312 = VECTOR ( 'NONE', #567, 1000.000000000000000 ) ;
#313 = CARTESIAN_POINT ( 'NONE',  ( -79.00000000000000000, -60.00000000000000711, 5.000000000000104805 ) ) ;
#314 = CARTESIAN_POINT ( 'NONE',  ( -86.00000000000000000, 0.000000000000000000, 19.00000000000000355 ) ) ;
#315 = ORIENTED_EDGE ( 'NONE', *, *, #747, .F. ) ;
#316 = EDGE_CURVE ( 'NONE', #602, #1322, #1766, .T. ) ;
#317 = LINE ( 'NONE', #1217, #1814 ) ;
#318 = CARTESIAN_POINT ( 'NONE',  ( -4.000000000000000000, 60.00000000000000711, 4.000000000000000000 ) ) ;
#319 = ORIENTED_EDGE ( 'NONE', *, *, #1607, .F. ) ;
#320 = FACE_OUTER_BOUND ( 'NONE', #469, .T. ) ;
#321 = CARTESIAN_POINT ( 'NONE',  ( -71.00000000000001421, -59.00000000000000711, 5.999999999999992895 ) ) ;
#322 = CARTESIAN_POINT ( 'NONE',  ( 71.00000000000001421, -60.00000000000000711, 4.999999999999992895 ) ) ;
#323 = CARTESIAN_POINT ( 'NONE',  ( -86.00000000000000000, 56.00000000000000000, 2.000000000000000000 ) ) ;
#324 = DIRECTION ( 'NONE',  ( -0.000000000000000000, -0.000000000000000000, -1.000000000000000000 ) ) ;
#325 = CARTESIAN_POINT ( 'NONE',  ( -79.00000000000001421, -60.00000000000000711, 4.999999999999992895 ) ) ;
#326 = ORIENTED_EDGE ( 'NONE', *, *, #494, .T. ) ;
#327 = CARTESIAN_POINT ( 'NONE',  ( 68.00000000000000000, -52.80000000000001137, 19.00000000000000355 ) ) ;
#328 = ADVANCED_FACE ( 'NONE', ( #2808 ), #2114, .F. ) ;
#329 = DIRECTION ( 'NONE',  ( 0.000000000000000000, 0.000000000000000000, 1.000000000000000000 ) ) ;
#330 = ORIENTED_EDGE ( 'NONE', *, *, #117, .F. ) ;
#331 = CIRCLE ( 'NONE', #1328, 1.000000000000000000 ) ;
#332 = LINE ( 'NONE', #529, #425 ) ;
#333 = CARTESIAN_POINT ( 'NONE',  ( 20.00000000000000355, 58.00000000000000000, 2.000000000000000000 ) ) ;
#334 = EDGE_CURVE ( 'NONE', #398, #731, #1415, .T. ) ;
#335 = CARTESIAN_POINT ( 'NONE',  ( -71.00000000000001421, -60.00000000000000711, 4.999999999999993783 ) ) ;
#336 = CARTESIAN_POINT ( 'NONE',  ( -88.00000000000000000, 55.99999999999998579, 2.000000000000000000 ) ) ;
#337 = EDGE_CURVE ( 'NONE', #2697, #2188, #2353, .T. ) ;
#338 = CARTESIAN_POINT ( 'NONE',  ( 80.00000000000000000, -59.00000000000000711, 4.000000000000007994 ) ) ;
#339 = PRESENTATION_LAYER_ASSIGNMENT (  '', '', ( #2460 ) ) ;
#340 = DIRECTION ( 'NONE',  ( 1.000000000000000000, -0.000000000000000000, 0.000000000000000000 ) ) ;
#341 = ORIENTED_EDGE ( 'NONE', *, *, #2035, .F. ) ;
#342 = CIRCLE ( 'NONE', #2412, 1.799999999999996048 ) ;
#343 = DIRECTION ( 'NONE',  ( -0.000000000000000000, -0.000000000000000000, -1.000000000000000000 ) ) ;
#344 = DIRECTION ( 'NONE',  ( -1.000000000000000000, -0.000000000000000000, -0.000000000000000000 ) ) ;
#345 = ORIENTED_EDGE ( 'NONE', *, *, #1403, .F. ) ;
#346 = ADVANCED_FACE ( 'NONE', ( #1186 ), #521, .F. ) ;
#347 = DIRECTION ( 'NONE',  ( -1.000000000000000000, 0.000000000000000000, -0.000000000000000000 ) ) ;
#348 = LINE ( 'NONE', #2873, #1108 ) ;
#349 = ORIENTED_EDGE ( 'NONE', *, *, #1034, .T. ) ;
#350 = DIRECTION ( 'NONE',  ( -0.000000000000000000, -0.000000000000000000, -1.000000000000000000 ) ) ;
#351 = DIRECTION ( 'NONE',  ( 0.000000000000000000, 0.000000000000000000, 1.000000000000000000 ) ) ;
#352 = DIRECTION ( 'NONE',  ( 0.000000000000000000, 0.000000000000000000, 1.000000000000000000 ) ) ;
#353 = EDGE_CURVE ( 'NONE', #1040, #1647, #57, .T. ) ;
#354 = CIRCLE ( 'NONE', #2421, 1.000000000000007327 ) ;
#355 = AXIS2_PLACEMENT_3D ( 'NONE', #2321, #2132, #983 ) ;
#356 = AXIS2_PLACEMENT_3D ( 'NONE', #2721, #2593, #58 ) ;
#357 = DIRECTION ( 'NONE',  ( -1.000000000000000000, 0.000000000000000000, 0.000000000000000000 ) ) ;
#358 = ORIENTED_EDGE ( 'NONE', *, *, #298, .F. ) ;
#359 = ORIENTED_EDGE ( 'NONE', *, *, #2379, .T. ) ;
#360 = AXIS2_PLACEMENT_3D ( 'NONE', #1542, #1554, #590 ) ;
#361 = DIRECTION ( 'NONE',  ( 1.000000000000000000, 0.000000000000000000, -0.000000000000000000 ) ) ;
#362 = EDGE_CURVE ( 'NONE', #300, #2389, #1654, .T. ) ;
#363 = CARTESIAN_POINT ( 'NONE',  ( -85.99999999999998579, 58.00000000000000000, 2.000000000000000000 ) ) ;
#364 = ORIENTED_EDGE ( 'NONE', *, *, #146, .F. ) ;
#365 = CARTESIAN_POINT ( 'NONE',  ( -71.00000000000001421, -58.00000000000000000, 4.999999999999993783 ) ) ;
#366 =( LENGTH_UNIT ( ) NAMED_UNIT ( * ) SI_UNIT ( .MILLI., .METRE. ) );
#367 = CARTESIAN_POINT ( 'NONE',  ( 20.00000000000000000, 55.00000000000000000, 2.999999999999999112 ) ) ;
#368 = DIRECTION ( 'NONE',  ( 0.000000000000000000, 0.000000000000000000, 1.000000000000000000 ) ) ;
#369 = ORIENTED_EDGE ( 'NONE', *, *, #1505, .T. ) ;
#370 = CYLINDRICAL_SURFACE ( 'NONE', #688, 0.9999999999999940048 ) ;
#371 = EDGE_LOOP ( 'NONE', ( #1802, #319, #2604, #2231 ) ) ;
#372 = DIRECTION ( 'NONE',  ( 0.000000000000000000, -0.000000000000000000, -1.000000000000000000 ) ) ;
#373 = CARTESIAN_POINT ( 'NONE',  ( -84.99999999999998579, -53.99999999999998579, 2.000000000000000000 ) ) ;
#374 = ORIENTED_EDGE ( 'NONE', *, *, #2467, .F. ) ;
#375 = CARTESIAN_POINT ( 'NONE',  ( 40.80000000000000426, -53.19999999999999574, 2.999999999999999112 ) ) ;
#376 = CARTESIAN_POINT ( 'NONE',  ( 83.99999999999997158, -56.00000000000000000, 3.000000000000002665 ) ) ;
#377 = VECTOR ( 'NONE', #2177, 1000.000000000000000 ) ;
#378 = DIRECTION ( 'NONE',  ( 0.000000000000000000, 0.000000000000000000, 1.000000000000000000 ) ) ;
#379 = CARTESIAN_POINT ( 'NONE',  ( 0.000000000000000000, 0.000000000000000000, 2.000000000000000000 ) ) ;
#380 = TOROIDAL_SURFACE ( 'NONE', #184, 1.799999999999998712, 1.000000000000000000 ) ;
#381 = AXIS2_PLACEMENT_3D ( 'NONE', #1534, #931, #1601 ) ;
#382 = LINE ( 'NONE', #1555, #388 ) ;
#383 = EDGE_CURVE ( 'NONE', #2096, #461, #2058, .T. ) ;
#384 = EDGE_CURVE ( 'NONE', #253, #1433, #1887, .T. ) ;
#385 = LINE ( 'NONE', #2216, #402 ) ;
#386 = ORIENTED_EDGE ( 'NONE', *, *, #985, .T. ) ;
#387 = CARTESIAN_POINT ( 'NONE',  ( 79.00000000000000000, -59.00000000000000711, 4.999999999999992895 ) ) ;
#388 = VECTOR ( 'NONE', #423, 1000.000000000000000 ) ;
#389 = DIRECTION ( 'NONE',  ( -1.000000000000000000, 0.000000000000000000, 0.000000000000000000 ) ) ;
#390 = ORIENTED_EDGE ( 'NONE', *, *, #1268, .F. ) ;
#391 = EDGE_CURVE ( 'NONE', #1336, #1365, #526, .T. ) ;
#392 = CARTESIAN_POINT ( 'NONE',  ( 70.00000000000000000, -60.00000000000000711, 4.999999999999985789 ) ) ;
#393 = PLANE ( 'NONE',  #1885 ) ;
#394 = CARTESIAN_POINT ( 'NONE',  ( 80.00000000000000000, -59.00000000000000711, 4.999999999999985789 ) ) ;
#395 = DIRECTION ( 'NONE',  ( 1.000000000000000000, 0.000000000000000000, 0.000000000000000000 ) ) ;
#396 = CARTESIAN_POINT ( 'NONE',  ( 4.000000000000000000, 59.00000000000000711, 4.000000000000000000 ) ) ;
#397 = SPHERICAL_SURFACE ( 'NONE', #1301, 1.000000000000000000 ) ;
#398 = VERTEX_POINT ( 'NONE', #711 ) ;
#399 = CARTESIAN_POINT ( 'NONE',  ( 4.000000000000000000, 58.00000000000000000, 5.000000000000000000 ) ) ;
#400 = VECTOR ( 'NONE', #2165, 1000.000000000000000 ) ;
#401 = FACE_OUTER_BOUND ( 'NONE', #2550, .T. ) ;
#402 = VECTOR ( 'NONE', #1067, 1000.000000000000000 ) ;
#403 = ORIENTED_EDGE ( 'NONE', *, *, #2686, .F. ) ;
#404 = LINE ( 'NONE', #1281, #1042 ) ;
#405 = VERTEX_POINT ( 'NONE', #2539 ) ;
#406 = ORIENTED_EDGE ( 'NONE', *, *, #1854, .T. ) ;
#407 = SURFACE_STYLE_FILL_AREA ( #621 ) ;
#408 = FACE_OUTER_BOUND ( 'NONE', #1736, .T. ) ;
#409 = CARTESIAN_POINT ( 'NONE',  ( -4.000000000000000000, 60.00000000000000711, 5.000000000000000000 ) ) ;
#410 = ORIENTED_EDGE ( 'NONE', *, *, #1298, .F. ) ;
#411 = EDGE_CURVE ( 'NONE', #1371, #1963, #2130, .T. ) ;
#412 = DIRECTION ( 'NONE',  ( -1.000000000000000000, -0.000000000000000000, -0.000000000000000000 ) ) ;
#413 = EDGE_LOOP ( 'NONE', ( #63, #2260, #2092, #1754, #1163, #2179, #2528, #1386 ) ) ;
#414 = CARTESIAN_POINT ( 'NONE',  ( 4.000000000000000000, 59.00000000000000711, 4.000000000000000000 ) ) ;
#415 = LINE ( 'NONE', #894, #2376 ) ;
#416 = ORIENTED_EDGE ( 'NONE', *, *, #2970, .F. ) ;
#417 = EDGE_CURVE ( 'NONE', #1618, #1259, #2401, .T. ) ;
#418 = CARTESIAN_POINT ( 'NONE',  ( 71.00000000000001421, -59.00000000000000711, 4.000000000000000000 ) ) ;
#419 = ORIENTED_EDGE ( 'NONE', *, *, #916, .F. ) ;
#420 = EDGE_CURVE ( 'NONE', #1132, #1658, #1398, .T. ) ;
#421 = LINE ( 'NONE', #3, #69 ) ;
#422 = LINE ( 'NONE', #2196, #119 ) ;
#423 = DIRECTION ( 'NONE',  ( 1.000000000000000000, 0.000000000000000000, 0.000000000000000000 ) ) ;
#424 = AXIS2_PLACEMENT_3D ( 'NONE', #2390, #2844, #1976 ) ;
#425 = VECTOR ( 'NONE', #1454, 1000.000000000000000 ) ;
#426 = EDGE_CURVE ( 'NONE', #2705, #726, #1672, .T. ) ;
#427 = DIRECTION ( 'NONE',  ( 0.000000000000000000, 0.000000000000000000, 1.000000000000000000 ) ) ;
#428 = VERTEX_POINT ( 'NONE', #759 ) ;
#429 = DIRECTION ( 'NONE',  ( 0.000000000000000000, 0.000000000000000000, -1.000000000000000000 ) ) ;
#430 = LINE ( 'NONE', #189, #2759 ) ;
#431 = VERTEX_POINT ( 'NONE', #462 ) ;
#432 = EDGE_LOOP ( 'NONE', ( #1174, #326, #1507, #2750 ) ) ;
#433 = AXIS2_PLACEMENT_3D ( 'NONE', #229, #1613, #1109 ) ;
#434 = LINE ( 'NONE', #254, #874 ) ;
#435 = ORIENTED_EDGE ( 'NONE', *, *, #830, .F. ) ;
#436 = CYLINDRICAL_SURFACE ( 'NONE', #262, 1.000000000000000000 ) ;
#437 = EDGE_CURVE ( 'NONE', #1783, #539, #1172, .T. ) ;
#438 = LINE ( 'NONE', #6, #2399 ) ;
#439 = CARTESIAN_POINT ( 'NONE',  ( 70.00000000000000000, -60.00000000000000711, 4.000000000000007994 ) ) ;
#440 = ADVANCED_FACE ( 'NONE', ( #918 ), #2286, .F. ) ;
#441 = ADVANCED_FACE ( 'NONE', ( #1382 ), #2302, .F. ) ;
#442 = VERTEX_POINT ( 'NONE', #2099 ) ;
#443 = CIRCLE ( 'NONE', #2127, 1.000000000000000000 ) ;
#444 = CARTESIAN_POINT ( 'NONE',  ( -4.000000000000000000, 59.00000000000000711, 4.000000000000000000 ) ) ;
#445 = FACE_OUTER_BOUND ( 'NONE', #2610, .T. ) ;
#446 = ORIENTED_EDGE ( 'NONE', *, *, #2972, .T. ) ;
#447 = CARTESIAN_POINT ( 'NONE',  ( 0.000000000000000000, 0.000000000000000000, 0.000000000000000000 ) ) ;
#448 = ORIENTED_EDGE ( 'NONE', *, *, #2619, .F. ) ;
#449 = AXIS2_PLACEMENT_3D ( 'NONE', #1769, #1965, #2470 ) ;
#450 = VECTOR ( 'NONE', #2370, 1000.000000000000000 ) ;
#451 = CARTESIAN_POINT ( 'NONE',  ( 69.00000000000000000, 0.000000000000000000, 2.000000000000000000 ) ) ;
#452 = ORIENTED_EDGE ( 'NONE', *, *, #242, .F. ) ;
#453 = CIRCLE ( 'NONE', #1401, 1.000000000000007772 ) ;
#454 = AXIS2_PLACEMENT_3D ( 'NONE', #1803, #885, #2727 ) ;
#455 = EDGE_LOOP ( 'NONE', ( #1590, #2752, #1216, #1323, #2654 ) ) ;
#456 = FACE_OUTER_BOUND ( 'NONE', #2541, .T. ) ;
#457 = DIRECTION ( 'NONE',  ( 0.000000000000000000, 0.000000000000000000, -1.000000000000000000 ) ) ;
#458 = ORIENTED_EDGE ( 'NONE', *, *, #1629, .F. ) ;
#459 = EDGE_CURVE ( 'NONE', #2087, #649, #1280, .T. ) ;
#460 = EDGE_CURVE ( 'NONE', #2072, #1464, #2368, .T. ) ;
#461 = VERTEX_POINT ( 'NONE', #2607 ) ;
#462 = CARTESIAN_POINT ( 'NONE',  ( -20.00000000000000000, 56.00000000000000000, 3.000000000000002665 ) ) ;
#463 = EDGE_CURVE ( 'NONE', #2071, #493, #516, .T. ) ;
#464 = CARTESIAN_POINT ( 'NONE',  ( 0.000000000000000000, 0.000000000000000000, 19.00000000000000355 ) ) ;
#465 = ORIENTED_EDGE ( 'NONE', *, *, #220, .F. ) ;
#466 = VERTEX_POINT ( 'NONE', #718 ) ;
#467 = FACE_OUTER_BOUND ( 'NONE', #674, .T. ) ;
#468 = ORIENTED_EDGE ( 'NONE', *, *, #1721, .F. ) ;
#469 = EDGE_LOOP ( 'NONE', ( #909, #2966, #1689, #1604, #2005, #999, #1127, #166 ) ) ;
#470 = LINE ( 'NONE', #2729, #1405 ) ;
#471 = DIRECTION ( 'NONE',  ( 0.000000000000000000, 0.000000000000000000, -1.000000000000000000 ) ) ;
#472 = AXIS2_PLACEMENT_3D ( 'NONE', #1849, #1893, #2596 ) ;
#473 = ORIENTED_EDGE ( 'NONE', *, *, #463, .T. ) ;
#474 = VECTOR ( 'NONE', #1393, 1000.000000000000000 ) ;
#475 = DIRECTION ( 'NONE',  ( 1.000000000000000000, 0.000000000000000000, -0.000000000000000000 ) ) ;
#476 = CARTESIAN_POINT ( 'NONE',  ( 84.99999999999998579, -53.99999999999999289, 2.000000000000000000 ) ) ;
#477 = ORIENTED_EDGE ( 'NONE', *, *, #56, .F. ) ;
#478 = ORIENTED_EDGE ( 'NONE', *, *, #2467, .T. ) ;
#479 = VERTEX_POINT ( 'NONE', #754 ) ;
#480 = CARTESIAN_POINT ( 'NONE',  ( -80.00000000000001421, -60.00000000000000711, 4.999999999999992895 ) ) ;
#481 = EDGE_LOOP ( 'NONE', ( #2947, #458, #24, #1869, #2628, #2624, #1191, #1370 ) ) ;
#482 = EDGE_CURVE ( 'NONE', #177, #1906, #1477, .T. ) ;
#483 = ORIENTED_EDGE ( 'NONE', *, *, #2584, .T. ) ;
#484 = CARTESIAN_POINT ( 'NONE',  ( 5.000000000000000000, 58.00000000000000000, 4.000000000000000000 ) ) ;
#485 = CARTESIAN_POINT ( 'NONE',  ( -85.99999999999998579, 58.00000000000000000, 2.000000000000000000 ) ) ;
#486 = CIRCLE ( 'NONE', #1195, 1.000000000000000000 ) ;
#487 = DIRECTION ( 'NONE',  ( -1.000000000000000000, 0.000000000000000000, 0.000000000000000000 ) ) ;
#488 = DIRECTION ( 'NONE',  ( 0.000000000000000000, 0.000000000000000000, -1.000000000000000000 ) ) ;
#489 = CIRCLE ( 'NONE', #1926, 1.000000000000000000 ) ;
#490 = CARTESIAN_POINT ( 'NONE',  ( 39.99999999999999289, -53.19999999999999574, 19.00000000000000355 ) ) ;
#491 = LINE ( 'NONE', #2335, #2572 ) ;
#492 = VERTEX_POINT ( 'NONE', #1881 ) ;
#493 = VERTEX_POINT ( 'NONE', #257 ) ;
#494 = EDGE_CURVE ( 'NONE', #1834, #302, #2203, .T. ) ;
#495 = CARTESIAN_POINT ( 'NONE',  ( 71.00000000000001421, -59.00000000000000711, 4.000000000000000000 ) ) ;
#496 = EDGE_LOOP ( 'NONE', ( #904, #1825, #793, #1130 ) ) ;
#497 = DIRECTION ( 'NONE',  ( 1.000000000000000000, 0.000000000000000000, 0.000000000000000000 ) ) ;
#498 = DIRECTION ( 'NONE',  ( -1.000000000000000000, 0.000000000000000000, 0.000000000000000000 ) ) ;
#499 = VECTOR ( 'NONE', #68, 1000.000000000000000 ) ;
#500 = VECTOR ( 'NONE', #1389, 1000.000000000000000 ) ;
#501 = LINE ( 'NONE', #335, #775 ) ;
#502 = ORIENTED_EDGE ( 'NONE', *, *, #1443, .T. ) ;
#503 = FACE_OUTER_BOUND ( 'NONE', #1923, .T. ) ;
#504 = AXIS2_PLACEMENT_3D ( 'NONE', #1472, #306, #518 ) ;
#505 = VERTEX_POINT ( 'NONE', #2094 ) ;
#506 = AXIS2_PLACEMENT_3D ( 'NONE', #826, #1740, #2918 ) ;
#507 = CARTESIAN_POINT ( 'NONE',  ( 79.00000000000000000, -60.00000000000000711, 3.000000000000000444 ) ) ;
#508 = CARTESIAN_POINT ( 'NONE',  ( -79.00000000000001421, -59.00000000000000711, 5.999999999999993783 ) ) ;
#509 = ORIENTED_EDGE ( 'NONE', *, *, #755, .T. ) ;
#510 = LINE ( 'NONE', #31, #1818 ) ;
#511 = LINE ( 'NONE', #1421, #2715 ) ;
#512 = ORIENTED_EDGE ( 'NONE', *, *, #383, .F. ) ;
#513 = EDGE_CURVE ( 'NONE', #136, #1384, #2547, .T. ) ;
#514 = EDGE_CURVE ( 'NONE', #602, #616, #2452, .T. ) ;
#515 = CARTESIAN_POINT ( 'NONE',  ( 40.80000000000000426, -53.19999999999999574, 19.00000000000000355 ) ) ;
#516 = LINE ( 'NONE', #955, #474 ) ;
#517 = SPHERICAL_SURFACE ( 'NONE', #2511, 1.000000000000000000 ) ;
#518 = DIRECTION ( 'NONE',  ( -1.000000000000000000, 0.000000000000000000, 0.000000000000000000 ) ) ;
#519 = CARTESIAN_POINT ( 'NONE',  ( 0.000000000000000000, 0.000000000000000000, 19.00000000000000355 ) ) ;
#520 = EDGE_CURVE ( 'NONE', #1834, #2259, #2363, .T. ) ;
#521 = PLANE ( 'NONE',  #232 ) ;
#522 = VECTOR ( 'NONE', #2405, 1000.000000000000000 ) ;
#523 = DIRECTION ( 'NONE',  ( -1.000000000000000000, 0.000000000000000000, 0.000000000000000000 ) ) ;
#524 = CIRCLE ( 'NONE', #2202, 1.000000000000000000 ) ;
#525 = ORIENTED_EDGE ( 'NONE', *, *, #127, .T. ) ;
#526 = CIRCLE ( 'NONE', #1000, 1.000000000000000000 ) ;
#527 = ORIENTED_EDGE ( 'NONE', *, *, #1821, .F. ) ;
#528 = VERTEX_POINT ( 'NONE', #81 ) ;
#529 = CARTESIAN_POINT ( 'NONE',  ( 71.00000000000001421, -58.00000000000000000, 3.000000000000000444 ) ) ;
#530 = DIRECTION ( 'NONE',  ( 1.387778780781455300E-14, -0.000000000000000000, 1.000000000000000000 ) ) ;
#531 = ADVANCED_FACE ( 'NONE', ( #2832 ), #94, .F. ) ;
#532 = LINE ( 'NONE', #82, #1287 ) ;
#533 = ORIENTED_EDGE ( 'NONE', *, *, #1096, .F. ) ;
#534 = DIRECTION ( 'NONE',  ( -0.000000000000000000, -1.000000000000000000, -0.000000000000000000 ) ) ;
#535 = CIRCLE ( 'NONE', #1008, 1.000000000000000000 ) ;
#536 = CARTESIAN_POINT ( 'NONE',  ( 40.80000000000000426, -52.80000000000001137, 2.999999999999999112 ) ) ;
#537 = DIRECTION ( 'NONE',  ( -0.000000000000000000, -0.000000000000000000, -1.000000000000000000 ) ) ;
#538 = CARTESIAN_POINT ( 'NONE',  ( 86.00000000000000000, 56.00000000000000000, 0.000000000000000000 ) ) ;
#539 = VERTEX_POINT ( 'NONE', #770 ) ;
#540 = CARTESIAN_POINT ( 'NONE',  ( 67.20000000000000284, -54.00000000000000000, 19.00000000000000355 ) ) ;
#541 = LINE ( 'NONE', #2104, #2032 ) ;
#542 = VERTEX_POINT ( 'NONE', #2345 ) ;
#543 = LINE ( 'NONE', #1220, #1670 ) ;
#544 = DIRECTION ( 'NONE',  ( -0.000000000000000000, 0.000000000000000000, -1.000000000000000000 ) ) ;
#545 = DIRECTION ( 'NONE',  ( 0.000000000000000000, 1.000000000000000000, 0.000000000000000000 ) ) ;
#546 = DIRECTION ( 'NONE',  ( 1.000000000000000000, -0.000000000000000000, 0.000000000000000000 ) ) ;
#547 = AXIS2_PLACEMENT_3D ( 'NONE', #240, #1786, #883 ) ;
#548 = FACE_OUTER_BOUND ( 'NONE', #2825, .T. ) ;
#549 = VECTOR ( 'NONE', #1782, 1000.000000000000000 ) ;
#550 = EDGE_CURVE ( 'NONE', #2489, #1879, #1525, .T. ) ;
#551 = DIRECTION ( 'NONE',  ( -0.000000000000000000, 1.000000000000000000, -0.000000000000000000 ) ) ;
#552 = VERTEX_POINT ( 'NONE', #321 ) ;
#553 = EDGE_CURVE ( 'NONE', #1406, #442, #1455, .T. ) ;
#554 = CARTESIAN_POINT ( 'NONE',  ( 88.00000000000000000, 55.99999999999998579, 2.000000000000000000 ) ) ;
#555 = DIRECTION ( 'NONE',  ( -1.000000000000000000, 0.000000000000000000, 0.000000000000000000 ) ) ;
#556 = ORIENTED_EDGE ( 'NONE', *, *, #1126, .T. ) ;
#557 = EDGE_CURVE ( 'NONE', #1381, #106, #272, .T. ) ;
#558 = CARTESIAN_POINT ( 'NONE',  ( -83.99999999999998579, -54.00000000000000000, 2.999999999999999112 ) ) ;
#559 = DIRECTION ( 'NONE',  ( -0.000000000000000000, 1.000000000000000000, -0.000000000000000000 ) ) ;
#560 = DIRECTION ( 'NONE',  ( -1.000000000000000000, 0.000000000000000000, -0.000000000000000000 ) ) ;
#561 = CARTESIAN_POINT ( 'NONE',  ( 4.000000000000003553, 58.00000000000000000, 3.000000000000000000 ) ) ;
#562 = LINE ( 'NONE', #777, #2380 ) ;
#563 = ADVANCED_FACE ( 'NONE', ( #2799 ), #2141, .T. ) ;
#564 = CARTESIAN_POINT ( 'NONE',  ( 4.000000000000000000, 59.00000000000000711, 4.000000000000000000 ) ) ;
#565 = ORIENTED_EDGE ( 'NONE', *, *, #985, .F. ) ;
#566 = CARTESIAN_POINT ( 'NONE',  ( -71.00000000000001421, -59.00000000000000711, 4.999999999999993783 ) ) ;
#567 = DIRECTION ( 'NONE',  ( 0.000000000000000000, 0.000000000000000000, 1.000000000000000000 ) ) ;
#568 = ORIENTED_EDGE ( 'NONE', *, *, #2909, .F. ) ;
#569 = AXIS2_PLACEMENT_3D ( 'NONE', #399, #642, #2232 ) ;
#570 = EDGE_CURVE ( 'NONE', #2163, #1081, #304, .T. ) ;
#571 = CIRCLE ( 'NONE', #2689, 1.000000000000000888 ) ;
#572 = LINE ( 'NONE', #2847, #2157 ) ;
#573 = CARTESIAN_POINT ( 'NONE',  ( -83.99999999999997158, -55.00000000000000000, 2.000000000000000000 ) ) ;
#574 = EDGE_CURVE ( 'NONE', #253, #683, #1200, .T. ) ;
#575 = DIRECTION ( 'NONE',  ( 0.000000000000000000, -1.000000000000000000, 0.000000000000000000 ) ) ;
#576 = CARTESIAN_POINT ( 'NONE',  ( 0.000000000000000000, -58.00000000000000000, 19.00000000000000355 ) ) ;
#577 = VECTOR ( 'NONE', #1346, 1000.000000000000000 ) ;
#578 = DIRECTION ( 'NONE',  ( 1.000000000000000000, 0.000000000000000000, 0.000000000000000000 ) ) ;
#579 = VERTEX_POINT ( 'NONE', #2329 ) ;
#580 = AXIS2_PLACEMENT_3D ( 'NONE', #396, #609, #172 ) ;
#581 = VERTEX_POINT ( 'NONE', #733 ) ;
#582 = DIRECTION ( 'NONE',  ( -0.000000000000000000, -0.000000000000000000, -1.000000000000000000 ) ) ;
#583 = PRODUCT_DEFINITION_SHAPE ( 'NONE', 'NONE',  #188 ) ;
#584 = CARTESIAN_POINT ( 'NONE',  ( -86.00000000000000000, 0.000000000000000000, 19.00000000000000355 ) ) ;
#585 = ORIENTED_EDGE ( 'NONE', *, *, #1461, .T. ) ;
#586 = UNCERTAINTY_MEASURE_WITH_UNIT (LENGTH_MEASURE( 1.000000000000000082E-05 ), #1739, 'distance_accuracy_value', 'NONE');
#587 = ADVANCED_FACE ( 'NONE', ( #991 ), #1912, .F. ) ;
#588 = DIRECTION ( 'NONE',  ( -1.000000000000000000, 0.000000000000000000, 1.084202172485504434E-16 ) ) ;
#589 = LINE ( 'NONE', #1266, #833 ) ;
#590 = DIRECTION ( 'NONE',  ( -1.000000000000000000, 0.000000000000000000, 0.000000000000000000 ) ) ;
#591 = AXIS2_PLACEMENT_3D ( 'NONE', #2211, #559, #1235 ) ;
#592 = PLANE ( 'NONE',  #2463 ) ;
#593 = ORIENTED_EDGE ( 'NONE', *, *, #1396, .F. ) ;
#594 = VECTOR ( 'NONE', #2666, 1000.000000000000000 ) ;
#595 = AXIS2_PLACEMENT_3D ( 'NONE', #610, #2856, #157 ) ;
#596 = VECTOR ( 'NONE', #2258, 1000.000000000000000 ) ;
#597 = DIRECTION ( 'NONE',  ( 0.000000000000000000, 0.000000000000000000, -1.000000000000000000 ) ) ;
#598 = EDGE_LOOP ( 'NONE', ( #2930, #882, #2886, #186 ) ) ;
#599 = VECTOR ( 'NONE', #546, 1000.000000000000000 ) ;
#600 = DIRECTION ( 'NONE',  ( -0.000000000000000000, 1.000000000000000000, -0.000000000000000000 ) ) ;
#601 = CARTESIAN_POINT ( 'NONE',  ( -20.00000000000000000, 58.00000000000000000, 2.000000000000000000 ) ) ;
#602 = VERTEX_POINT ( 'NONE', #1925 ) ;
#603 = DIRECTION ( 'NONE',  ( -1.000000000000000000, 0.000000000000000000, 0.000000000000000000 ) ) ;
#604 = ADVANCED_FACE ( 'NONE', ( #1167 ), #35, .T. ) ;
#605 = DIRECTION ( 'NONE',  ( -1.000000000000000000, 0.000000000000000000, 0.000000000000000000 ) ) ;
#606 = DIRECTION ( 'NONE',  ( 0.000000000000000000, 0.000000000000000000, -1.000000000000000000 ) ) ;
#607 = ADVANCED_FACE ( 'NONE', ( #2682 ), #393, .F. ) ;
#608 = ORIENTED_EDGE ( 'NONE', *, *, #637, .F. ) ;
#609 = DIRECTION ( 'NONE',  ( 1.000000000000000000, 0.000000000000000000, 0.000000000000000000 ) ) ;
#610 = CARTESIAN_POINT ( 'NONE',  ( 38.99999999999999289, -53.19999999999997442, 3.000000000000002665 ) ) ;
#611 = EDGE_CURVE ( 'NONE', #1562, #1658, #1977, .T. ) ;
#612 = EDGE_LOOP ( 'NONE', ( #2306, #1355 ) ) ;
#613 = VERTEX_POINT ( 'NONE', #1045 ) ;
#614 = LINE ( 'NONE', #1037, #1041 ) ;
#615 = CARTESIAN_POINT ( 'NONE',  ( 79.00000000000000000, -59.00000000000000711, 4.999999999999992895 ) ) ;
#616 = VERTEX_POINT ( 'NONE', #2444 ) ;
#617 = DIRECTION ( 'NONE',  ( 0.000000000000000000, 0.000000000000000000, 1.000000000000000000 ) ) ;
#618 = CARTESIAN_POINT ( 'NONE',  ( 4.000000000000000000, 59.00000000000000711, 3.000000000000000000 ) ) ;
#619 = EDGE_CURVE ( 'NONE', #1081, #2031, #963, .T. ) ;
#620 = AXIS2_PLACEMENT_3D ( 'NONE', #2484, #2499, #429 ) ;
#621 = FILL_AREA_STYLE ('',( #2195 ) ) ;
#622 = LINE ( 'NONE', #1529, #1161 ) ;
#623 = AXIS2_PLACEMENT_3D ( 'NONE', #938, #497, #676 ) ;
#624 = VECTOR ( 'NONE', #1674, 1000.000000000000000 ) ;
#625 = EDGE_CURVE ( 'NONE', #106, #267, #1061, .T. ) ;
#626 = DIRECTION ( 'NONE',  ( 0.000000000000000000, -0.000000000000000000, 1.000000000000000000 ) ) ;
#627 = DIRECTION ( 'NONE',  ( -1.084202172485503448E-16, 0.000000000000000000, -1.000000000000000000 ) ) ;
#628 = VERTEX_POINT ( 'NONE', #573 ) ;
#629 = CARTESIAN_POINT ( 'NONE',  ( 20.00000000000000000, 56.00000000000000000, 19.00000000000000355 ) ) ;
#630 = TOROIDAL_SURFACE ( 'NONE', #196, 1.800000000000005596, 1.000000000000000000 ) ;
#631 = DIRECTION ( 'NONE',  ( 0.000000000000000000, 0.000000000000000000, 1.000000000000000000 ) ) ;
#632 = ORIENTED_EDGE ( 'NONE', *, *, #1268, .T. ) ;
#633 = SURFACE_STYLE_FILL_AREA ( #2710 ) ;
#634 = ORIENTED_EDGE ( 'NONE', *, *, #1701, .T. ) ;
#635 = DIRECTION ( 'NONE',  ( 1.000000000000000000, 0.000000000000000000, -0.000000000000000000 ) ) ;
#636 = DIRECTION ( 'NONE',  ( 0.000000000000000000, 1.000000000000000000, 0.000000000000000000 ) ) ;
#637 = EDGE_CURVE ( 'NONE', #2754, #248, #1734, .T. ) ;
#638 = DIRECTION ( 'NONE',  ( -1.000000000000000000, 0.000000000000000000, 1.084202172485504434E-16 ) ) ;
#639 = ORIENTED_EDGE ( 'NONE', *, *, #162, .T. ) ;
#640 = EDGE_CURVE ( 'NONE', #1259, #493, #443, .T. ) ;
#641 = VECTOR ( 'NONE', #276, 1000.000000000000000 ) ;
#642 = DIRECTION ( 'NONE',  ( 0.000000000000000000, 1.000000000000000000, 0.000000000000000000 ) ) ;
#643 = VECTOR ( 'NONE', #1436, 1000.000000000000000 ) ;
#644 = LINE ( 'NONE', #2025, #1210 ) ;
#645 = AXIS2_PLACEMENT_3D ( 'NONE', #1197, #2143, #1427 ) ;
#646 = EDGE_LOOP ( 'NONE', ( #930, #1841, #1910, #1274 ) ) ;
#647 = EDGE_CURVE ( 'NONE', #1259, #539, #348, .T. ) ;
#648 = SURFACE_STYLE_USAGE ( .BOTH. , #1088 ) ;
#649 = VERTEX_POINT ( 'NONE', #376 ) ;
#650 = LINE ( 'NONE', #1553, #2318 ) ;
#651 = CARTESIAN_POINT ( 'NONE',  ( 71.00000000000001421, -59.00000000000000711, 4.999999999999992895 ) ) ;
#652 = EDGE_CURVE ( 'NONE', #302, #2961, #1757, .T. ) ;
#653 = DIRECTION ( 'NONE',  ( 1.000000000000000000, -1.734723475976877776E-14, 0.000000000000000000 ) ) ;
#654 = FACE_OUTER_BOUND ( 'NONE', #432, .T. ) ;
#655 = ORIENTED_EDGE ( 'NONE', *, *, #857, .F. ) ;
#656 = CARTESIAN_POINT ( 'NONE',  ( 40.80000000000000426, -52.80000000000001137, 19.00000000000000355 ) ) ;
#657 = ADVANCED_FACE ( 'NONE', ( #138 ), #1496, .F. ) ;
#658 = CARTESIAN_POINT ( 'NONE',  ( 85.99999999999998579, 58.00000000000000000, 2.000000000000000000 ) ) ;
#659 = EDGE_LOOP ( 'NONE', ( #1494, #2221, #2309, #1585 ) ) ;
#660 = EDGE_LOOP ( 'NONE', ( #2516, #2089, #2731, #556 ) ) ;
#661 = DIRECTION ( 'NONE',  ( -1.000000000000000000, -0.000000000000000000, -0.000000000000000000 ) ) ;
#662 = VERTEX_POINT ( 'NONE', #1282 ) ;
#663 = CYLINDRICAL_SURFACE ( 'NONE', #454, 1.000000000000000888 ) ;
#664 = DIRECTION ( 'NONE',  ( -1.000000000000000000, 0.000000000000000000, 0.000000000000000000 ) ) ;
#665 = FACE_OUTER_BOUND ( 'NONE', #2792, .T. ) ;
#666 = AXIS2_PLACEMENT_3D ( 'NONE', #566, #1261, #1244 ) ;
#667 = ORIENTED_EDGE ( 'NONE', *, *, #1305, .F. ) ;
#668 = DIRECTION ( 'NONE',  ( 0.000000000000000000, 0.000000000000000000, -1.000000000000000000 ) ) ;
#669 = DIRECTION ( 'NONE',  ( -0.000000000000000000, -1.000000000000000000, -0.000000000000000000 ) ) ;
#670 = VERTEX_POINT ( 'NONE', #333 ) ;
#671 = VERTEX_POINT ( 'NONE', #2905 ) ;
#672 = CIRCLE ( 'NONE', #1874, 0.9999999999999940048 ) ;
#673 = CARTESIAN_POINT ( 'NONE',  ( -83.99999999999997158, -56.00000000000000000, 19.00000000000000355 ) ) ;
#674 = EDGE_LOOP ( 'NONE', ( #2969, #796, #2680, #2249 ) ) ;
#675 = ADVANCED_FACE ( 'NONE', ( #2643 ), #153, .F. ) ;
#676 = DIRECTION ( 'NONE',  ( 0.000000000000000000, 0.000000000000000000, -1.000000000000000000 ) ) ;
#677 = CARTESIAN_POINT ( 'NONE',  ( -5.000000000000000000, 6.123233995736766282E-16, 2.000000000000000000 ) ) ;
#678 = EDGE_LOOP ( 'NONE', ( #846, #2934, #748, #2176, #1358, #2512 ) ) ;
#679 = ORIENTED_EDGE ( 'NONE', *, *, #411, .T. ) ;
#680 = AXIS2_PLACEMENT_3D ( 'NONE', #1265, #1248, #1723 ) ;
#681 = DIRECTION ( 'NONE',  ( 0.000000000000000000, 0.000000000000000000, -1.000000000000000000 ) ) ;
#682 = DIRECTION ( 'NONE',  ( 1.000000000000000000, 0.000000000000000000, 0.000000000000000000 ) ) ;
#683 = VERTEX_POINT ( 'NONE', #168 ) ;
#684 = ORIENTED_EDGE ( 'NONE', *, *, #987, .T. ) ;
#685 = APPLICATION_PROTOCOL_DEFINITION ( 'draft international standard', 'automotive_design', 1998, #2614 ) ;
#686 = ORIENTED_EDGE ( 'NONE', *, *, #1538, .F. ) ;
#687 = VECTOR ( 'NONE', #2220, 1000.000000000000000 ) ;
#688 = AXIS2_PLACEMENT_3D ( 'NONE', #325, #551, #1972 ) ;
#689 = CARTESIAN_POINT ( 'NONE',  ( -79.00000000000000000, -60.00000000000000711, 3.999999999999993339 ) ) ;
#690 = ORIENTED_EDGE ( 'NONE', *, *, #460, .T. ) ;
#691 = CIRCLE ( 'NONE', #2228, 1.000000000000000888 ) ;
#692 = CARTESIAN_POINT ( 'NONE',  ( 70.00000000000000000, -59.00000000000000711, 4.999999999999985789 ) ) ;
#693 = EDGE_CURVE ( 'NONE', #1140, #948, #124, .T. ) ;
#694 = DIRECTION ( 'NONE',  ( 0.000000000000000000, 0.000000000000000000, -1.000000000000000000 ) ) ;
#695 = VERTEX_POINT ( 'NONE', #1058 ) ;
#696 = DIRECTION ( 'NONE',  ( 0.000000000000000000, 0.000000000000000000, 1.000000000000000000 ) ) ;
#697 = EDGE_CURVE ( 'NONE', #1448, #1140, #980, .T. ) ;
#698 = DIRECTION ( 'NONE',  ( 0.000000000000000000, -1.000000000000000000, 0.000000000000000000 ) ) ;
#699 = ORIENTED_EDGE ( 'NONE', *, *, #1318, .T. ) ;
#700 = ORIENTED_EDGE ( 'NONE', *, *, #1075, .T. ) ;
#701 = LINE ( 'NONE', #480, #500 ) ;
#702 = ORIENTED_EDGE ( 'NONE', *, *, #1043, .F. ) ;
#703 = DIRECTION ( 'NONE',  ( -0.000000000000000000, 1.000000000000000000, -0.000000000000000000 ) ) ;
#704 = VERTEX_POINT ( 'NONE', #2887 ) ;
#705 = CARTESIAN_POINT ( 'NONE',  ( -20.00000000000000000, 58.00000000000000000, 19.00000000000000355 ) ) ;
#706 = DIRECTION ( 'NONE',  ( -5.421010862427527100E-17, 0.000000000000000000, 1.000000000000000000 ) ) ;
#707 = ORIENTED_EDGE ( 'NONE', *, *, #2437, .T. ) ;
#708 = AXIS2_PLACEMENT_3D ( 'NONE', #1073, #1539, #850 ) ;
#709 = EDGE_CURVE ( 'NONE', #2722, #1203, #1748, .T. ) ;
#710 = AXIS2_PLACEMENT_3D ( 'NONE', #1858, #2575, #2559 ) ;
#711 = CARTESIAN_POINT ( 'NONE',  ( -4.000000000000000000, 59.00000000000000711, 3.000000000000000000 ) ) ;
#712 = CARTESIAN_POINT ( 'NONE',  ( -0.000000000000000000, -50.00000000000000000, 2.000000000000000000 ) ) ;
#713 = EDGE_LOOP ( 'NONE', ( #345, #1400, #707, #223 ) ) ;
#714 = ORIENTED_EDGE ( 'NONE', *, *, #2113, .F. ) ;
#715 = CARTESIAN_POINT ( 'NONE',  ( 88.00000000000000000, 0.000000000000000000, 19.00000000000000355 ) ) ;
#716 = ORIENTED_EDGE ( 'NONE', *, *, #2086, .F. ) ;
#717 = FACE_OUTER_BOUND ( 'NONE', #886, .T. ) ;
#718 = CARTESIAN_POINT ( 'NONE',  ( 84.99999999999998579, -50.00000000000000000, 1.999999999999999112 ) ) ;
#719 = VECTOR ( 'NONE', #1569, 1000.000000000000000 ) ;
#720 = LINE ( 'NONE', #2568, #817 ) ;
#721 = CYLINDRICAL_SURFACE ( 'NONE', #1158, 1.000000000000000000 ) ;
#722 = AXIS2_PLACEMENT_3D ( 'NONE', #55, #352, #2144 ) ;
#723 = CARTESIAN_POINT ( 'NONE',  ( 83.99999999999998579, -54.00000000000000000, 2.999999999999999112 ) ) ;
#724 = CARTESIAN_POINT ( 'NONE',  ( 88.00000000000000000, -50.00000000000000000, 19.00000000000000355 ) ) ;
#725 = ORIENTED_EDGE ( 'NONE', *, *, #840, .T. ) ;
#726 = VERTEX_POINT ( 'NONE', #2670 ) ;
#727 = DIRECTION ( 'NONE',  ( -0.000000000000000000, 1.000000000000000000, -0.000000000000000000 ) ) ;
#728 = CARTESIAN_POINT ( 'NONE',  ( 20.00000000000000000, 0.000000000000000000, 2.000000000000000000 ) ) ;
#729 = ORIENTED_EDGE ( 'NONE', *, *, #2928, .F. ) ;
#730 = VECTOR ( 'NONE', #2207, 1000.000000000000000 ) ;
#731 = VERTEX_POINT ( 'NONE', #618 ) ;
#732 = CARTESIAN_POINT ( 'NONE',  ( 71.00000000000001421, -60.00000000000000711, 5.999999999999992895 ) ) ;
#733 = CARTESIAN_POINT ( 'NONE',  ( 85.99999999999998579, 58.00000000000000000, 0.000000000000000000 ) ) ;
#734 = VECTOR ( 'NONE', #29, 1000.000000000000000 ) ;
#735 = VECTOR ( 'NONE', #523, 1000.000000000000000 ) ;
#736 = CARTESIAN_POINT ( 'NONE',  ( -86.00000000000000000, -50.00000000000000000, 19.00000000000000355 ) ) ;
#737 = EDGE_CURVE ( 'NONE', #428, #2641, #1359, .T. ) ;
#738 = ORIENTED_EDGE ( 'NONE', *, *, #129, .T. ) ;
#739 = DIRECTION ( 'NONE',  ( 1.000000000000000000, 0.000000000000000000, -0.000000000000000000 ) ) ;
#740 = VECTOR ( 'NONE', #2477, 1000.000000000000000 ) ;
#741 = CARTESIAN_POINT ( 'NONE',  ( 79.00000000000000000, -59.00000000000000711, 4.000000000000000000 ) ) ;
#742 = DIRECTION ( 'NONE',  ( 0.000000000000000000, -0.000000000000000000, -1.000000000000000000 ) ) ;
#743 = CARTESIAN_POINT ( 'NONE',  ( 20.00000000000000355, 55.00000000000000000, 2.000000000000000000 ) ) ;
#744 = ORIENTED_EDGE ( 'NONE', *, *, #619, .T. ) ;
#745 = ORIENTED_EDGE ( 'NONE', *, *, #11, .T. ) ;
#746 = PLANE ( 'NONE',  #1960 ) ;
#747 = EDGE_CURVE ( 'NONE', #1433, #920, #1594, .T. ) ;
#748 = ORIENTED_EDGE ( 'NONE', *, *, #2659, .F. ) ;
#749 = CARTESIAN_POINT ( 'NONE',  ( 79.00000000000000000, -58.00000000000000000, 5.999999999999992895 ) ) ;
#750 = ORIENTED_EDGE ( 'NONE', *, *, #1294, .F. ) ;
#751 = ORIENTED_EDGE ( 'NONE', *, *, #1251, .F. ) ;
#752 = ADVANCED_FACE ( 'NONE', ( #71 ), #791, .F. ) ;
#753 = DIRECTION ( 'NONE',  ( -0.000000000000000000, -1.000000000000000000, -0.000000000000000000 ) ) ;
#754 = CARTESIAN_POINT ( 'NONE',  ( 88.00000000000000000, 55.99999999999998579, 0.000000000000000000 ) ) ;
#755 = EDGE_CURVE ( 'NONE', #1309, #2413, #2159, .T. ) ;
#756 = DIRECTION ( 'NONE',  ( 0.000000000000000000, 0.000000000000000000, 1.000000000000000000 ) ) ;
#757 = PLANE ( 'NONE',  #645 ) ;
#758 = DIRECTION ( 'NONE',  ( -0.000000000000000000, 1.000000000000000000, -0.000000000000000000 ) ) ;
#759 = CARTESIAN_POINT ( 'NONE',  ( 40.80000000000000426, -54.00000000000000000, 3.000000000000002665 ) ) ;
#760 = AXIS2_PLACEMENT_3D ( 'NONE', #837, #1231, #88 ) ;
#761 = DIRECTION ( 'NONE',  ( -0.000000000000000000, -0.000000000000000000, -1.000000000000000000 ) ) ;
#762 = ORIENTED_EDGE ( 'NONE', *, *, #2354, .T. ) ;
#763 = ORIENTED_EDGE ( 'NONE', *, *, #647, .T. ) ;
#764 = AXIS2_PLACEMENT_3D ( 'NONE', #1898, #1631, #1194 ) ;
#765 = FACE_OUTER_BOUND ( 'NONE', #1633, .T. ) ;
#766 =( GEOMETRIC_REPRESENTATION_CONTEXT ( 3 ) GLOBAL_UNCERTAINTY_ASSIGNED_CONTEXT ( ( #586 ) ) GLOBAL_UNIT_ASSIGNED_CONTEXT ( ( #1739, #2443, #1799 ) ) REPRESENTATION_CONTEXT ( 'NONE', 'WORKASPACE' ) );
#767 = DIRECTION ( 'NONE',  ( -1.000000000000000000, 0.000000000000000000, 0.000000000000000000 ) ) ;
#768 = ORIENTED_EDGE ( 'NONE', *, *, #1180, .T. ) ;
#769 = DIRECTION ( 'NONE',  ( -0.000000000000000000, -0.000000000000000000, -1.000000000000000000 ) ) ;
#770 = CARTESIAN_POINT ( 'NONE',  ( 39.99999999999999289, -53.19999999999999574, 3.000000000000002665 ) ) ;
#771 = ADVANCED_FACE ( 'NONE', ( #1916 ), #1198, .T. ) ;
#772 = CARTESIAN_POINT ( 'NONE',  ( -4.000000000000003553, 58.00000000000000000, 6.000000000000000000 ) ) ;
#773 = CARTESIAN_POINT ( 'NONE',  ( 67.20000000000000284, -54.00000000000000000, 19.00000000000000355 ) ) ;
#774 = ADVANCED_FACE ( 'NONE', ( #548 ), #995, .T. ) ;
#775 = VECTOR ( 'NONE', #2384, 1000.000000000000000 ) ;
#776 = AXIS2_PLACEMENT_3D ( 'NONE', #1959, #1788, #1728 ) ;
#777 = CARTESIAN_POINT ( 'NONE',  ( -86.00000000000000000, -53.99999999999998579, 19.00000000000000355 ) ) ;
#778 = EDGE_CURVE ( 'NONE', #2419, #2146, #562, .T. ) ;
#779 = DIRECTION ( 'NONE',  ( 0.000000000000000000, 0.000000000000000000, -1.000000000000000000 ) ) ;
#780 = EDGE_CURVE ( 'NONE', #2378, #1422, #1722, .T. ) ;
#781 = ORIENTED_EDGE ( 'NONE', *, *, #1758, .T. ) ;
#782 = CARTESIAN_POINT ( 'NONE',  ( 40.80000000000000426, -52.80000000000001137, 2.000000000000000000 ) ) ;
#783 = DIRECTION ( 'NONE',  ( -1.000000000000000000, -0.000000000000000000, -0.000000000000000000 ) ) ;
#784 = ORIENTED_EDGE ( 'NONE', *, *, #353, .T. ) ;
#785 = ORIENTED_EDGE ( 'NONE', *, *, #27, .T. ) ;
#786 = DIRECTION ( 'NONE',  ( -0.000000000000000000, 0.000000000000000000, -1.000000000000000000 ) ) ;
#787 = DIRECTION ( 'NONE',  ( -1.000000000000000000, 0.000000000000000000, 0.000000000000000000 ) ) ;
#788 = CARTESIAN_POINT ( 'NONE',  ( 68.00000000000000000, -53.19999999999998863, 2.999999999999999112 ) ) ;
#789 = DIRECTION ( 'NONE',  ( -0.000000000000000000, 1.000000000000000000, -0.000000000000000000 ) ) ;
#790 = AXIS2_PLACEMENT_3D ( 'NONE', #1083, #2960, #2098 ) ;
#791 = CYLINDRICAL_SURFACE ( 'NONE', #1307, 1.000000000000000000 ) ;
#792 = DIRECTION ( 'NONE',  ( 0.000000000000000000, -1.000000000000000000, 0.000000000000000000 ) ) ;
#793 = ORIENTED_EDGE ( 'NONE', *, *, #2902, .T. ) ;
#794 = CARTESIAN_POINT ( 'NONE',  ( 0.000000000000000000, -58.00000000000000000, 19.00000000000000355 ) ) ;
#795 = FACE_OUTER_BOUND ( 'NONE', #14, .T. ) ;
#796 = ORIENTED_EDGE ( 'NONE', *, *, #171, .T. ) ;
#797 = DIRECTION ( 'NONE',  ( -0.000000000000000000, -0.000000000000000000, 1.000000000000000000 ) ) ;
#798 = DIRECTION ( 'NONE',  ( -1.734723475976877776E-14, -1.000000000000000000, 0.000000000000000000 ) ) ;
#799 = DIRECTION ( 'NONE',  ( 0.000000000000000000, 0.000000000000000000, -1.000000000000000000 ) ) ;
#800 = DIRECTION ( 'NONE',  ( 1.000000000000000000, 0.000000000000000000, -0.000000000000000000 ) ) ;
#801 = ADVANCED_FACE ( 'NONE', ( #1687 ), #981, .T. ) ;
#802 = EDGE_CURVE ( 'NONE', #2087, #1851, #1239, .T. ) ;
#803 = DIRECTION ( 'NONE',  ( 1.000000000000000000, 0.000000000000000000, 0.000000000000000000 ) ) ;
#804 = ADVANCED_FACE ( 'NONE', ( #2128 ), #1022, .T. ) ;
#805 = DIRECTION ( 'NONE',  ( 1.000000000000000000, -0.000000000000000000, 0.000000000000000000 ) ) ;
#806 = ORIENTED_EDGE ( 'NONE', *, *, #40, .T. ) ;
#807 = ORIENTED_EDGE ( 'NONE', *, *, #1317, .F. ) ;
#808 = DIRECTION ( 'NONE',  ( -0.000000000000000000, -0.000000000000000000, -1.000000000000000000 ) ) ;
#809 = LINE ( 'NONE', #2191, #308 ) ;
#810 = ORIENTED_EDGE ( 'NONE', *, *, #2307, .F. ) ;
#811 = AXIS2_PLACEMENT_3D ( 'NONE', #1767, #2245, #876 ) ;
#812 = CIRCLE ( 'NONE', #2779, 2.000000000000001776 ) ;
#813 =( NAMED_UNIT ( * ) PLANE_ANGLE_UNIT ( ) SI_UNIT ( $, .RADIAN. ) );
#814 = DIRECTION ( 'NONE',  ( -1.000000000000000000, -0.000000000000000000, 1.084202172485503448E-16 ) ) ;
#815 = FACE_OUTER_BOUND ( 'NONE', #1552, .T. ) ;
#816 = FACE_OUTER_BOUND ( 'NONE', #2974, .T. ) ;
#817 = VECTOR ( 'NONE', #1329, 1000.000000000000000 ) ;
#818 = CARTESIAN_POINT ( 'NONE',  ( 79.00000000000000000, -59.00000000000000711, 4.999999999999992895 ) ) ;
#819 = ORIENTED_EDGE ( 'NONE', *, *, #1764, .F. ) ;
#820 = ORIENTED_EDGE ( 'NONE', *, *, #1561, .T. ) ;
#821 = ADVANCED_FACE ( 'NONE', ( #2606 ), #630, .F. ) ;
#822 = SPHERICAL_SURFACE ( 'NONE', #666, 1.000000000000000000 ) ;
#823 = LINE ( 'NONE', #363, #1453 ) ;
#824 = VERTEX_POINT ( 'NONE', #98 ) ;
#825 =( NAMED_UNIT ( * ) SI_UNIT ( $, .STERADIAN. ) SOLID_ANGLE_UNIT ( ) );
#826 = CARTESIAN_POINT ( 'NONE',  ( -4.000000000000000000, 58.00000000000000000, 5.000000000000000000 ) ) ;
#827 = DIRECTION ( 'NONE',  ( -0.000000000000000000, -0.000000000000000000, -1.000000000000000000 ) ) ;
#828 = CARTESIAN_POINT ( 'NONE',  ( -85.99999999999998579, 58.00000000000000000, 0.000000000000000000 ) ) ;
#829 = VECTOR ( 'NONE', #1221, 1000.000000000000000 ) ;
#830 = EDGE_CURVE ( 'NONE', #695, #2389, #2416, .T. ) ;
#831 = DIRECTION ( 'NONE',  ( -0.000000000000000000, -1.000000000000000000, -0.000000000000000000 ) ) ;
#832 = ORIENTED_EDGE ( 'NONE', *, *, #426, .T. ) ;
#833 = VECTOR ( 'NONE', #1076, 1000.000000000000000 ) ;
#834 = AXIS2_PLACEMENT_3D ( 'NONE', #1518, #1932, #2662 ) ;
#835 = VECTOR ( 'NONE', #2576, 1000.000000000000000 ) ;
#836 = EDGE_LOOP ( 'NONE', ( #2708, #1331, #1592, #2392 ) ) ;
#837 = CARTESIAN_POINT ( 'NONE',  ( 79.00000000000000000, -60.00000000000000711, 4.000000000000000000 ) ) ;
#838 = DIRECTION ( 'NONE',  ( -1.000000000000000000, 0.000000000000000000, 0.000000000000000000 ) ) ;
#839 = VERTEX_POINT ( 'NONE', #1489 ) ;
#840 = EDGE_CURVE ( 'NONE', #839, #1422, #1462, .T. ) ;
#841 = CARTESIAN_POINT ( 'NONE',  ( 40.80000000000000426, -55.00000000000000000, 3.000000000000002665 ) ) ;
#842 = CARTESIAN_POINT ( 'NONE',  ( 0.000000000000000000, 56.00000000000000000, 2.999999999999999112 ) ) ;
#843 = DIRECTION ( 'NONE',  ( -1.000000000000000000, 0.000000000000000000, 0.000000000000000000 ) ) ;
#844 = CARTESIAN_POINT ( 'NONE',  ( 5.000000000000000000, 59.00000000000000711, 4.000000000000000000 ) ) ;
#845 = CARTESIAN_POINT ( 'NONE',  ( 67.20000000000000284, -53.19999999999999574, 2.000000000000000000 ) ) ;
#846 = ORIENTED_EDGE ( 'NONE', *, *, #2024, .T. ) ;
#847 = CARTESIAN_POINT ( 'NONE',  ( 71.00000000000001421, -59.00000000000000711, 4.000000000000007994 ) ) ;
#848 = DIRECTION ( 'NONE',  ( 0.000000000000000000, -1.000000000000000000, 0.000000000000000000 ) ) ;
#849 = EDGE_LOOP ( 'NONE', ( #1895, #1188, #118, #2205 ) ) ;
#850 = DIRECTION ( 'NONE',  ( -1.000000000000000000, 0.000000000000000000, 0.000000000000000000 ) ) ;
#851 = VERTEX_POINT ( 'NONE', #1699 ) ;
#852 = VECTOR ( 'NONE', #2420, 1000.000000000000000 ) ;
#853 = DIRECTION ( 'NONE',  ( 0.000000000000000000, 0.000000000000000000, -1.000000000000000000 ) ) ;
#854 = AXIS2_PLACEMENT_3D ( 'NONE', #2817, #753, #1665 ) ;
#855 = AXIS2_PLACEMENT_3D ( 'NONE', #12, #2790, #982 ) ;
#856 = CARTESIAN_POINT ( 'NONE',  ( -20.00000000000000000, 0.000000000000000000, 19.00000000000000355 ) ) ;
#857 = EDGE_CURVE ( 'NONE', #2208, #670, #1213, .T. ) ;
#858 = CARTESIAN_POINT ( 'NONE',  ( -88.00000000000000000, 55.99999999999998579, 2.000000000000000000 ) ) ;
#859 = ORIENTED_EDGE ( 'NONE', *, *, #755, .F. ) ;
#860 = CIRCLE ( 'NONE', #2557, 1.000000000000000000 ) ;
#861 = FACE_OUTER_BOUND ( 'NONE', #296, .T. ) ;
#862 = EDGE_CURVE ( 'NONE', #2455, #2279, #1778, .T. ) ;
#863 = AXIS2_PLACEMENT_3D ( 'NONE', #1473, #2173, #2853 ) ;
#864 = LINE ( 'NONE', #2233, #549 ) ;
#865 = ORIENTED_EDGE ( 'NONE', *, *, #2479, .T. ) ;
#866 = CYLINDRICAL_SURFACE ( 'NONE', #1716, 1.000000000000000000 ) ;
#867 = ORIENTED_EDGE ( 'NONE', *, *, #74, .F. ) ;
#868 = CARTESIAN_POINT ( 'NONE',  ( -71.00000000000001421, -59.00000000000000711, 4.999999999999992895 ) ) ;
#869 = DIRECTION ( 'NONE',  ( -0.000000000000000000, 0.000000000000000000, 1.000000000000000000 ) ) ;
#870 = DIRECTION ( 'NONE',  ( -0.000000000000000000, -0.000000000000000000, -1.000000000000000000 ) ) ;
#871 = ADVANCED_FACE ( 'NONE', ( #2400 ), #2590, .T. ) ;
#872 = DIRECTION ( 'NONE',  ( 0.000000000000000000, 0.000000000000000000, 1.000000000000000000 ) ) ;
#873 = ORIENTED_EDGE ( 'NONE', *, *, #557, .F. ) ;
#874 = VECTOR ( 'NONE', #1162, 1000.000000000000000 ) ;
#875 = AXIS2_PLACEMENT_3D ( 'NONE', #1928, #739, #126 ) ;
#876 = DIRECTION ( 'NONE',  ( 0.000000000000000000, 0.000000000000000000, 1.000000000000000000 ) ) ;
#877 = AXIS2_PLACEMENT_3D ( 'NONE', #1002, #1232, #1660 ) ;
#878 = DIRECTION ( 'NONE',  ( 0.000000000000000000, 0.000000000000000000, 1.000000000000000000 ) ) ;
#879 = CIRCLE ( 'NONE', #2182, 5.000000000000000000 ) ;
#880 = EDGE_LOOP ( 'NONE', ( #1072, #2766, #42, #2243 ) ) ;
#881 = ADVANCED_FACE ( 'NONE', ( #2352 ), #1504, .T. ) ;
#882 = ORIENTED_EDGE ( 'NONE', *, *, #2040, .T. ) ;
#883 = DIRECTION ( 'NONE',  ( 0.000000000000000000, 0.000000000000000000, 1.000000000000000000 ) ) ;
#884 = VERTEX_POINT ( 'NONE', #2464 ) ;
#885 = DIRECTION ( 'NONE',  ( 0.000000000000000000, 0.000000000000000000, -1.000000000000000000 ) ) ;
#886 = EDGE_LOOP ( 'NONE', ( #702, #1577, #2668, #1650 ) ) ;
#887 = ORIENTED_EDGE ( 'NONE', *, *, #637, .T. ) ;
#888 = FACE_BOUND ( 'NONE', #2507, .T. ) ;
#889 = SPHERICAL_SURFACE ( 'NONE', #956, 1.000000000000000000 ) ;
#890 = CARTESIAN_POINT ( 'NONE',  ( -4.000000000000000000, 59.00000000000000711, 5.000000000000000000 ) ) ;
#891 = EDGE_LOOP ( 'NONE', ( #1155, #1175, #416 ) ) ;
#892 = CYLINDRICAL_SURFACE ( 'NONE', #620, 1.000000000000000000 ) ;
#893 = ADVANCED_FACE ( 'NONE', ( #2481 ), #1517, .T. ) ;
#894 = CARTESIAN_POINT ( 'NONE',  ( 67.20000000000000284, -51.00000000000000711, 2.000000000000000000 ) ) ;
#895 = ORIENTED_EDGE ( 'NONE', *, *, #2263, .F. ) ;
#896 = DIRECTION ( 'NONE',  ( 1.000000000000000000, 0.000000000000000000, 0.000000000000000000 ) ) ;
#897 = ORIENTED_EDGE ( 'NONE', *, *, #1792, .F. ) ;
#898 = LINE ( 'NONE', #673, #1693 ) ;
#899 = VERTEX_POINT ( 'NONE', #844 ) ;
#900 = DIRECTION ( 'NONE',  ( 1.000000000000000000, -0.000000000000000000, -0.000000000000000000 ) ) ;
#901 = CARTESIAN_POINT ( 'NONE',  ( -70.00000000000000000, -58.00000000000000000, 4.000000000000000000 ) ) ;
#902 = ORIENTED_EDGE ( 'NONE', *, *, #1629, .T. ) ;
#903 = VECTOR ( 'NONE', #962, 1000.000000000000000 ) ;
#904 = ORIENTED_EDGE ( 'NONE', *, *, #316, .F. ) ;
#905 = CYLINDRICAL_SURFACE ( 'NONE', #1376, 2.000000000000001776 ) ;
#906 = DIRECTION ( 'NONE',  ( -1.734723475976877776E-14, -1.000000000000000000, -0.000000000000000000 ) ) ;
#907 = ORIENTED_EDGE ( 'NONE', *, *, #1888, .T. ) ;
#908 = EDGE_CURVE ( 'NONE', #726, #2943, #489, .T. ) ;
#909 = ORIENTED_EDGE ( 'NONE', *, *, #2695, .T. ) ;
#910 = ADVANCED_FACE ( 'NONE', ( #1313 ), #1080, .F. ) ;
#911 = AXIS2_PLACEMENT_3D ( 'NONE', #1471, #52, #2834 ) ;
#912 = DIRECTION ( 'NONE',  ( 0.000000000000000000, -1.000000000000000000, 0.000000000000000000 ) ) ;
#913 = ORIENTED_EDGE ( 'NONE', *, *, #1050, .T. ) ;
#914 = DIRECTION ( 'NONE',  ( 0.000000000000000000, 0.000000000000000000, 1.000000000000000000 ) ) ;
#915 = CARTESIAN_POINT ( 'NONE',  ( -80.00000000000001421, -59.00000000000000711, 4.999999999999992895 ) ) ;
#916 = EDGE_CURVE ( 'NONE', #1618, #662, #2842, .T. ) ;
#917 = ORIENTED_EDGE ( 'NONE', *, *, #2959, .F. ) ;
#918 = FACE_OUTER_BOUND ( 'NONE', #660, .T. ) ;
#919 = CARTESIAN_POINT ( 'NONE',  ( -4.000000000000000000, 59.00000000000000711, 5.000000000000000000 ) ) ;
#920 = VERTEX_POINT ( 'NONE', #1062 ) ;
#921 = EDGE_LOOP ( 'NONE', ( #2471, #2861, #1368, #2919 ) ) ;
#922 = LINE ( 'NONE', #1001, #522 ) ;
#923 = AXIS2_PLACEMENT_3D ( 'NONE', #924, #1372, #2765 ) ;
#924 = CARTESIAN_POINT ( 'NONE',  ( 4.000000000000000000, 60.00000000000000711, 4.000000000000000000 ) ) ;
#925 = ORIENTED_EDGE ( 'NONE', *, *, #951, .F. ) ;
#926 = ORIENTED_EDGE ( 'NONE', *, *, #2695, .F. ) ;
#927 = CARTESIAN_POINT ( 'NONE',  ( 4.000000000000000000, 60.00000000000000711, 5.999999999999999112 ) ) ;
#928 = LINE ( 'NONE', #37, #2117 ) ;
#929 = EDGE_CURVE ( 'NONE', #492, #1322, #342, .T. ) ;
#930 = ORIENTED_EDGE ( 'NONE', *, *, #1584, .F. ) ;
#931 = DIRECTION ( 'NONE',  ( -0.000000000000000000, -1.000000000000000000, -0.000000000000000000 ) ) ;
#932 = LINE ( 'NONE', #724, #1642 ) ;
#933 = ORIENTED_EDGE ( 'NONE', *, *, #640, .T. ) ;
#934 = DIRECTION ( 'NONE',  ( 1.000000000000000000, 0.000000000000000000, -1.084202172485503448E-16 ) ) ;
#935 = CARTESIAN_POINT ( 'NONE',  ( 38.99999999999999289, -53.19999999999997442, 2.999999999999999112 ) ) ;
#936 = ORIENTED_EDGE ( 'NONE', *, *, #2451, .T. ) ;
#937 = ORIENTED_EDGE ( 'NONE', *, *, #1096, .T. ) ;
#938 = CARTESIAN_POINT ( 'NONE',  ( 83.99999999999997158, -55.00000000000000000, 3.000000000000002665 ) ) ;
#939 = DIRECTION ( 'NONE',  ( -0.000000000000000000, -1.000000000000000000, -0.000000000000000000 ) ) ;
#940 = PLANE ( 'NONE',  #1921 ) ;
#941 = PLANE ( 'NONE',  #976 ) ;
#942 = ADVANCED_FACE ( 'NONE', ( #2198 ), #2687, .F. ) ;
#943 = AXIS2_PLACEMENT_3D ( 'NONE', #782, #582, #1025 ) ;
#944 = AXIS2_PLACEMENT_3D ( 'NONE', #2310, #2281, #2784 ) ;
#945 = CARTESIAN_POINT ( 'NONE',  ( -20.00000000000000000, 0.000000000000000000, 19.00000000000000355 ) ) ;
#946 = EDGE_CURVE ( 'NONE', #2878, #1851, #1388, .T. ) ;
#947 = CARTESIAN_POINT ( 'NONE',  ( -88.00000000000000000, 55.99999999999998579, 0.000000000000000000 ) ) ;
#948 = VERTEX_POINT ( 'NONE', #2877 ) ;
#949 = VERTEX_POINT ( 'NONE', #182 ) ;
#950 = ORIENTED_EDGE ( 'NONE', *, *, #1377, .T. ) ;
#951 = EDGE_CURVE ( 'NONE', #2026, #1609, #9, .T. ) ;
#952 = PLANE ( 'NONE',  #1790 ) ;
#953 = ORIENTED_EDGE ( 'NONE', *, *, #1538, .T. ) ;
#954 = DIRECTION ( 'NONE',  ( -0.000000000000000000, -0.000000000000000000, -1.000000000000000000 ) ) ;
#955 = CARTESIAN_POINT ( 'NONE',  ( 38.99999999999999289, -53.19999999999997442, 2.000000000000000000 ) ) ;
#956 = AXIS2_PLACEMENT_3D ( 'NONE', #2786, #2525, #216 ) ;
#957 = FACE_OUTER_BOUND ( 'NONE', #2075, .T. ) ;
#958 = LINE ( 'NONE', #1668, #2317 ) ;
#959 = AXIS2_PLACEMENT_3D ( 'NONE', #1989, #368, #2494 ) ;
#960 = DIRECTION ( 'NONE',  ( -1.000000000000000000, 0.000000000000000000, 0.000000000000000000 ) ) ;
#961 = ADVANCED_FACE ( 'NONE', ( #2910 ), #2002, .T. ) ;
#962 = DIRECTION ( 'NONE',  ( 0.000000000000000000, -1.000000000000000000, 0.000000000000000000 ) ) ;
#963 = CIRCLE ( 'NONE', #591, 0.9999999999999940048 ) ;
#964 = LINE ( 'NONE', #947, #2178 ) ;
#965 = ORIENTED_EDGE ( 'NONE', *, *, #1708, .F. ) ;
#966 = ADVANCED_FACE ( 'NONE', ( #816 ), #1747, .F. ) ;
#967 = ORIENTED_EDGE ( 'NONE', *, *, #2097, .F. ) ;
#968 = EDGE_CURVE ( 'NONE', #442, #2565, #1543, .T. ) ;
#969 = CYLINDRICAL_SURFACE ( 'NONE', #472, 1.000000000000000000 ) ;
#970 = CARTESIAN_POINT ( 'NONE',  ( -88.00000000000000000, -50.00000000000000000, 19.00000000000000355 ) ) ;
#971 = ORIENTED_EDGE ( 'NONE', *, *, #1764, .T. ) ;
#972 = ADVANCED_FACE ( 'NONE', ( #2018 ), #592, .F. ) ;
#973 = AXIS2_PLACEMENT_3D ( 'NONE', #1306, #1523, #2407 ) ;
#974 = CARTESIAN_POINT ( 'NONE',  ( 71.00000000000001421, -58.00000000000000000, 5.999999999999992895 ) ) ;
#975 = DIRECTION ( 'NONE',  ( 0.000000000000000000, 0.000000000000000000, -1.000000000000000000 ) ) ;
#976 = AXIS2_PLACEMENT_3D ( 'NONE', #1182, #1095, #872 ) ;
#977 = CARTESIAN_POINT ( 'NONE',  ( 71.00000000000001421, -59.00000000000000711, 4.000000000000000000 ) ) ;
#978 = LINE ( 'NONE', #1712, #1253 ) ;
#979 = AXIS2_PLACEMENT_3D ( 'NONE', #367, #635, #853 ) ;
#980 = CIRCLE ( 'NONE', #170, 1.000000000000000000 ) ;
#981 = SPHERICAL_SURFACE ( 'NONE', #2170, 1.000000000000000000 ) ;
#982 = DIRECTION ( 'NONE',  ( -1.000000000000000000, 0.000000000000000000, 0.000000000000000000 ) ) ;
#983 = DIRECTION ( 'NONE',  ( 0.000000000000000000, 0.000000000000000000, 1.000000000000000000 ) ) ;
#984 = ORIENTED_EDGE ( 'NONE', *, *, #2269, .F. ) ;
#985 = EDGE_CURVE ( 'NONE', #2105, #1950, #382, .T. ) ;
#986 = ORIENTED_EDGE ( 'NONE', *, *, #647, .F. ) ;
#987 = EDGE_CURVE ( 'NONE', #851, #2943, #1971, .T. ) ;
#988 = DIRECTION ( 'NONE',  ( 0.000000000000000000, 1.000000000000000000, 0.000000000000000000 ) ) ;
#989 = EDGE_LOOP ( 'NONE', ( #452, #2824, #1437, #2577 ) ) ;
#990 = CARTESIAN_POINT ( 'NONE',  ( 71.00000000000001421, -59.00000000000000711, 4.000000000000000000 ) ) ;
#991 = FACE_OUTER_BOUND ( 'NONE', #2000, .T. ) ;
#992 = ADVANCED_FACE ( 'NONE', ( #2252 ), #2063, .T. ) ;
#993 = DIRECTION ( 'NONE',  ( -1.000000000000000000, 0.000000000000000000, 0.000000000000000000 ) ) ;
#994 = CARTESIAN_POINT ( 'NONE',  ( 5.000000000000000000, 0.000000000000000000, 2.000000000000000000 ) ) ;
#995 = CYLINDRICAL_SURFACE ( 'NONE', #1945, 1.000000000000000000 ) ;
#996 = AXIS2_PLACEMENT_3D ( 'NONE', #444, #1115, #681 ) ;
#997 = SPHERICAL_SURFACE ( 'NONE', #213, 1.000000000000000000 ) ;
#998 = AXIS2_PLACEMENT_3D ( 'NONE', #2048, #2062, #1822 ) ;
#999 = ORIENTED_EDGE ( 'NONE', *, *, #2086, .T. ) ;
#1000 = AXIS2_PLACEMENT_3D ( 'NONE', #1636, #2773, #1431 ) ;
#1001 = CARTESIAN_POINT ( 'NONE',  ( 4.000000000000000000, 60.00000000000000711, 4.000000000000000000 ) ) ;
#1002 = CARTESIAN_POINT ( 'NONE',  ( -4.000000000000000000, 59.00000000000000711, 4.000000000000000000 ) ) ;
#1003 = EDGE_LOOP ( 'NONE', ( #1516, #1524, #2356, #1579 ) ) ;
#1004 = CYLINDRICAL_SURFACE ( 'NONE', #1962, 2.000000000000001776 ) ;
#1005 = DIRECTION ( 'NONE',  ( -1.000000000000000000, -0.000000000000000000, -0.000000000000000000 ) ) ;
#1006 = CYLINDRICAL_SURFACE ( 'NONE', #1486, 1.000000000000000888 ) ;
#1007 = LINE ( 'NONE', #111, #499 ) ;
#1008 = AXIS2_PLACEMENT_3D ( 'NONE', #1497, #1541, #378 ) ;
#1009 = DIRECTION ( 'NONE',  ( 0.000000000000000000, 0.000000000000000000, 1.000000000000000000 ) ) ;
#1010 = DIRECTION ( 'NONE',  ( 0.000000000000000000, 0.000000000000000000, 1.000000000000000000 ) ) ;
#1011 = ORIENTED_EDGE ( 'NONE', *, *, #2686, .T. ) ;
#1012 = DIRECTION ( 'NONE',  ( 0.000000000000000000, 0.000000000000000000, -1.000000000000000000 ) ) ;
#1013 = DIRECTION ( 'NONE',  ( 0.000000000000000000, -1.000000000000000000, 0.000000000000000000 ) ) ;
#1014 = EDGE_LOOP ( 'NONE', ( #390, #148, #1369, #2277 ) ) ;
#1015 = DIRECTION ( 'NONE',  ( 0.000000000000000000, -1.000000000000000000, 0.000000000000000000 ) ) ;
#1016 = DIRECTION ( 'NONE',  ( -1.000000000000000000, 0.000000000000000000, 0.000000000000000000 ) ) ;
#1017 = LINE ( 'NONE', #736, #99 ) ;
#1018 = DIRECTION ( 'NONE',  ( -0.000000000000000000, -1.000000000000000000, -0.000000000000000000 ) ) ;
#1019 = VECTOR ( 'NONE', #2845, 1000.000000000000000 ) ;
#1020 = ADVANCED_FACE ( 'NONE', ( #665 ), #940, .F. ) ;
#1021 = AXIS2_PLACEMENT_3D ( 'NONE', #651, #2432, #2700 ) ;
#1022 = CYLINDRICAL_SURFACE ( 'NONE', #1100, 1.000000000000000000 ) ;
#1023 = CARTESIAN_POINT ( 'NONE',  ( -86.00000000000000000, -53.99999999999998579, 3.000000000000002665 ) ) ;
#1024 = VERTEX_POINT ( 'NONE', #677 ) ;
#1025 = DIRECTION ( 'NONE',  ( -1.000000000000000000, 0.000000000000000000, 0.000000000000000000 ) ) ;
#1026 = CARTESIAN_POINT ( 'NONE',  ( -83.99999999999998579, -54.00000000000000000, 19.00000000000000355 ) ) ;
#1027 = EDGE_LOOP ( 'NONE', ( #1011, #690, #907, #1156 ) ) ;
#1028 = PRESENTATION_STYLE_ASSIGNMENT (( #648 ) ) ;
#1029 = DIRECTION ( 'NONE',  ( 0.000000000000000000, 0.000000000000000000, -1.000000000000000000 ) ) ;
#1030 = CARTESIAN_POINT ( 'NONE',  ( 0.000000000000000000, 55.00000000000000000, 2.999999999999999112 ) ) ;
#1031 = LINE ( 'NONE', #1761, #740 ) ;
#1032 = CARTESIAN_POINT ( 'NONE',  ( 79.00000000000000000, -60.00000000000000711, 4.999999999999992895 ) ) ;
#1033 = EDGE_CURVE ( 'NONE', #824, #1618, #2282, .T. ) ;
#1034 = EDGE_CURVE ( 'NONE', #1336, #2878, #2510, .T. ) ;
#1035 = PLANE ( 'NONE',  #834 ) ;
#1036 = ORIENTED_EDGE ( 'NONE', *, *, #246, .F. ) ;
#1037 = CARTESIAN_POINT ( 'NONE',  ( 86.00000000000000000, -50.00000000000000000, 19.00000000000000355 ) ) ;
#1038 = AXIS2_PLACEMENT_3D ( 'NONE', #418, #1772, #1512 ) ;
#1039 = CARTESIAN_POINT ( 'NONE',  ( -71.00000000000001421, -60.00000000000000711, 3.000000000000000444 ) ) ;
#1040 = VERTEX_POINT ( 'NONE', #705 ) ;
#1041 = VECTOR ( 'NONE', #2456, 1000.000000000000000 ) ;
#1042 = VECTOR ( 'NONE', #1756, 1000.000000000000000 ) ;
#1043 = EDGE_CURVE ( 'NONE', #616, #492, #1385, .T. ) ;
#1044 = LINE ( 'NONE', #2904, #2110 ) ;
#1045 = CARTESIAN_POINT ( 'NONE',  ( 20.00000000000000000, 56.00000000000000000, 3.000000000000002665 ) ) ;
#1046 = DIRECTION ( 'NONE',  ( -0.000000000000000000, 1.000000000000000000, -0.000000000000000000 ) ) ;
#1047 = FACE_BOUND ( 'NONE', #1780, .T. ) ;
#1048 = DIRECTION ( 'NONE',  ( 0.000000000000000000, 0.000000000000000000, 1.000000000000000000 ) ) ;
#1049 = AXIS2_PLACEMENT_3D ( 'NONE', #245, #21, #1138 ) ;
#1050 = EDGE_CURVE ( 'NONE', #2096, #949, #860, .T. ) ;
#1051 = PLANE ( 'NONE',  #2268 ) ;
#1052 = ORIENTED_EDGE ( 'NONE', *, *, #1721, .T. ) ;
#1053 = CARTESIAN_POINT ( 'NONE',  ( -86.00000000000000000, -50.00000000000000000, 19.00000000000000355 ) ) ;
#1054 = APPLICATION_CONTEXT ( 'automotive_design' ) ;
#1055 = CARTESIAN_POINT ( 'NONE',  ( -86.00000000000000000, -56.00000000000000000, 0.000000000000000000 ) ) ;
#1056 = ORIENTED_EDGE ( 'NONE', *, *, #1988, .F. ) ;
#1057 =( LENGTH_UNIT ( ) NAMED_UNIT ( * ) SI_UNIT ( .MILLI., .METRE. ) );
#1058 = CARTESIAN_POINT ( 'NONE',  ( -85.99999999999998579, -58.00000000000000000, 19.00000000000000355 ) ) ;
#1059 = DIRECTION ( 'NONE',  ( -1.000000000000000000, 0.000000000000000000, 0.000000000000000000 ) ) ;
#1060 = DIRECTION ( 'NONE',  ( -0.000000000000000000, 0.000000000000000000, -1.000000000000000000 ) ) ;
#1061 = CIRCLE ( 'NONE', #2262, 2.000000000000001776 ) ;
#1062 = CARTESIAN_POINT ( 'NONE',  ( 80.00000000000000000, -58.00000000000000000, 4.000000000000008882 ) ) ;
#1063 = ORIENTED_EDGE ( 'NONE', *, *, #2236, .F. ) ;
#1064 = AXIS2_PLACEMENT_3D ( 'NONE', #1030, #1957, #2874 ) ;
#1065 = CIRCLE ( 'NONE', #2712, 2.000000000000001776 ) ;
#1066 = AXIS2_PLACEMENT_3D ( 'NONE', #2515, #2748, #2978 ) ;
#1067 = DIRECTION ( 'NONE',  ( 1.000000000000000000, -0.000000000000000000, -1.084202172485504434E-16 ) ) ;
#1068 = ORIENTED_EDGE ( 'NONE', *, *, #2167, .T. ) ;
#1069 = SPHERICAL_SURFACE ( 'NONE', #811, 1.000000000000000000 ) ;
#1070 = DIRECTION ( 'NONE',  ( 1.000000000000000000, 0.000000000000000000, 0.000000000000000000 ) ) ;
#1071 = AXIS2_PLACEMENT_3D ( 'NONE', #1074, #1695, #1470 ) ;
#1072 = ORIENTED_EDGE ( 'NONE', *, *, #420, .F. ) ;
#1073 = CARTESIAN_POINT ( 'NONE',  ( 83.99999999999998579, -54.00000000000000000, 19.00000000000000355 ) ) ;
#1074 = CARTESIAN_POINT ( 'NONE',  ( 79.00000000000000000, -58.00000000000000000, 4.000000000000000000 ) ) ;
#1075 = EDGE_CURVE ( 'NONE', #2064, #839, #1572, .T. ) ;
#1076 = DIRECTION ( 'NONE',  ( -0.000000000000000000, -0.000000000000000000, 1.000000000000000000 ) ) ;
#1077 = ORIENTED_EDGE ( 'NONE', *, *, #290, .T. ) ;
#1078 = DIRECTION ( 'NONE',  ( 1.000000000000000000, 0.000000000000000000, 0.000000000000000000 ) ) ;
#1079 = EDGE_CURVE ( 'NONE', #1202, #1519, #2406, .T. ) ;
#1080 = PLANE ( 'NONE',  #1626 ) ;
#1081 = VERTEX_POINT ( 'NONE', #915 ) ;
#1082 = EDGE_CURVE ( 'NONE', #948, #405, #672, .T. ) ;
#1083 = CARTESIAN_POINT ( 'NONE',  ( 79.00000000000000000, -59.00000000000000711, 4.000000000000007994 ) ) ;
#1084 = ORIENTED_EDGE ( 'NONE', *, *, #198, .T. ) ;
#1085 = DIRECTION ( 'NONE',  ( -0.000000000000000000, -0.000000000000000000, -1.000000000000000000 ) ) ;
#1086 = CARTESIAN_POINT ( 'NONE',  ( 79.00000000000000000, -60.00000000000000711, 4.999999999999992895 ) ) ;
#1087 = ORIENTED_EDGE ( 'NONE', *, *, #426, .F. ) ;
#1088 = SURFACE_SIDE_STYLE ('',( #633 ) ) ;
#1089 = EDGE_LOOP ( 'NONE', ( #1420, #953, #174, #926 ) ) ;
#1090 = DIRECTION ( 'NONE',  ( -1.000000000000000000, 0.000000000000000000, -0.000000000000000000 ) ) ;
#1091 = EDGE_CURVE ( 'NONE', #2455, #2096, #928, .T. ) ;
#1092 = CIRCLE ( 'NONE', #2349, 2.000000000000001776 ) ;
#1093 = AXIS2_PLACEMENT_3D ( 'NONE', #1845, #696, #475 ) ;
#1094 = CARTESIAN_POINT ( 'NONE',  ( -79.00000000000000000, -58.00000000000000000, 3.000000000000000000 ) ) ;
#1095 = DIRECTION ( 'NONE',  ( -1.000000000000000000, 0.000000000000000000, 0.000000000000000000 ) ) ;
#1096 = EDGE_CURVE ( 'NONE', #2084, #1774, #1125, .T. ) ;
#1097 = ORIENTED_EDGE ( 'NONE', *, *, #780, .F. ) ;
#1098 = AXIS2_PLACEMENT_3D ( 'NONE', #1855, #200, #8 ) ;
#1099 = FACE_OUTER_BOUND ( 'NONE', #2719, .T. ) ;
#1100 = AXIS2_PLACEMENT_3D ( 'NONE', #2386, #758, #2621 ) ;
#1101 = FACE_OUTER_BOUND ( 'NONE', #1293, .T. ) ;
#1102 = ORIENTED_EDGE ( 'NONE', *, *, #1900, .T. ) ;
#1103 = ORIENTED_EDGE ( 'NONE', *, *, #1570, .F. ) ;
#1104 = ADVANCED_FACE ( 'NONE', ( #1151 ), #1807, .T. ) ;
#1105 = CARTESIAN_POINT ( 'NONE',  ( -69.00000000000000000, -55.00000000000000000, 1.999999999999999112 ) ) ;
#1106 = CARTESIAN_POINT ( 'NONE',  ( 4.000000000000000000, 60.00000000000000711, 4.999999999999999112 ) ) ;
#1107 = ORIENTED_EDGE ( 'NONE', *, *, #1792, .T. ) ;
#1108 = VECTOR ( 'NONE', #798, 1000.000000000000000 ) ;
#1109 = DIRECTION ( 'NONE',  ( -1.387778780781444413E-14, 1.000000000000000000, 0.000000000000000000 ) ) ;
#1110 = ADVANCED_FACE ( 'NONE', ( #2077 ), #889, .T. ) ;
#1111 = DIRECTION ( 'NONE',  ( -0.000000000000000000, -0.000000000000000000, -1.000000000000000000 ) ) ;
#1112 = ORIENTED_EDGE ( 'NONE', *, *, #1465, .F. ) ;
#1113 = AXIS2_PLACEMENT_3D ( 'NONE', #1262, #1953, #1070 ) ;
#1114 = CIRCLE ( 'NONE', #70, 1.000000000000000000 ) ;
#1115 = DIRECTION ( 'NONE',  ( 1.000000000000000000, -0.000000000000000000, 0.000000000000000000 ) ) ;
#1116 = AXIS2_PLACEMENT_3D ( 'NONE', #1026, #176, #2501 ) ;
#1117 = CARTESIAN_POINT ( 'NONE',  ( 71.00000000000001421, -59.00000000000000711, 4.999999999999985789 ) ) ;
#1118 = VECTOR ( 'NONE', #2907, 1000.000000000000000 ) ;
#1119 = ORIENTED_EDGE ( 'NONE', *, *, #968, .T. ) ;
#1120 = ORIENTED_EDGE ( 'NONE', *, *, #2771, .F. ) ;
#1121 = VECTOR ( 'NONE', #814, 1000.000000000000000 ) ;
#1122 = DIRECTION ( 'NONE',  ( 0.000000000000000000, 0.000000000000000000, 1.000000000000000000 ) ) ;
#1123 = ORIENTED_EDGE ( 'NONE', *, *, #1795, .T. ) ;
#1124 = CARTESIAN_POINT ( 'NONE',  ( -85.99999999999998579, -58.00000000000000000, 0.000000000000000000 ) ) ;
#1125 = LINE ( 'NONE', #2298, #7 ) ;
#1126 = EDGE_CURVE ( 'NONE', #2361, #2312, #720, .T. ) ;
#1127 = ORIENTED_EDGE ( 'NONE', *, *, #2493, .T. ) ;
#1128 = FACE_OUTER_BOUND ( 'NONE', #371, .T. ) ;
#1129 = CARTESIAN_POINT ( 'NONE',  ( -71.00000000000001421, -60.00000000000000711, 4.000000000000000000 ) ) ;
#1130 = ORIENTED_EDGE ( 'NONE', *, *, #1505, .F. ) ;
#1131 = ORIENTED_EDGE ( 'NONE', *, *, #1364, .T. ) ;
#1132 = VERTEX_POINT ( 'NONE', #2958 ) ;
#1133 = DIRECTION ( 'NONE',  ( -0.000000000000000000, 1.000000000000000000, -0.000000000000000000 ) ) ;
#1134 = ORIENTED_EDGE ( 'NONE', *, *, #929, .T. ) ;
#1135 = EDGE_CURVE ( 'NONE', #671, #2026, #2730, .T. ) ;
#1136 = CARTESIAN_POINT ( 'NONE',  ( -79.00000000000001421, -60.00000000000000711, 5.999999999999993783 ) ) ;
#1137 = CIRCLE ( 'NONE', #144, 1.000000000000000000 ) ;
#1138 = DIRECTION ( 'NONE',  ( 1.000000000000000000, 0.000000000000000000, 0.000000000000000000 ) ) ;
#1139 = AXIS2_PLACEMENT_3D ( 'NONE', #1425, #1179, #1439 ) ;
#1140 = VERTEX_POINT ( 'NONE', #2267 ) ;
#1141 = DIRECTION ( 'NONE',  ( 0.000000000000000000, -1.000000000000000000, 0.000000000000000000 ) ) ;
#1142 = ADVANCED_FACE ( 'NONE', ( #2049 ), #2253, .F. ) ;
#1143 = CARTESIAN_POINT ( 'NONE',  ( 39.99999999999999289, -53.19999999999999574, 19.00000000000000355 ) ) ;
#1144 = VERTEX_POINT ( 'NONE', #901 ) ;
#1145 = VECTOR ( 'NONE', #2431, 1000.000000000000000 ) ;
#1146 = EDGE_LOOP ( 'NONE', ( #1593, #2060, #1159, #2341 ) ) ;
#1147 = VECTOR ( 'NONE', #324, 1000.000000000000000 ) ;
#1148 = DIRECTION ( 'NONE',  ( -0.000000000000000000, 1.000000000000000000, -0.000000000000000000 ) ) ;
#1149 = ORIENTED_EDGE ( 'NONE', *, *, #2780, .T. ) ;
#1150 = CARTESIAN_POINT ( 'NONE',  ( -5.000000000000000000, 58.00000000000000000, 5.000000000000000000 ) ) ;
#1151 = FACE_OUTER_BOUND ( 'NONE', #1820, .T. ) ;
#1152 = ORIENTED_EDGE ( 'NONE', *, *, #1033, .T. ) ;
#1153 = DIRECTION ( 'NONE',  ( 1.000000000000000000, 0.000000000000000000, -0.000000000000000000 ) ) ;
#1154 = LINE ( 'NONE', #75, #450 ) ;
#1155 = ORIENTED_EDGE ( 'NONE', *, *, #2020, .F. ) ;
#1156 = ORIENTED_EDGE ( 'NONE', *, *, #1223, .T. ) ;
#1157 = ORIENTED_EDGE ( 'NONE', *, *, #2283, .F. ) ;
#1158 = AXIS2_PLACEMENT_3D ( 'NONE', #890, #638, #427 ) ;
#1159 = ORIENTED_EDGE ( 'NONE', *, *, #1075, .F. ) ;
#1160 = CIRCLE ( 'NONE', #1743, 0.8000000000000090372 ) ;
#1161 = VECTOR ( 'NONE', #843, 1000.000000000000000 ) ;
#1162 = DIRECTION ( 'NONE',  ( -0.000000000000000000, -1.000000000000000000, -0.000000000000000000 ) ) ;
#1163 = ORIENTED_EDGE ( 'NONE', *, *, #1701, .F. ) ;
#1164 = EDGE_CURVE ( 'NONE', #461, #602, #2617, .T. ) ;
#1165 = ADVANCED_FACE ( 'NONE', ( #1899 ), #1697, .T. ) ;
#1166 = DIRECTION ( 'NONE',  ( 1.000000000000000000, 0.000000000000000000, 0.000000000000000000 ) ) ;
#1167 = FACE_OUTER_BOUND ( 'NONE', #1089, .T. ) ;
#1168 = DIRECTION ( 'NONE',  ( 1.000000000000000000, -0.000000000000000000, -0.000000000000000000 ) ) ;
#1169 = LINE ( 'NONE', #2770, #2854 ) ;
#1170 = EDGE_CURVE ( 'NONE', #431, #704, #1727, .T. ) ;
#1171 = ADVANCED_FACE ( 'NONE', ( #110 ), #1685, .T. ) ;
#1172 = LINE ( 'NONE', #490, #1380 ) ;
#1173 = LINE ( 'NONE', #712, #735 ) ;
#1174 = ORIENTED_EDGE ( 'NONE', *, *, #520, .F. ) ;
#1175 = ORIENTED_EDGE ( 'NONE', *, *, #1808, .T. ) ;
#1176 = CYLINDRICAL_SURFACE ( 'NONE', #1404, 1.000000000000000888 ) ;
#1177 = ORIENTED_EDGE ( 'NONE', *, *, #2153, .T. ) ;
#1178 = DIRECTION ( 'NONE',  ( -0.000000000000000000, 0.000000000000000000, 1.000000000000000000 ) ) ;
#1179 = DIRECTION ( 'NONE',  ( 0.000000000000000000, 0.000000000000000000, 1.000000000000000000 ) ) ;
#1180 = EDGE_CURVE ( 'NONE', #101, #2827, #1017, .T. ) ;
#1181 = CARTESIAN_POINT ( 'NONE',  ( 71.00000000000001421, -59.00000000000000711, 4.000000000000000000 ) ) ;
#1182 = CARTESIAN_POINT ( 'NONE',  ( 68.00000000000000000, -53.19999999999998863, 19.00000000000000355 ) ) ;
#1183 = ORIENTED_EDGE ( 'NONE', *, *, #1840, .T. ) ;
#1184 = AXIS2_PLACEMENT_3D ( 'NONE', #2257, #204, #2513 ) ;
#1185 = AXIS2_PLACEMENT_3D ( 'NONE', #2522, #1178, #2297 ) ;
#1186 = FACE_OUTER_BOUND ( 'NONE', #2125, .T. ) ;
#1187 = DIRECTION ( 'NONE',  ( -0.000000000000000000, 1.000000000000000000, -0.000000000000000000 ) ) ;
#1188 = ORIENTED_EDGE ( 'NONE', *, *, #2451, .F. ) ;
#1189 = DIRECTION ( 'NONE',  ( 0.000000000000000000, 1.000000000000000000, -0.000000000000000000 ) ) ;
#1190 = DIRECTION ( 'NONE',  ( -1.000000000000000000, -0.000000000000000000, -0.000000000000000000 ) ) ;
#1191 = ORIENTED_EDGE ( 'NONE', *, *, #2584, .F. ) ;
#1192 = ADVANCED_FACE ( 'NONE', ( #2395 ), #1943, .F. ) ;
#1193 = LINE ( 'NONE', #1911, #1522 ) ;
#1194 = DIRECTION ( 'NONE',  ( 1.000000000000000000, 0.000000000000000000, 0.000000000000000000 ) ) ;
#1195 = AXIS2_PLACEMENT_3D ( 'NONE', #1441, #799, #1412 ) ;
#1196 = CARTESIAN_POINT ( 'NONE',  ( 83.99999999999997158, -56.00000000000000000, 19.00000000000000355 ) ) ;
#1197 = CARTESIAN_POINT ( 'NONE',  ( 0.000000000000000000, -56.00000000000000000, 19.00000000000000355 ) ) ;
#1198 = CYLINDRICAL_SURFACE ( 'NONE', #2090, 1.000000000000000000 ) ;
#1199 = CARTESIAN_POINT ( 'NONE',  ( -4.000000000000000000, 59.00000000000000711, 3.000000000000000000 ) ) ;
#1200 = CIRCLE ( 'NONE', #64, 1.000000000000000000 ) ;
#1201 = CARTESIAN_POINT ( 'NONE',  ( 67.20000000000000284, -54.00000000000000000, 3.000000000000002665 ) ) ;
#1202 = VERTEX_POINT ( 'NONE', #2849 ) ;
#1203 = VERTEX_POINT ( 'NONE', #772 ) ;
#1204 = CARTESIAN_POINT ( 'NONE',  ( 40.80000000000000426, -52.00000000000000711, 3.000000000000002665 ) ) ;
#1205 = ORIENTED_EDGE ( 'NONE', *, *, #127, .F. ) ;
#1206 = AXIS2_PLACEMENT_3D ( 'NONE', #1578, #1595, #2308 ) ;
#1207 = DIRECTION ( 'NONE',  ( 1.000000000000000000, 0.000000000000000000, 0.000000000000000000 ) ) ;
#1208 = DIRECTION ( 'NONE',  ( 0.000000000000000000, 0.000000000000000000, 1.000000000000000000 ) ) ;
#1209 = AXIS2_PLACEMENT_3D ( 'NONE', #845, #1961, #357 ) ;
#1210 = VECTOR ( 'NONE', #2932, 1000.000000000000000 ) ;
#1211 = LINE ( 'NONE', #1196, #1238 ) ;
#1212 = CARTESIAN_POINT ( 'NONE',  ( 85.99999999999998579, -58.00000000000000000, 0.000000000000000000 ) ) ;
#1213 = LINE ( 'NONE', #1256, #2701 ) ;
#1214 = DIRECTION ( 'NONE',  ( -1.387778780781455300E-14, 0.000000000000000000, -1.000000000000000000 ) ) ;
#1215 = ADVANCED_FACE ( 'NONE', ( #2142 ), #517, .T. ) ;
#1216 = ORIENTED_EDGE ( 'NONE', *, *, #160, .F. ) ;
#1217 = CARTESIAN_POINT ( 'NONE',  ( 80.00000000000000000, -58.00000000000000000, 4.000000000000007994 ) ) ;
#1218 = CARTESIAN_POINT ( 'NONE',  ( 88.00000000000000000, 55.99999999999998579, 2.000000000000000000 ) ) ;
#1219 = ORIENTED_EDGE ( 'NONE', *, *, #2215, .F. ) ;
#1220 = CARTESIAN_POINT ( 'NONE',  ( 0.000000000000000000, 55.00000000000000000, 2.000000000000000000 ) ) ;
#1221 = DIRECTION ( 'NONE',  ( -0.000000000000000000, -0.000000000000000000, -1.000000000000000000 ) ) ;
#1222 = DIRECTION ( 'NONE',  ( 0.000000000000000000, 0.000000000000000000, -1.000000000000000000 ) ) ;
#1223 = EDGE_CURVE ( 'NONE', #1879, #528, #501, .T. ) ;
#1224 = CARTESIAN_POINT ( 'NONE',  ( 4.000000000000000000, 60.00000000000000711, 3.000000000000000000 ) ) ;
#1225 = DIRECTION ( 'NONE',  ( 0.000000000000000000, 0.000000000000000000, 1.000000000000000000 ) ) ;
#1226 = AXIS2_PLACEMENT_3D ( 'NONE', #2563, #2778, #2136 ) ;
#1227 = LINE ( 'NONE', #2436, #309 ) ;
#1228 = VECTOR ( 'NONE', #703, 1000.000000000000000 ) ;
#1229 = EDGE_LOOP ( 'NONE', ( #1785, #1183, #478, #1036 ) ) ;
#1230 = AXIS2_PLACEMENT_3D ( 'NONE', #2601, #498, #66 ) ;
#1231 = DIRECTION ( 'NONE',  ( -0.000000000000000000, 1.000000000000000000, -0.000000000000000000 ) ) ;
#1232 = DIRECTION ( 'NONE',  ( 1.000000000000000000, 0.000000000000000000, 0.000000000000000000 ) ) ;
#1233 = ORIENTED_EDGE ( 'NONE', *, *, #2326, .F. ) ;
#1234 = DIRECTION ( 'NONE',  ( 0.000000000000000000, 0.000000000000000000, -1.000000000000000000 ) ) ;
#1235 = DIRECTION ( 'NONE',  ( 0.000000000000000000, 0.000000000000000000, 1.000000000000000000 ) ) ;
#1236 = DIRECTION ( 'NONE',  ( -1.000000000000000000, 0.000000000000000000, 0.000000000000000000 ) ) ;
#1237 = FACE_OUTER_BOUND ( 'NONE', #678, .T. ) ;
#1238 = VECTOR ( 'NONE', #2819, 1000.000000000000000 ) ;
#1239 = CIRCLE ( 'NONE', #863, 1.000000000000000000 ) ;
#1240 = CARTESIAN_POINT ( 'NONE',  ( 71.00000000000001421, -60.00000000000000711, 4.000000000000000000 ) ) ;
#1241 = DIRECTION ( 'NONE',  ( 0.000000000000000000, 0.000000000000000000, -1.000000000000000000 ) ) ;
#1242 = ORIENTED_EDGE ( 'NONE', *, *, #2437, .F. ) ;
#1243 = EDGE_LOOP ( 'NONE', ( #1242, #59, #1077 ) ) ;
#1244 = DIRECTION ( 'NONE',  ( 0.000000000000000000, 0.000000000000000000, 1.000000000000000000 ) ) ;
#1245 = FACE_OUTER_BOUND ( 'NONE', #1973, .T. ) ;
#1246 = EDGE_LOOP ( 'NONE', ( #2517, #2939, #738, #1390 ) ) ;
#1247 = PLANE ( 'NONE',  #2646 ) ;
#1248 = DIRECTION ( 'NONE',  ( -0.000000000000000000, -1.000000000000000000, -0.000000000000000000 ) ) ;
#1249 = ORIENTED_EDGE ( 'NONE', *, *, #1258, .F. ) ;
#1250 = PLANE ( 'NONE',  #210 ) ;
#1251 = EDGE_CURVE ( 'NONE', #1720, #1635, #486, .T. ) ;
#1252 = CIRCLE ( 'NONE', #2855, 1.000000000000000000 ) ;
#1253 = VECTOR ( 'NONE', #1901, 1000.000000000000000 ) ;
#1254 = AXIS2_PLACEMENT_3D ( 'NONE', #464, #1320, #1830 ) ;
#1255 = CIRCLE ( 'NONE', #979, 1.000000000000000000 ) ;
#1256 = CARTESIAN_POINT ( 'NONE',  ( 20.00000000000000000, 58.00000000000000000, 19.00000000000000355 ) ) ;
#1257 = CARTESIAN_POINT ( 'NONE',  ( 4.000000000000000000, 59.00000000000000711, 4.000000000000000000 ) ) ;
#1258 = EDGE_CURVE ( 'NONE', #1950, #649, #1211, .T. ) ;
#1259 = VERTEX_POINT ( 'NONE', #1426 ) ;
#1260 = ORIENTED_EDGE ( 'NONE', *, *, #2493, .F. ) ;
#1261 = DIRECTION ( 'NONE',  ( 1.000000000000000000, 0.000000000000000000, 0.000000000000000000 ) ) ;
#1262 = CARTESIAN_POINT ( 'NONE',  ( -86.00000000000000000, -56.00000000000000000, 19.00000000000000355 ) ) ;
#1263 = ORIENTED_EDGE ( 'NONE', *, *, #520, .T. ) ;
#1264 = DIRECTION ( 'NONE',  ( -0.000000000000000000, 1.000000000000000000, -0.000000000000000000 ) ) ;
#1265 = CARTESIAN_POINT ( 'NONE',  ( 79.00000000000000000, -58.00000000000000000, 4.999999999999992895 ) ) ;
#1266 = CARTESIAN_POINT ( 'NONE',  ( -4.000000000000000000, 60.00000000000000711, 4.000000000000000000 ) ) ;
#1267 = DIRECTION ( 'NONE',  ( 0.000000000000000000, 0.000000000000000000, 1.000000000000000000 ) ) ;
#1268 = EDGE_CURVE ( 'NONE', #1081, #2072, #1623, .T. ) ;
#1269 = DIRECTION ( 'NONE',  ( 1.734723475976877776E-14, 1.000000000000000000, 0.000000000000000000 ) ) ;
#1270 = EDGE_CURVE ( 'NONE', #2146, #1774, #2884, .T. ) ;
#1271 = ADVANCED_FACE ( 'NONE', ( #287 ), #1006, .T. ) ;
#1272 = CARTESIAN_POINT ( 'NONE',  ( -88.00000000000000000, -55.99999999999998579, 0.000000000000000000 ) ) ;
#1273 = EDGE_LOOP ( 'NONE', ( #207, #744, #2726, #1751 ) ) ;
#1274 = ORIENTED_EDGE ( 'NONE', *, *, #2634, .F. ) ;
#1275 = VECTOR ( 'NONE', #104, 1000.000000000000000 ) ;
#1276 = DIRECTION ( 'NONE',  ( -1.000000000000000000, 0.000000000000000000, 0.000000000000000000 ) ) ;
#1277 = CIRCLE ( 'NONE', #1768, 0.8000000000000090372 ) ;
#1278 = LINE ( 'NONE', #2915, #312 ) ;
#1279 = ORIENTED_EDGE ( 'NONE', *, *, #1135, .F. ) ;
#1280 = CIRCLE ( 'NONE', #1771, 2.000000000000001776 ) ;
#1281 = CARTESIAN_POINT ( 'NONE',  ( 71.00000000000001421, -58.00000000000000000, 5.999999999999992895 ) ) ;
#1282 = CARTESIAN_POINT ( 'NONE',  ( 40.80000000000000426, -51.00000000000000711, 2.000000000000000000 ) ) ;
#1283 =( NAMED_UNIT ( * ) SI_UNIT ( $, .STERADIAN. ) SOLID_ANGLE_UNIT ( ) );
#1284 = CYLINDRICAL_SURFACE ( 'NONE', #2574, 1.000000000000000888 ) ;
#1285 = ADVANCED_FACE ( 'NONE', ( #957, #1882 ), #1667, .F. ) ;
#1286 = CARTESIAN_POINT ( 'NONE',  ( 71.00000000000001421, -59.00000000000000711, 4.999999999999992895 ) ) ;
#1287 = VECTOR ( 'NONE', #993, 1000.000000000000000 ) ;
#1288 = VECTOR ( 'NONE', #1046, 1000.000000000000000 ) ;
#1289 = DIRECTION ( 'NONE',  ( -1.000000000000000000, 0.000000000000000000, 6.938893903907222067E-15 ) ) ;
#1290 = EDGE_LOOP ( 'NONE', ( #2047, #2521, #807, #1980, #2054 ) ) ;
#1291 = FACE_OUTER_BOUND ( 'NONE', #891, .T. ) ;
#1292 = CARTESIAN_POINT ( 'NONE',  ( 0.000000000000000000, -56.00000000000000000, 19.00000000000000355 ) ) ;
#1293 = EDGE_LOOP ( 'NONE', ( #2403, #1677, #2816, #297 ) ) ;
#1294 = EDGE_CURVE ( 'NONE', #2150, #466, #532, .T. ) ;
#1295 = CARTESIAN_POINT ( 'NONE',  ( 88.00000000000000000, 55.99999999999998579, 2.000000000000000000 ) ) ;
#1296 = DIRECTION ( 'NONE',  ( -0.000000000000000000, -0.000000000000000000, -1.000000000000000000 ) ) ;
#1297 = FACE_OUTER_BOUND ( 'NONE', #1321, .T. ) ;
#1298 = EDGE_CURVE ( 'NONE', #1591, #528, #149, .T. ) ;
#1299 = DIRECTION ( 'NONE',  ( -0.000000000000000000, -1.000000000000000000, -0.000000000000000000 ) ) ;
#1300 = VECTOR ( 'NONE', #1190, 1000.000000000000000 ) ;
#1301 = AXIS2_PLACEMENT_3D ( 'NONE', #1793, #2004, #488 ) ;
#1302 = CARTESIAN_POINT ( 'NONE',  ( -71.00000000000001421, -59.00000000000000711, 4.000000000000000000 ) ) ;
#1303 = ORIENTED_EDGE ( 'NONE', *, *, #2396, .T. ) ;
#1304 = CARTESIAN_POINT ( 'NONE',  ( -85.99999999999998579, -58.00000000000000000, 2.000000000000000000 ) ) ;
#1305 = EDGE_CURVE ( 'NONE', #2641, #2071, #1678, .T. ) ;
#1306 = CARTESIAN_POINT ( 'NONE',  ( 0.000000000000000000, 0.000000000000000000, -0.001000000000000132727 ) ) ;
#1307 = AXIS2_PLACEMENT_3D ( 'NONE', #1930, #960, #1225 ) ;
#1308 = ORIENTED_EDGE ( 'NONE', *, *, #2396, .F. ) ;
#1309 = VERTEX_POINT ( 'NONE', #394 ) ;
#1310 = CARTESIAN_POINT ( 'NONE',  ( 69.00000000000000000, -55.00000000000000000, 2.000000000000001776 ) ) ;
#1311 = DIRECTION ( 'NONE',  ( -1.000000000000000000, 0.000000000000000000, 0.000000000000000000 ) ) ;
#1312 = EDGE_CURVE ( 'NONE', #552, #1591, #535, .T. ) ;
#1313 = FACE_OUTER_BOUND ( 'NONE', #1290, .T. ) ;
#1314 = MANIFOLD_SOLID_BREP ( '¶ê¨¤7', #1612 ) ;
#1315 = CARTESIAN_POINT ( 'NONE',  ( 5.000000000000004441, 58.00000000000000000, 4.999999999999999112 ) ) ;
#1316 = EDGE_LOOP ( 'NONE', ( #1875, #2518, #533, #2749 ) ) ;
#1317 = EDGE_CURVE ( 'NONE', #1647, #431, #1759, .T. ) ;
#1318 = EDGE_CURVE ( 'NONE', #2150, #177, #179, .T. ) ;
#1319 = LINE ( 'NONE', #1993, #1714 ) ;
#1320 = DIRECTION ( 'NONE',  ( -0.000000000000000000, 0.000000000000000000, 1.000000000000000000 ) ) ;
#1321 = EDGE_LOOP ( 'NONE', ( #1112, #1596, #762, #2265 ) ) ;
#1322 = VERTEX_POINT ( 'NONE', #1484 ) ;
#1323 = ORIENTED_EDGE ( 'NONE', *, *, #1461, .F. ) ;
#1324 = AXIS2_PLACEMENT_3D ( 'NONE', #847, #1796, #187 ) ;
#1325 = FACE_OUTER_BOUND ( 'NONE', #1246, .T. ) ;
#1326 = EDGE_CURVE ( 'NONE', #552, #528, #2299, .T. ) ;
#1327 = CARTESIAN_POINT ( 'NONE',  ( -70.00000000000000000, -59.00000000000000711, 4.000000000000000000 ) ) ;
#1328 = AXIS2_PLACEMENT_3D ( 'NONE', #65, #2615, #1709 ) ;
#1329 = DIRECTION ( 'NONE',  ( -1.000000000000000000, -0.000000000000000000, -0.000000000000000000 ) ) ;
#1330 = CARTESIAN_POINT ( 'NONE',  ( -83.99999999999998579, -54.00000000000000000, 2.000000000000000000 ) ) ;
#1331 = ORIENTED_EDGE ( 'NONE', *, *, #2097, .T. ) ;
#1332 = AXIS2_PLACEMENT_3D ( 'NONE', #322, #1651, #756 ) ;
#1333 = CARTESIAN_POINT ( 'NONE',  ( 39.99999999999999289, -52.80000000000001137, 19.00000000000000355 ) ) ;
#1334 = PRODUCT_RELATED_PRODUCT_CATEGORY ( 'part', '', ( #1729 ) ) ;
#1335 = CARTESIAN_POINT ( 'NONE',  ( -5.000000000000000000, 6.123233995736766282E-16, -0.001000000000000132727 ) ) ;
#1336 = VERTEX_POINT ( 'NONE', #1310 ) ;
#1337 = VERTEX_POINT ( 'NONE', #2644 ) ;
#1338 = ORIENTED_EDGE ( 'NONE', *, *, #2771, .T. ) ;
#1339 = CARTESIAN_POINT ( 'NONE',  ( -4.000000000000000000, 59.00000000000000711, 5.000000000000000000 ) ) ;
#1340 = VERTEX_POINT ( 'NONE', #1969 ) ;
#1341 = FACE_OUTER_BOUND ( 'NONE', #1316, .T. ) ;
#1342 = DIRECTION ( 'NONE',  ( 1.000000000000000000, 0.000000000000000000, -1.084202172485504434E-16 ) ) ;
#1343 = ADVANCED_FACE ( 'NONE', ( #1741 ), #2699, .F. ) ;
#1344 = AXIS2_PLACEMENT_3D ( 'NONE', #2848, #975, #787 ) ;
#1345 = ADVANCED_FACE ( 'NONE', ( #125 ), #2224, .F. ) ;
#1346 = DIRECTION ( 'NONE',  ( -0.000000000000000000, 1.000000000000000000, -0.000000000000000000 ) ) ;
#1347 = ORIENTED_EDGE ( 'NONE', *, *, #1840, .F. ) ;
#1348 = VECTOR ( 'NONE', #827, 1000.000000000000000 ) ;
#1349 = AXIS2_PLACEMENT_3D ( 'NONE', #1330, #2692, #2112 ) ;
#1350 = CARTESIAN_POINT ( 'NONE',  ( 4.000000000000000000, 59.00000000000000711, 5.999999999999999112 ) ) ;
#1351 = CIRCLE ( 'NONE', #1745, 1.000000000000000000 ) ;
#1352 = EDGE_CURVE ( 'NONE', #1635, #248, #589, .T. ) ;
#1353 = CARTESIAN_POINT ( 'NONE',  ( -86.00000000000000000, 0.000000000000000000, 2.999999999999999112 ) ) ;
#1354 = AXIS2_PLACEMENT_3D ( 'NONE', #2684, #2672, #606 ) ;
#1355 = ORIENTED_EDGE ( 'NONE', *, *, #1843, .T. ) ;
#1356 = EDGE_LOOP ( 'NONE', ( #2248, #509, #2776, #2723 ) ) ;
#1357 = PRODUCT_CONTEXT ( 'NONE', #1054, 'mechanical' ) ;
#1358 = ORIENTED_EDGE ( 'NONE', *, *, #2387, .F. ) ;
#1359 = CIRCLE ( 'NONE', #2383, 1.000000000000000000 ) ;
#1360 = CARTESIAN_POINT ( 'NONE',  ( 0.000000000000000000, -50.00000000000000000, 19.00000000000000355 ) ) ;
#1361 = VERTEX_POINT ( 'NONE', #140 ) ;
#1362 = PLANE ( 'NONE',  #944 ) ;
#1363 = CARTESIAN_POINT ( 'NONE',  ( 86.00000000000000000, -55.00000000000000000, 2.000000000000000000 ) ) ;
#1364 = EDGE_CURVE ( 'NONE', #2389, #2166, #2888, .T. ) ;
#1365 = VERTEX_POINT ( 'NONE', #2671 ) ;
#1366 = DIRECTION ( 'NONE',  ( -0.000000000000000000, -0.000000000000000000, -1.000000000000000000 ) ) ;
#1367 = LINE ( 'NONE', #1335, #1588 ) ;
#1368 = ORIENTED_EDGE ( 'NONE', *, *, #273, .F. ) ;
#1369 = ORIENTED_EDGE ( 'NONE', *, *, #2970, .T. ) ;
#1370 = ORIENTED_EDGE ( 'NONE', *, *, #1126, .F. ) ;
#1371 = VERTEX_POINT ( 'NONE', #2445 ) ;
#1372 = DIRECTION ( 'NONE',  ( 0.000000000000000000, -1.000000000000000000, 0.000000000000000000 ) ) ;
#1373 = VERTEX_POINT ( 'NONE', #1983 ) ;
#1374 = ORIENTED_EDGE ( 'NONE', *, *, #1535, .F. ) ;
#1375 = CARTESIAN_POINT ( 'NONE',  ( -71.00000000000001421, -60.00000000000000711, 4.999999999999993783 ) ) ;
#1376 = AXIS2_PLACEMENT_3D ( 'NONE', #2747, #1587, #2218 ) ;
#1377 = EDGE_CURVE ( 'NONE', #431, #613, #2906, .T. ) ;
#1378 = DIRECTION ( 'NONE',  ( -0.000000000000000000, -0.000000000000000000, -1.000000000000000000 ) ) ;
#1379 = VECTOR ( 'NONE', #1469, 1000.000000000000000 ) ;
#1380 = VECTOR ( 'NONE', #1366, 1000.000000000000000 ) ;
#1381 = VERTEX_POINT ( 'NONE', #1528 ) ;
#1382 = FACE_OUTER_BOUND ( 'NONE', #921, .T. ) ;
#1383 = CARTESIAN_POINT ( 'NONE',  ( 71.00000000000001421, -59.00000000000000711, 3.000000000000000444 ) ) ;
#1384 = VERTEX_POINT ( 'NONE', #1850 ) ;
#1385 = CIRCLE ( 'NONE', #433, 1.000000000000000888 ) ;
#1386 = ORIENTED_EDGE ( 'NONE', *, *, #693, .F. ) ;
#1387 = ORIENTED_EDGE ( 'NONE', *, *, #625, .T. ) ;
#1388 = CIRCLE ( 'NONE', #959, 1.000000000000000888 ) ;
#1389 = DIRECTION ( 'NONE',  ( -0.000000000000000000, 1.000000000000000000, -0.000000000000000000 ) ) ;
#1390 = ORIENTED_EDGE ( 'NONE', *, *, #1900, .F. ) ;
#1391 = EDGE_CURVE ( 'NONE', #899, #2741, #434, .T. ) ;
#1392 = DIRECTION ( 'NONE',  ( 0.000000000000000000, -1.000000000000000000, 0.000000000000000000 ) ) ;
#1393 = DIRECTION ( 'NONE',  ( 1.734723475976877776E-14, 1.000000000000000000, -0.000000000000000000 ) ) ;
#1394 = ORIENTED_EDGE ( 'NONE', *, *, #1079, .F. ) ;
#1395 = CARTESIAN_POINT ( 'NONE',  ( -69.00000000000000000, -55.00000000000000000, 2.999999999999999112 ) ) ;
#1396 = EDGE_CURVE ( 'NONE', #2458, #2504, #898, .T. ) ;
#1397 = DIRECTION ( 'NONE',  ( -0.000000000000000000, -1.000000000000000000, -0.000000000000000000 ) ) ;
#1398 = LINE ( 'NONE', #1904, #1917 ) ;
#1399 = DIRECTION ( 'NONE',  ( -1.000000000000000000, 0.000000000000000000, -0.000000000000000000 ) ) ;
#1400 = ORIENTED_EDGE ( 'NONE', *, *, #652, .F. ) ;
#1401 = AXIS2_PLACEMENT_3D ( 'NONE', #2809, #1187, #278 ) ;
#1402 = FACE_OUTER_BOUND ( 'NONE', #1692, .T. ) ;
#1403 = EDGE_CURVE ( 'NONE', #2961, #248, #1252, .T. ) ;
#1404 = AXIS2_PLACEMENT_3D ( 'NONE', #935, #2340, #2391 ) ;
#1405 = VECTOR ( 'NONE', #1392, 1000.000000000000000 ) ;
#1406 = VERTEX_POINT ( 'NONE', #226 ) ;
#1407 = CARTESIAN_POINT ( 'NONE',  ( -70.00000000000000000, -59.00000000000000711, 4.999999999999993783 ) ) ;
#1408 = ORIENTED_EDGE ( 'NONE', *, *, #2269, .T. ) ;
#1409 = ORIENTED_EDGE ( 'NONE', *, *, #2017, .T. ) ;
#1410 = CARTESIAN_POINT ( 'NONE',  ( -5.000000000000000000, 59.00000000000000711, 5.000000000000000000 ) ) ;
#1411 = DIRECTION ( 'NONE',  ( 0.000000000000000000, 0.000000000000000000, 1.000000000000000000 ) ) ;
#1412 = DIRECTION ( 'NONE',  ( -1.000000000000000000, 0.000000000000000000, 0.000000000000000000 ) ) ;
#1413 = LINE ( 'NONE', #185, #258 ) ;
#1414 = EDGE_CURVE ( 'NONE', #2163, #1361, #1801, .T. ) ;
#1415 = LINE ( 'NONE', #1199, #2926 ) ;
#1416 = LINE ( 'NONE', #2560, #23 ) ;
#1417 = ORIENTED_EDGE ( 'NONE', *, *, #2634, .T. ) ;
#1418 = ORIENTED_EDGE ( 'NONE', *, *, #311, .T. ) ;
#1419 = ORIENTED_EDGE ( 'NONE', *, *, #181, .F. ) ;
#1420 = ORIENTED_EDGE ( 'NONE', *, *, #437, .T. ) ;
#1421 = CARTESIAN_POINT ( 'NONE',  ( 5.000000000000000000, 58.00000000000000000, 5.000000000000000000 ) ) ;
#1422 = VERTEX_POINT ( 'NONE', #1819 ) ;
#1423 = ORIENTED_EDGE ( 'NONE', *, *, #2879, .F. ) ;
#1424 = DIRECTION ( 'NONE',  ( -0.000000000000000000, 0.000000000000000000, -1.000000000000000000 ) ) ;
#1425 = CARTESIAN_POINT ( 'NONE',  ( 67.20000000000000284, -52.80000000000000426, 2.999999999999999112 ) ) ;
#1426 = CARTESIAN_POINT ( 'NONE',  ( 39.99999999999999289, -52.80000000000001137, 3.000000000000002665 ) ) ;
#1427 = DIRECTION ( 'NONE',  ( 0.000000000000000000, -0.000000000000000000, 1.000000000000000000 ) ) ;
#1428 = CIRCLE ( 'NONE', #623, 1.000000000000000000 ) ;
#1429 = DIRECTION ( 'NONE',  ( 1.000000000000000000, 0.000000000000000000, 0.000000000000000000 ) ) ;
#1430 = CIRCLE ( 'NONE', #569, 1.000000000000000000 ) ;
#1431 = DIRECTION ( 'NONE',  ( 0.000000000000000000, 0.000000000000000000, -1.000000000000000000 ) ) ;
#1432 = DIRECTION ( 'NONE',  ( 0.000000000000000000, 0.000000000000000000, 1.000000000000000000 ) ) ;
#1433 = VERTEX_POINT ( 'NONE', #2520 ) ;
#1434 = DIRECTION ( 'NONE',  ( 0.000000000000000000, -1.000000000000000000, 0.000000000000000000 ) ) ;
#1435 = ORIENTED_EDGE ( 'NONE', *, *, #2, .T. ) ;
#1436 = DIRECTION ( 'NONE',  ( -1.387778780781455300E-14, 0.000000000000000000, -1.000000000000000000 ) ) ;
#1437 = ORIENTED_EDGE ( 'NONE', *, *, #1079, .T. ) ;
#1438 = CARTESIAN_POINT ( 'NONE',  ( 83.99999999999997158, -55.00000000000000000, 2.000000000000000000 ) ) ;
#1439 = DIRECTION ( 'NONE',  ( -1.000000000000000000, 0.000000000000000000, 0.000000000000000000 ) ) ;
#1440 = AXIS2_PLACEMENT_3D ( 'NONE', #1913, #2013, #1999 ) ;
#1441 = CARTESIAN_POINT ( 'NONE',  ( -4.000000000000000000, 59.00000000000000711, 4.000000000000000000 ) ) ;
#1442 = CARTESIAN_POINT ( 'NONE',  ( 80.00000000000000000, -59.00000000000000711, 4.000000000000007994 ) ) ;
#1443 = EDGE_CURVE ( 'NONE', #1336, #884, #2091, .T. ) ;
#1444 = EDGE_CURVE ( 'NONE', #1081, #405, #701, .T. ) ;
#1445 = CARTESIAN_POINT ( 'NONE',  ( 88.00000000000000000, -56.00000000000000000, 2.000000000000000000 ) ) ;
#1446 = DIRECTION ( 'NONE',  ( -1.000000000000000000, 0.000000000000000000, 0.000000000000000000 ) ) ;
#1447 = DIRECTION ( 'NONE',  ( -0.000000000000000000, -0.000000000000000000, -1.000000000000000000 ) ) ;
#1448 = VERTEX_POINT ( 'NONE', #1833 ) ;
#1449 = CARTESIAN_POINT ( 'NONE',  ( 68.00000000000000000, -52.80000000000001137, 19.00000000000000355 ) ) ;
#1450 = EDGE_CURVE ( 'NONE', #2754, #1720, #421, .T. ) ;
#1451 = CARTESIAN_POINT ( 'NONE',  ( -20.00000000000000000, 56.00000000000000000, 19.00000000000000355 ) ) ;
#1452 = ORIENTED_EDGE ( 'NONE', *, *, #1251, .T. ) ;
#1453 = VECTOR ( 'NONE', #2441, 1000.000000000000000 ) ;
#1454 = DIRECTION ( 'NONE',  ( 1.000000000000000000, 0.000000000000000000, 0.000000000000000000 ) ) ;
#1455 = LINE ( 'NONE', #2382, #203 ) ;
#1456 = CIRCLE ( 'NONE', #1209, 1.799999999999996048 ) ;
#1457 = AXIS2_PLACEMENT_3D ( 'NONE', #236, #1574, #2247 ) ;
#1458 = DIRECTION ( 'NONE',  ( 0.000000000000000000, 0.000000000000000000, 1.000000000000000000 ) ) ;
#1459 = LINE ( 'NONE', #1884, #599 ) ;
#1460 = ADVANCED_FACE ( 'NONE', ( #2549 ), #32, .T. ) ;
#1461 = EDGE_CURVE ( 'NONE', #1520, #1371, #17, .T. ) ;
#1462 = LINE ( 'NONE', #1445, #1147 ) ;
#1463 = DIRECTION ( 'NONE',  ( 0.000000000000000000, 0.000000000000000000, -1.000000000000000000 ) ) ;
#1464 = VERTEX_POINT ( 'NONE', #689 ) ;
#1465 = EDGE_CURVE ( 'NONE', #1591, #1448, #2074, .T. ) ;
#1466 = LINE ( 'NONE', #1304, #2398 ) ;
#1467 = DIRECTION ( 'NONE',  ( 0.000000000000000000, 0.000000000000000000, -1.000000000000000000 ) ) ;
#1468 = ORIENTED_EDGE ( 'NONE', *, *, #1684, .T. ) ;
#1469 = DIRECTION ( 'NONE',  ( -0.000000000000000000, -0.000000000000000000, -1.000000000000000000 ) ) ;
#1470 = DIRECTION ( 'NONE',  ( 0.000000000000000000, 0.000000000000000000, -1.000000000000000000 ) ) ;
#1471 = CARTESIAN_POINT ( 'NONE',  ( 0.000000000000000000, 56.00000000000000000, 19.00000000000000355 ) ) ;
#1472 = CARTESIAN_POINT ( 'NONE',  ( 86.00000000000000000, 56.00000000000000000, 0.000000000000000000 ) ) ;
#1473 = CARTESIAN_POINT ( 'NONE',  ( 84.99999999999998579, -53.99999999999998579, 3.000000000000002665 ) ) ;
#1474 = CARTESIAN_POINT ( 'NONE',  ( 69.00000000000000000, -56.00000000000000000, 19.00000000000000355 ) ) ;
#1475 = AXIS2_PLACEMENT_3D ( 'NONE', #2742, #1597, #1166 ) ;
#1476 = ORIENTED_EDGE ( 'NONE', *, *, #334, .F. ) ;
#1477 = CIRCLE ( 'NONE', #2602, 2.000000000000001776 ) ;
#1478 = CYLINDRICAL_SURFACE ( 'NONE', #424, 1.000000000000000000 ) ;
#1479 = CARTESIAN_POINT ( 'NONE',  ( -79.00000000000000000, -59.00000000000000711, 3.999999999999993339 ) ) ;
#1480 = ORIENTED_EDGE ( 'NONE', *, *, #1704, .T. ) ;
#1481 = CARTESIAN_POINT ( 'NONE',  ( -86.00000000000000000, -50.00000000000000000, 3.000000000000002665 ) ) ;
#1482 = CARTESIAN_POINT ( 'NONE',  ( 67.20000000000000284, -55.00000000000000000, 2.999999999999999112 ) ) ;
#1483 = ADVANCED_FACE ( 'NONE', ( #1325 ), #2264, .F. ) ;
#1484 = CARTESIAN_POINT ( 'NONE',  ( 69.00000000000000000, -52.80000000000001847, 2.000000000000000000 ) ) ;
#1485 = LINE ( 'NONE', #1224, #1501 ) ;
#1486 = AXIS2_PLACEMENT_3D ( 'NONE', #274, #2109, #1927 ) ;
#1487 = ADVANCED_FACE ( 'NONE', ( #467 ), #2294, .F. ) ;
#1488 = AXIS2_PLACEMENT_3D ( 'NONE', #1032, #636, #626 ) ;
#1489 = CARTESIAN_POINT ( 'NONE',  ( 88.00000000000000000, -56.00000000000000000, 19.00000000000000355 ) ) ;
#1490 = CARTESIAN_POINT ( 'NONE',  ( -79.00000000000001421, -59.00000000000000711, 4.999999999999992895 ) ) ;
#1491 = ORIENTED_EDGE ( 'NONE', *, *, #1817, .F. ) ;
#1492 = FACE_OUTER_BOUND ( 'NONE', #836, .T. ) ;
#1493 = CARTESIAN_POINT ( 'NONE',  ( 39.99999999999999289, -53.19999999999999574, 19.00000000000000355 ) ) ;
#1494 = ORIENTED_EDGE ( 'NONE', *, *, #2709, .F. ) ;
#1495 = EDGE_CURVE ( 'NONE', #1624, #428, #211, .T. ) ;
#1496 = CYLINDRICAL_SURFACE ( 'NONE', #2908, 2.000000000000001776 ) ;
#1497 = CARTESIAN_POINT ( 'NONE',  ( -71.00000000000001421, -59.00000000000000711, 4.999999999999993783 ) ) ;
#1498 = LINE ( 'NONE', #828, #1118 ) ;
#1499 = VECTOR ( 'NONE', #2740, 1000.000000000000000 ) ;
#1500 = EDGE_CURVE ( 'NONE', #1732, #1381, #1608, .T. ) ;
#1501 = VECTOR ( 'NONE', #1018, 1000.000000000000000 ) ;
#1502 = AXIS2_PLACEMENT_3D ( 'NONE', #615, #2870, #2964 ) ;
#1503 = CIRCLE ( 'NONE', #1354, 1.000000000000000000 ) ;
#1504 = CYLINDRICAL_SURFACE ( 'NONE', #2301, 1.000000000000000000 ) ;
#1505 = EDGE_CURVE ( 'NONE', #1322, #579, #650, .T. ) ;
#1506 = DIRECTION ( 'NONE',  ( 0.000000000000000000, -0.000000000000000000, -1.000000000000000000 ) ) ;
#1507 = ORIENTED_EDGE ( 'NONE', *, *, #2674, .T. ) ;
#1508 = EDGE_LOOP ( 'NONE', ( #1891, #2133, #2650, #403 ) ) ;
#1509 = FACE_OUTER_BOUND ( 'NONE', #2050, .T. ) ;
#1510 = CYLINDRICAL_SURFACE ( 'NONE', #2573, 0.7999999999999951594 ) ;
#1511 = ORIENTED_EDGE ( 'NONE', *, *, #218, .F. ) ;
#1512 = DIRECTION ( 'NONE',  ( 0.000000000000000000, 0.000000000000000000, 1.000000000000000000 ) ) ;
#1513 = CARTESIAN_POINT ( 'NONE',  ( -79.00000000000001421, -58.00000000000000000, 5.999999999999993783 ) ) ;
#1514 = CARTESIAN_POINT ( 'NONE',  ( -69.00000000000000000, -58.00000000000000000, 19.00000000000000355 ) ) ;
#1515 = SPHERICAL_SURFACE ( 'NONE', #1021, 1.000000000000000000 ) ;
#1516 = ORIENTED_EDGE ( 'NONE', *, *, #1396, .T. ) ;
#1517 = CYLINDRICAL_SURFACE ( 'NONE', #2938, 1.000000000000000000 ) ;
#1518 = CARTESIAN_POINT ( 'NONE',  ( -71.00000000000001421, -60.00000000000000711, 4.999999999999993783 ) ) ;
#1519 = VERTEX_POINT ( 'NONE', #1105 ) ;
#1520 = VERTEX_POINT ( 'NONE', #2046 ) ;
#1521 = FACE_OUTER_BOUND ( 'NONE', #1565, .T. ) ;
#1522 = VECTOR ( 'NONE', #2642, 1000.000000000000000 ) ;
#1523 = DIRECTION ( 'NONE',  ( -0.000000000000000000, -0.000000000000000000, 1.000000000000000000 ) ) ;
#1524 = ORIENTED_EDGE ( 'NONE', *, *, #2829, .T. ) ;
#1525 = CIRCLE ( 'NONE', #1344, 1.000000000000000888 ) ;
#1526 = DIRECTION ( 'NONE',  ( 0.000000000000000000, 1.000000000000000000, -0.000000000000000000 ) ) ;
#1527 = DIRECTION ( 'NONE',  ( 0.000000000000000000, 0.000000000000000000, 1.000000000000000000 ) ) ;
#1528 = CARTESIAN_POINT ( 'NONE',  ( -85.99999999999998579, 58.00000000000000000, 2.000000000000000000 ) ) ;
#1529 = CARTESIAN_POINT ( 'NONE',  ( 0.000000000000000000, -56.00000000000000000, 2.999999999999999112 ) ) ;
#1530 = COLOUR_RGB ( '',0.7921568627450980005, 0.8196078431372548767, 0.9333333333333333481 ) ;
#1531 = EDGE_CURVE ( 'NONE', #1591, #2489, #1564, .T. ) ;
#1532 = DIRECTION ( 'NONE',  ( 1.000000000000000000, 0.000000000000000000, -1.387778780781455300E-14 ) ) ;
#1533 = ORIENTED_EDGE ( 'NONE', *, *, #1580, .F. ) ;
#1534 = CARTESIAN_POINT ( 'NONE',  ( 69.00000000000000000, -52.80000000000001137, 3.000000000000002665 ) ) ;
#1535 = EDGE_CURVE ( 'NONE', #1337, #2026, #2278, .T. ) ;
#1536 = DIRECTION ( 'NONE',  ( 1.000000000000000000, 0.000000000000000000, 0.000000000000000000 ) ) ;
#1537 = ORIENTED_EDGE ( 'NONE', *, *, #1500, .T. ) ;
#1538 = EDGE_CURVE ( 'NONE', #539, #428, #1160, .T. ) ;
#1539 = DIRECTION ( 'NONE',  ( -0.000000000000000000, -0.000000000000000000, -1.000000000000000000 ) ) ;
#1540 = EDGE_LOOP ( 'NONE', ( #2611, #967, #2929 ) ) ;
#1541 = DIRECTION ( 'NONE',  ( -0.000000000000000000, 1.000000000000000000, -0.000000000000000000 ) ) ;
#1542 = CARTESIAN_POINT ( 'NONE',  ( -4.000000000000000000, 59.00000000000000711, 5.000000000000000000 ) ) ;
#1543 = LINE ( 'NONE', #1094, #1683 ) ;
#1544 = AXIS2_PLACEMENT_3D ( 'NONE', #2324, #78, #555 ) ;
#1545 = VECTOR ( 'NONE', #900, 1000.000000000000000 ) ;
#1546 = CARTESIAN_POINT ( 'NONE',  ( 4.000000000000000000, 60.00000000000000711, 5.000000000000000000 ) ) ;
#1547 = ORIENTED_EDGE ( 'NONE', *, *, #1684, .F. ) ;
#1548 = ADVANCED_FACE ( 'NONE', ( #299 ), #2582, .T. ) ;
#1549 = DIRECTION ( 'NONE',  ( 0.000000000000000000, 1.000000000000000000, 0.000000000000000000 ) ) ;
#1550 = ORIENTED_EDGE ( 'NONE', *, *, #199, .F. ) ;
#1551 = DIRECTION ( 'NONE',  ( 1.000000000000000000, 0.000000000000000000, -1.084202172485503448E-16 ) ) ;
#1552 = EDGE_LOOP ( 'NONE', ( #751, #2339, #887, #2871 ) ) ;
#1553 = CARTESIAN_POINT ( 'NONE',  ( 69.00000000000000000, -53.19999999999998863, 2.000000000000000000 ) ) ;
#1554 = DIRECTION ( 'NONE',  ( 0.000000000000000000, 0.000000000000000000, -1.000000000000000000 ) ) ;
#1555 = CARTESIAN_POINT ( 'NONE',  ( 0.000000000000000000, -56.00000000000000000, 19.00000000000000355 ) ) ;
#1556 = CARTESIAN_POINT ( 'NONE',  ( -4.000000000000000000, 58.00000000000000000, 3.000000000000000000 ) ) ;
#1557 = ORIENTED_EDGE ( 'NONE', *, *, #1808, .F. ) ;
#1558 = DIRECTION ( 'NONE',  ( -1.000000000000000000, 0.000000000000000000, 0.000000000000000000 ) ) ;
#1559 = DIRECTION ( 'NONE',  ( -1.000000000000000000, 0.000000000000000000, 0.000000000000000000 ) ) ;
#1560 = ORIENTED_EDGE ( 'NONE', *, *, #1599, .T. ) ;
#1561 = EDGE_CURVE ( 'NONE', #949, #2641, #1894, .T. ) ;
#1562 = VERTEX_POINT ( 'NONE', #1627 ) ;
#1563 = AXIS2_PLACEMENT_3D ( 'NONE', #656, #2931, #1558 ) ;
#1564 = LINE ( 'NONE', #2028, #1985 ) ;
#1565 = EDGE_LOOP ( 'NONE', ( #1557, #2276, #1408, #1974 ) ) ;
#1566 = DIRECTION ( 'NONE',  ( -0.000000000000000000, -0.000000000000000000, -1.000000000000000000 ) ) ;
#1567 = CIRCLE ( 'NONE', #1915, 1.000000000000000000 ) ;
#1568 = DIRECTION ( 'NONE',  ( -0.000000000000000000, 1.000000000000000000, -0.000000000000000000 ) ) ;
#1569 = DIRECTION ( 'NONE',  ( -0.000000000000000000, -0.000000000000000000, -1.000000000000000000 ) ) ;
#1570 = EDGE_CURVE ( 'NONE', #670, #2043, #2794, .T. ) ;
#1571 = ORIENTED_EDGE ( 'NONE', *, *, #383, .T. ) ;
#1572 = CIRCLE ( 'NONE', #1049, 2.000000000000001776 ) ;
#1573 = CARTESIAN_POINT ( 'NONE',  ( -4.000000000000000000, 60.00000000000000711, 6.000000000000000000 ) ) ;
#1574 = DIRECTION ( 'NONE',  ( -1.000000000000000000, 0.000000000000000000, 0.000000000000000000 ) ) ;
#1575 = ORIENTED_EDGE ( 'NONE', *, *, #2691, .F. ) ;
#1576 = EDGE_LOOP ( 'NONE', ( #294, #1177, #2503, #446 ) ) ;
#1577 = ORIENTED_EDGE ( 'NONE', *, *, #514, .F. ) ;
#1578 = CARTESIAN_POINT ( 'NONE',  ( -79.00000000000000000, -60.00000000000000711, 4.000000000000000000 ) ) ;
#1579 = ORIENTED_EDGE ( 'NONE', *, *, #1817, .T. ) ;
#1580 = EDGE_CURVE ( 'NONE', #177, #479, #2564, .T. ) ;
#1581 = ORIENTED_EDGE ( 'NONE', *, *, #2030, .F. ) ;
#1582 = FACE_BOUND ( 'NONE', #413, .T. ) ;
#1583 = DIRECTION ( 'NONE',  ( -0.000000000000000000, -0.000000000000000000, -1.000000000000000000 ) ) ;
#1584 = EDGE_CURVE ( 'NONE', #270, #2280, #2802, .T. ) ;
#1585 = ORIENTED_EDGE ( 'NONE', *, *, #946, .F. ) ;
#1586 = AXIS2_PLACEMENT_3D ( 'NONE', #1257, #2676, #1463 ) ;
#1587 = DIRECTION ( 'NONE',  ( -0.000000000000000000, -0.000000000000000000, -1.000000000000000000 ) ) ;
#1588 = VECTOR ( 'NONE', #1812, 1000.000000000000000 ) ;
#1589 = FACE_OUTER_BOUND ( 'NONE', #1600, .T. ) ;
#1590 = ORIENTED_EDGE ( 'NONE', *, *, #1294, .T. ) ;
#1591 = VERTEX_POINT ( 'NONE', #1407 ) ;
#1592 = ORIENTED_EDGE ( 'NONE', *, *, #384, .T. ) ;
#1593 = ORIENTED_EDGE ( 'NONE', *, *, #780, .T. ) ;
#1594 = CIRCLE ( 'NONE', #1071, 1.000000000000000000 ) ;
#1595 = DIRECTION ( 'NONE',  ( -0.000000000000000000, 1.000000000000000000, -0.000000000000000000 ) ) ;
#1596 = ORIENTED_EDGE ( 'NONE', *, *, #1531, .T. ) ;
#1597 = DIRECTION ( 'NONE',  ( 0.000000000000000000, 0.000000000000000000, 1.000000000000000000 ) ) ;
#1598 = DIRECTION ( 'NONE',  ( -0.000000000000000000, -1.000000000000000000, -0.000000000000000000 ) ) ;
#1599 = EDGE_CURVE ( 'NONE', #2208, #1040, #2120, .T. ) ;
#1600 = EDGE_LOOP ( 'NONE', ( #2192, #2139, #2322, #2846 ) ) ;
#1601 = DIRECTION ( 'NONE',  ( 0.000000000000000000, 0.000000000000000000, -1.000000000000000000 ) ) ;
#1602 = ADVANCED_FACE ( 'NONE', ( #1645 ), #2948, .F. ) ;
#1603 = PLANE ( 'NONE',  #1254 ) ;
#1604 = ORIENTED_EDGE ( 'NONE', *, *, #1673, .T. ) ;
#1605 = ORIENTED_EDGE ( 'NONE', *, *, #2659, .T. ) ;
#1606 = ORIENTED_EDGE ( 'NONE', *, *, #40, .F. ) ;
#1607 = EDGE_CURVE ( 'NONE', #1906, #581, #2627, .T. ) ;
#1608 = LINE ( 'NONE', #2713, #209 ) ;
#1609 = VERTEX_POINT ( 'NONE', #2782 ) ;
#1610 = ORIENTED_EDGE ( 'NONE', *, *, #1091, .T. ) ;
#1611 = LINE ( 'NONE', #20, #1942 ) ;
#1612 = CLOSED_SHELL ( 'NONE', ( #2836, #1345, #1142, #752, #2620, #1602, #1483, #1823, #289, #2753, #328, #1343, #675, #2911, #1643, #821, #2497, #992, #1548, #2566, #2255, #2285, #1110, #2685, #961, #113, #1952, #2603, #83, #2923, #2148, #1271, #263, #1171, #801, #2472, #1811, #2201, #2523, #235, #1215, #2745, #1285, #307, #2351, #2374, #1804, #2893, #607, #2433, #1737, #2941, #1663, #587, #109, #441, #1827, #657, #1946, #2174, #563, #2430, #2514, #910, #1192, #2367, #871, #893, #440, #1104, #1859, #881, #1933, #2296, #966, #1487, #36, #2241, #2197, #2239, #1460, #2327, #771, #2491, #2134, #804, #2774, #1165, #1020, #774, #2465, #142, #531, #942, #604, #25, #1700, #2219, #133, #346, #275, #972, #2838 ) ) ;
#1613 = DIRECTION ( 'NONE',  ( 1.000000000000000000, 1.387778780781444256E-14, 0.000000000000000000 ) ) ;
#1614 = VECTOR ( 'NONE', #2971, 1000.000000000000000 ) ;
#1615 = DIRECTION ( 'NONE',  ( -0.000000000000000000, -0.000000000000000000, -1.000000000000000000 ) ) ;
#1616 = AXIS2_PLACEMENT_3D ( 'NONE', #293, #39, #28 ) ;
#1617 = PRESENTATION_LAYER_ASSIGNMENT (  '', '', ( #2010 ) ) ;
#1618 = VERTEX_POINT ( 'NONE', #1204 ) ;
#1619 = EDGE_CURVE ( 'NONE', #405, #1361, #269, .T. ) ;
#1620 = CARTESIAN_POINT ( 'NONE',  ( 86.00000000000000000, 0.000000000000000000, 19.00000000000000355 ) ) ;
#1621 = FACE_OUTER_BOUND ( 'NONE', #2841, .T. ) ;
#1622 = EDGE_LOOP ( 'NONE', ( #729, #832, #48, #1303 ) ) ;
#1623 = CIRCLE ( 'NONE', #2839, 1.000000000000000888 ) ;
#1624 = VERTEX_POINT ( 'NONE', #89 ) ;
#1625 = DIRECTION ( 'NONE',  ( 0.000000000000000000, 0.000000000000000000, 1.000000000000000000 ) ) ;
#1626 = AXIS2_PLACEMENT_3D ( 'NONE', #856, #156, #2214 ) ;
#1627 = CARTESIAN_POINT ( 'NONE',  ( 80.00000000000000000, -58.00000000000000000, 4.999999999999985789 ) ) ;
#1628 = ORIENTED_EDGE ( 'NONE', *, *, #162, .F. ) ;
#1629 = EDGE_CURVE ( 'NONE', #2259, #2741, #511, .T. ) ;
#1630 = CARTESIAN_POINT ( 'NONE',  ( -4.000000000000000000, 58.00000000000000000, 6.000000000000000000 ) ) ;
#1631 = DIRECTION ( 'NONE',  ( 0.000000000000000000, 0.000000000000000000, 1.000000000000000000 ) ) ;
#1632 = CARTESIAN_POINT ( 'NONE',  ( 40.80000000000000426, -52.00000000000000711, 19.00000000000000355 ) ) ;
#1633 = EDGE_LOOP ( 'NONE', ( #2111, #936, #1798, #33 ) ) ;
#1634 = CARTESIAN_POINT ( 'NONE',  ( -5.000000000000000000, 60.00000000000000711, 4.000000000000000000 ) ) ;
#1635 = VERTEX_POINT ( 'NONE', #318 ) ;
#1636 = CARTESIAN_POINT ( 'NONE',  ( 69.00000000000000000, -55.00000000000000000, 2.999999999999999112 ) ) ;
#1637 = CARTESIAN_POINT ( 'NONE',  ( 83.99999999999997158, -56.00000000000000000, 19.00000000000000355 ) ) ;
#1638 = ORIENTED_EDGE ( 'NONE', *, *, #951, .T. ) ;
#1639 = ORIENTED_EDGE ( 'NONE', *, *, #550, .F. ) ;
#1640 = AXIS2_PLACEMENT_3D ( 'NONE', #1702, #1010, #2636 ) ;
#1641 = EDGE_LOOP ( 'NONE', ( #806, #1966, #810, #46 ) ) ;
#1642 = VECTOR ( 'NONE', #761, 1000.000000000000000 ) ;
#1643 = ADVANCED_FACE ( 'NONE', ( #2612 ), #1176, .F. ) ;
#1644 = AXIS2_PLACEMENT_3D ( 'NONE', #1787, #1090, #2658 ) ;
#1645 = FACE_OUTER_BOUND ( 'NONE', #659, .T. ) ;
#1646 = VERTEX_POINT ( 'NONE', #970 ) ;
#1647 = VERTEX_POINT ( 'NONE', #1451 ) ;
#1648 = DIRECTION ( 'NONE',  ( 0.000000000000000000, 0.000000000000000000, -1.000000000000000000 ) ) ;
#1649 = DIRECTION ( 'NONE',  ( 1.000000000000000000, 0.000000000000000000, -0.000000000000000000 ) ) ;
#1650 = ORIENTED_EDGE ( 'NONE', *, *, #929, .F. ) ;
#1651 = DIRECTION ( 'NONE',  ( -0.000000000000000000, 1.000000000000000000, -0.000000000000000000 ) ) ;
#1652 = PLANE ( 'NONE',  #2271 ) ;
#1653 = EDGE_CURVE ( 'NONE', #237, #2087, #541, .T. ) ;
#1654 = LINE ( 'NONE', #233, #903 ) ;
#1655 = ORIENTED_EDGE ( 'NONE', *, *, #2589, .T. ) ;
#1656 = CARTESIAN_POINT ( 'NONE',  ( 85.99999999999998579, -58.00000000000000000, 19.00000000000000355 ) ) ;
#1657 = ORIENTED_EDGE ( 'NONE', *, *, #459, .T. ) ;
#1658 = VERTEX_POINT ( 'NONE', #749 ) ;
#1659 = CARTESIAN_POINT ( 'NONE',  ( 88.00000000000000000, 55.99999999999998579, 0.000000000000000000 ) ) ;
#1660 = DIRECTION ( 'NONE',  ( 0.000000000000000000, 0.000000000000000000, -1.000000000000000000 ) ) ;
#1661 = ORIENTED_EDGE ( 'NONE', *, *, #2307, .T. ) ;
#1662 = EDGE_CURVE ( 'NONE', #839, #1520, #282, .T. ) ;
#1663 = ADVANCED_FACE ( 'NONE', ( #47 ), #952, .T. ) ;
#1664 = ORIENTED_EDGE ( 'NONE', *, *, #2113, .T. ) ;
#1665 = DIRECTION ( 'NONE',  ( 0.000000000000000000, 0.000000000000000000, -1.000000000000000000 ) ) ;
#1666 = DIRECTION ( 'NONE',  ( -1.000000000000000000, 0.000000000000000000, 0.000000000000000000 ) ) ;
#1667 = PLANE ( 'NONE',  #2744 ) ;
#1668 = CARTESIAN_POINT ( 'NONE',  ( 80.00000000000000000, -60.00000000000000711, 4.000000000000007994 ) ) ;
#1669 = CIRCLE ( 'NONE', #183, 1.000000000000000000 ) ;
#1670 = VECTOR ( 'NONE', #93, 1000.000000000000000 ) ;
#1671 = CARTESIAN_POINT ( 'NONE',  ( 86.00000000000000000, -56.00000000000000000, 0.000000000000000000 ) ) ;
#1672 = CIRCLE ( 'NONE', #2781, 1.000000000000000000 ) ;
#1673 = EDGE_CURVE ( 'NONE', #2279, #136, #809, .T. ) ;
#1674 = DIRECTION ( 'NONE',  ( 0.000000000000000000, -1.000000000000000000, 0.000000000000000000 ) ) ;
#1675 = CARTESIAN_POINT ( 'NONE',  ( 67.20000000000000284, -52.00000000000000711, 2.999999999999999112 ) ) ;
#1676 = EDGE_LOOP ( 'NONE', ( #2404, #2738, #2103, #2289 ) ) ;
#1677 = ORIENTED_EDGE ( 'NONE', *, *, #652, .T. ) ;
#1678 = CIRCLE ( 'NONE', #1828, 1.800000000000002931 ) ;
#1679 = CARTESIAN_POINT ( 'NONE',  ( 85.99999999999998579, 58.00000000000000000, 2.000000000000000000 ) ) ;
#1680 = ORIENTED_EDGE ( 'NONE', *, *, #11, .F. ) ;
#1681 = FACE_OUTER_BOUND ( 'NONE', #1229, .T. ) ;
#1682 = CARTESIAN_POINT ( 'NONE',  ( 69.00000000000000000, 0.000000000000000000, 19.00000000000000355 ) ) ;
#1683 = VECTOR ( 'NONE', #2675, 1000.000000000000000 ) ;
#1684 = EDGE_CURVE ( 'NONE', #2458, #300, #105, .T. ) ;
#1685 = CYLINDRICAL_SURFACE ( 'NONE', #291, 1.000000000000000000 ) ;
#1686 = CARTESIAN_POINT ( 'NONE',  ( 67.20000000000000284, -54.00000000000000000, 19.00000000000000355 ) ) ;
#1687 = FACE_OUTER_BOUND ( 'NONE', #1540, .T. ) ;
#1688 = FACE_OUTER_BOUND ( 'NONE', #2088, .T. ) ;
#1689 = ORIENTED_EDGE ( 'NONE', *, *, #862, .T. ) ;
#1690 = LINE ( 'NONE', #2882, #2733 ) ;
#1691 = DIRECTION ( 'NONE',  ( -0.000000000000000000, -0.000000000000000000, -1.000000000000000000 ) ) ;
#1692 = EDGE_LOOP ( 'NONE', ( #1992, #1958, #2881, #2933 ) ) ;
#1693 = VECTOR ( 'NONE', #2968, 1000.000000000000000 ) ;
#1694 = DIRECTION ( 'NONE',  ( -0.000000000000000000, -1.000000000000000000, -0.000000000000000000 ) ) ;
#1695 = DIRECTION ( 'NONE',  ( 0.000000000000000000, -1.000000000000000000, 0.000000000000000000 ) ) ;
#1696 = CIRCLE ( 'NONE', #790, 1.000000000000000888 ) ;
#1697 = CYLINDRICAL_SURFACE ( 'NONE', #1332, 1.000000000000000000 ) ;
#1698 = FACE_BOUND ( 'NONE', #612, .T. ) ;
#1699 = CARTESIAN_POINT ( 'NONE',  ( 79.00000000000000000, -60.00000000000000711, 4.999999999999985789 ) ) ;
#1700 = ADVANCED_FACE ( 'NONE', ( #795 ), #1510, .T. ) ;
#1701 = EDGE_CURVE ( 'NONE', #1361, #442, #354, .T. ) ;
#1702 = CARTESIAN_POINT ( 'NONE',  ( 0.000000000000000000, 0.000000000000000000, 0.000000000000000000 ) ) ;
#1703 = ORIENTED_EDGE ( 'NONE', *, *, #1903, .F. ) ;
#1704 = EDGE_CURVE ( 'NONE', #2810, #2565, #2653, .T. ) ;
#1705 = CARTESIAN_POINT ( 'NONE',  ( -88.00000000000000000, 55.99999999999998579, 2.000000000000000000 ) ) ;
#1706 = CARTESIAN_POINT ( 'NONE',  ( 71.00000000000001421, -60.00000000000000711, 3.000000000000000000 ) ) ;
#1707 = ORIENTED_EDGE ( 'NONE', *, *, #2209, .T. ) ;
#1708 = EDGE_CURVE ( 'NONE', #2697, #695, #2369, .T. ) ;
#1709 = DIRECTION ( 'NONE',  ( 0.000000000000000000, 0.000000000000000000, 1.000000000000000000 ) ) ;
#1710 = CARTESIAN_POINT ( 'NONE',  ( -83.99999999999998579, -54.00000000000000000, 19.00000000000000355 ) ) ;
#1711 = DIRECTION ( 'NONE',  ( 1.387778780781444256E-14, 0.000000000000000000, 1.000000000000000000 ) ) ;
#1712 = CARTESIAN_POINT ( 'NONE',  ( 20.00000000000000000, 0.000000000000000000, 19.00000000000000355 ) ) ;
#1713 = ORIENTED_EDGE ( 'NONE', *, *, #2902, .F. ) ;
#1714 = VECTOR ( 'NONE', #2977, 1000.000000000000000 ) ;
#1715 = DIRECTION ( 'NONE',  ( -1.000000000000000000, 0.000000000000000000, -5.421010862427527100E-17 ) ) ;
#1716 = AXIS2_PLACEMENT_3D ( 'NONE', #2210, #1551, #1955 ) ;
#1717 = ORIENTED_EDGE ( 'NONE', *, *, #2962, .F. ) ;
#1718 = DIRECTION ( 'NONE',  ( 0.000000000000000000, 0.000000000000000000, -1.000000000000000000 ) ) ;
#1719 = CARTESIAN_POINT ( 'NONE',  ( -79.00000000000000000, -58.00000000000000000, 4.000000000000000000 ) ) ;
#1720 = VERTEX_POINT ( 'NONE', #1979 ) ;
#1721 = EDGE_CURVE ( 'NONE', #101, #2419, #2679, .T. ) ;
#1722 = CIRCLE ( 'NONE', #2558, 2.000000000000001776 ) ;
#1723 = DIRECTION ( 'NONE',  ( 0.000000000000000000, 0.000000000000000000, 1.000000000000000000 ) ) ;
#1724 = CARTESIAN_POINT ( 'NONE',  ( 88.00000000000000000, 55.99999999999998579, 2.000000000000000000 ) ) ;
#1725 = EDGE_CURVE ( 'NONE', #505, #884, #2640, .T. ) ;
#1726 = DIRECTION ( 'NONE',  ( 1.000000000000000000, 0.000000000000000000, 0.000000000000000000 ) ) ;
#1727 = CIRCLE ( 'NONE', #2788, 1.000000000000000000 ) ;
#1728 = DIRECTION ( 'NONE',  ( 0.000000000000000000, 0.000000000000000000, 1.000000000000000000 ) ) ;
#1729 = PRODUCT ( 'epaper-screen-3', 'epaper-screen-3', '', ( #1357 ) ) ;
#1730 = FACE_OUTER_BOUND ( 'NONE', #26, .T. ) ;
#1731 = EDGE_LOOP ( 'NONE', ( #2505, #2316, #2235, #1063 ) ) ;
#1732 = VERTEX_POINT ( 'NONE', #601 ) ;
#1733 = DIRECTION ( 'NONE',  ( -0.000000000000000000, 1.000000000000000000, -0.000000000000000000 ) ) ;
#1734 = CIRCLE ( 'NONE', #2417, 1.000000000000000000 ) ;
#1735 = CARTESIAN_POINT ( 'NONE',  ( 69.00000000000000000, -58.00000000000000000, 19.00000000000000355 ) ) ;
#1736 = EDGE_LOOP ( 'NONE', ( #1848, #2545, #1537, #2073, #2256, #1056, #937, #10, #2595, #1084, #192, #2544, #349, #1863, #1102, #750, #699, #2424, #781, #2579 ) ) ;
#1737 = ADVANCED_FACE ( 'NONE', ( #2422 ), #1936, .F. ) ;
#1738 = EDGE_CURVE ( 'NONE', #2031, #2072, #2665, .T. ) ;
#1739 =( LENGTH_UNIT ( ) NAMED_UNIT ( * ) SI_UNIT ( .MILLI., .METRE. ) );
#1740 = DIRECTION ( 'NONE',  ( 0.000000000000000000, 1.000000000000000000, -0.000000000000000000 ) ) ;
#1741 = FACE_OUTER_BOUND ( 'NONE', #2234, .T. ) ;
#1742 = CARTESIAN_POINT ( 'NONE',  ( 86.00000000000000000, 56.00000000000000000, 2.000000000000000000 ) ) ;
#1743 = AXIS2_PLACEMENT_3D ( 'NONE', #1909, #329, #767 ) ;
#1744 = AXIS2_PLACEMENT_3D ( 'NONE', #323, #1944, #1914 ) ;
#1745 = AXIS2_PLACEMENT_3D ( 'NONE', #2100, #2775, #779 ) ;
#1746 = VECTOR ( 'NONE', #1566, 1000.000000000000000 ) ;
#1747 = PLANE ( 'NONE',  #776 ) ;
#1748 = CIRCLE ( 'NONE', #506, 1.000000000000000000 ) ;
#1749 = CARTESIAN_POINT ( 'NONE',  ( -80.00000000000001421, -59.00000000000000711, 4.000000000000000000 ) ) ;
#1750 = EDGE_LOOP ( 'NONE', ( #865, #2913, #1606, #2080 ) ) ;
#1751 = ORIENTED_EDGE ( 'NONE', *, *, #1082, .T. ) ;
#1752 = LINE ( 'NONE', #1705, #2498 ) ;
#1753 = SPHERICAL_SURFACE ( 'NONE', #1502, 1.000000000000000000 ) ;
#1754 = ORIENTED_EDGE ( 'NONE', *, *, #968, .F. ) ;
#1755 = PRODUCT_DEFINITION_CONTEXT ( 'detailed design', #2614, 'design' ) ;
#1756 = DIRECTION ( 'NONE',  ( -1.000000000000000000, -0.000000000000000000, -0.000000000000000000 ) ) ;
#1757 = LINE ( 'NONE', #1941, #2797 ) ;
#1758 = EDGE_CURVE ( 'NONE', #1906, #670, #823, .T. ) ;
#1759 = LINE ( 'NONE', #2476, #1145 ) ;
#1760 = ORIENTED_EDGE ( 'NONE', *, *, #693, .T. ) ;
#1761 = CARTESIAN_POINT ( 'NONE',  ( 85.99999999999998579, -58.00000000000000000, 2.000000000000000000 ) ) ;
#1762 = CARTESIAN_POINT ( 'NONE',  ( 40.80000000000000426, -51.00000000000000711, 3.000000000000002665 ) ) ;
#1763 = DIRECTION ( 'NONE',  ( -1.000000000000000000, 0.000000000000000000, 0.000000000000000000 ) ) ;
#1764 = EDGE_CURVE ( 'NONE', #270, #1609, #2885, .T. ) ;
#1765 = ORIENTED_EDGE ( 'NONE', *, *, #246, .T. ) ;
#1766 = CIRCLE ( 'NONE', #381, 1.000000000000000000 ) ;
#1767 = CARTESIAN_POINT ( 'NONE',  ( -79.00000000000000000, -59.00000000000000711, 4.000000000000000000 ) ) ;
#1768 = AXIS2_PLACEMENT_3D ( 'NONE', #1853, #914, #664 ) ;
#1769 = CARTESIAN_POINT ( 'NONE',  ( -79.00000000000001421, -59.00000000000000711, 4.999999999999993783 ) ) ;
#1770 = ORIENTED_EDGE ( 'NONE', *, *, #862, .F. ) ;
#1771 = AXIS2_PLACEMENT_3D ( 'NONE', #723, #537, #1446 ) ;
#1772 = DIRECTION ( 'NONE',  ( -0.000000000000000000, 1.000000000000000000, -0.000000000000000000 ) ) ;
#1773 = ORIENTED_EDGE ( 'NONE', *, *, #1377, .F. ) ;
#1774 = VERTEX_POINT ( 'NONE', #373 ) ;
#1775 = PLANE ( 'NONE',  #1644 ) ;
#1776 = DIRECTION ( 'NONE',  ( 0.000000000000000000, 0.000000000000000000, -1.000000000000000000 ) ) ;
#1777 = VECTOR ( 'NONE', #1168, 1000.000000000000000 ) ;
#1778 = CIRCLE ( 'NONE', #722, 0.7999999999999951594 ) ;
#1779 = FACE_OUTER_BOUND ( 'NONE', #713, .T. ) ;
#1780 = EDGE_LOOP ( 'NONE', ( #2783, #374 ) ) ;
#1781 = DIRECTION ( 'NONE',  ( 1.000000000000000000, 0.000000000000000000, 0.000000000000000000 ) ) ;
#1782 = DIRECTION ( 'NONE',  ( 1.000000000000000000, 0.000000000000000000, 0.000000000000000000 ) ) ;
#1783 = VERTEX_POINT ( 'NONE', #1493 ) ;
#1784 = FACE_OUTER_BOUND ( 'NONE', #159, .T. ) ;
#1785 = ORIENTED_EDGE ( 'NONE', *, *, #1843, .F. ) ;
#1786 = DIRECTION ( 'NONE',  ( 0.000000000000000000, 1.000000000000000000, 0.000000000000000000 ) ) ;
#1787 = CARTESIAN_POINT ( 'NONE',  ( -70.00000000000000000, -60.00000000000000711, 4.999999999999993783 ) ) ;
#1788 = DIRECTION ( 'NONE',  ( -1.000000000000000000, 0.000000000000000000, 0.000000000000000000 ) ) ;
#1789 = AXIS2_PLACEMENT_3D ( 'NONE', #2704, #627, #2942 ) ;
#1790 = AXIS2_PLACEMENT_3D ( 'NONE', #1878, #2826, #2377 ) ;
#1791 = VECTOR ( 'NONE', #2184, 1000.000000000000000 ) ;
#1792 = EDGE_CURVE ( 'NONE', #2188, #2637, #1842, .T. ) ;
#1793 = CARTESIAN_POINT ( 'NONE',  ( -4.000000000000000000, 59.00000000000000711, 5.000000000000000000 ) ) ;
#1794 = ORIENTED_EDGE ( 'NONE', *, *, #337, .T. ) ;
#1795 = EDGE_CURVE ( 'NONE', #899, #1834, #1278, .T. ) ;
#1796 = DIRECTION ( 'NONE',  ( 0.000000000000000000, -0.000000000000000000, 1.000000000000000000 ) ) ;
#1797 = LINE ( 'NONE', #13, #1846 ) ;
#1798 = ORIENTED_EDGE ( 'NONE', *, *, #1091, .F. ) ;
#1799 =( NAMED_UNIT ( * ) SI_UNIT ( $, .STERADIAN. ) SOLID_ANGLE_UNIT ( ) );
#1800 = EDGE_LOOP ( 'NONE', ( #714, #986, #933, #2360 ) ) ;
#1801 = LINE ( 'NONE', #2951, #2524 ) ;
#1802 = ORIENTED_EDGE ( 'NONE', *, *, #2030, .T. ) ;
#1803 = CARTESIAN_POINT ( 'NONE',  ( -71.00000000000001421, -59.00000000000000711, 4.999999999999993783 ) ) ;
#1804 = ADVANCED_FACE ( 'NONE', ( #401 ), #150, .T. ) ;
#1805 = ORIENTED_EDGE ( 'NONE', *, *, #1662, .F. ) ;
#1806 = DIRECTION ( 'NONE',  ( -0.000000000000000000, -0.000000000000000000, -1.000000000000000000 ) ) ;
#1807 = CYLINDRICAL_SURFACE ( 'NONE', #2935, 1.000000000000000000 ) ;
#1808 = EDGE_CURVE ( 'NONE', #1406, #1464, #72, .T. ) ;
#1809 = ORIENTED_EDGE ( 'NONE', *, *, #1835, .F. ) ;
#1810 = CARTESIAN_POINT ( 'NONE',  ( -69.00000000000000000, -56.00000000000000000, 19.00000000000000355 ) ) ;
#1811 = ADVANCED_FACE ( 'NONE', ( #1245 ), #1753, .T. ) ;
#1812 = DIRECTION ( 'NONE',  ( -0.000000000000000000, -0.000000000000000000, 1.000000000000000000 ) ) ;
#1813 = ORIENTED_EDGE ( 'NONE', *, *, #2167, .F. ) ;
#1814 = VECTOR ( 'NONE', #16, 1000.000000000000000 ) ;
#1815 = ORIENTED_EDGE ( 'NONE', *, *, #916, .T. ) ;
#1816 = AXIS2_PLACEMENT_3D ( 'NONE', #2655, #617, #1981 ) ;
#1817 = EDGE_CURVE ( 'NONE', #2419, #2458, #2137, .T. ) ;
#1818 = VECTOR ( 'NONE', #934, 1000.000000000000000 ) ;
#1819 = CARTESIAN_POINT ( 'NONE',  ( 88.00000000000000000, -56.00000000000000000, 0.000000000000000000 ) ) ;
#1820 = EDGE_LOOP ( 'NONE', ( #1157, #1409, #1149, #483 ) ) ;
#1821 = EDGE_CURVE ( 'NONE', #281, #1783, #2531, .T. ) ;
#1822 = DIRECTION ( 'NONE',  ( 0.000000000000000000, 0.000000000000000000, 1.000000000000000000 ) ) ;
#1823 = ADVANCED_FACE ( 'NONE', ( #1589 ), #2042, .F. ) ;
#1824 = CARTESIAN_POINT ( 'NONE',  ( -83.99999999999998579, -54.00000000000000000, 2.999999999999999112 ) ) ;
#1825 = ORIENTED_EDGE ( 'NONE', *, *, #1164, .F. ) ;
#1826 = ORIENTED_EDGE ( 'NONE', *, *, #2889, .F. ) ;
#1827 = ADVANCED_FACE ( 'NONE', ( #222 ), #1603, .T. ) ;
#1828 = AXIS2_PLACEMENT_3D ( 'NONE', #2414, #350, #605 ) ;
#1829 = CARTESIAN_POINT ( 'NONE',  ( -4.000000000000000000, 60.00000000000000711, 5.000000000000000000 ) ) ;
#1830 = DIRECTION ( 'NONE',  ( 1.000000000000000000, 0.000000000000000000, 0.000000000000000000 ) ) ;
#1831 = EDGE_LOOP ( 'NONE', ( #473, #525, #279, #1134, #369, #2371, #820, #2728 ) ) ;
#1832 = ORIENTED_EDGE ( 'NONE', *, *, #2530, .F. ) ;
#1833 = CARTESIAN_POINT ( 'NONE',  ( -70.00000000000000000, -58.00000000000000000, 4.999999999999993783 ) ) ;
#1834 = VERTEX_POINT ( 'NONE', #2287 ) ;
#1835 = EDGE_CURVE ( 'NONE', #662, #492, #415, .T. ) ;
#1836 = ORIENTED_EDGE ( 'NONE', *, *, #384, .F. ) ;
#1837 = DIRECTION ( 'NONE',  ( -0.000000000000000000, -1.000000000000000000, -0.000000000000000000 ) ) ;
#1838 = CARTESIAN_POINT ( 'NONE',  ( -79.00000000000001421, -58.00000000000000000, 4.999999999999992895 ) ) ;
#1839 = EDGE_LOOP ( 'NONE', ( #1581, #1680, #1097, #2336, #897, #79, #30, #4 ) ) ;
#1840 = EDGE_CURVE ( 'NONE', #2300, #1024, #1367, .T. ) ;
#1841 = ORIENTED_EDGE ( 'NONE', *, *, #2079, .F. ) ;
#1842 = CIRCLE ( 'NONE', #2081, 2.000000000000001776 ) ;
#1843 = EDGE_CURVE ( 'NONE', #2300, #542, #2903, .T. ) ;
#1844 = AXIS2_PLACEMENT_3D ( 'NONE', #564, #340, #597 ) ;
#1845 = CARTESIAN_POINT ( 'NONE',  ( -4.000000000000000000, 60.00000000000000711, 3.000000000000000000 ) ) ;
#1846 = VECTOR ( 'NONE', #206, 1000.000000000000000 ) ;
#1847 = DIRECTION ( 'NONE',  ( 0.000000000000000000, 0.000000000000000000, -1.000000000000000000 ) ) ;
#1848 = ORIENTED_EDGE ( 'NONE', *, *, #2889, .T. ) ;
#1849 = CARTESIAN_POINT ( 'NONE',  ( -71.00000000000001421, -60.00000000000000711, 4.999999999999993783 ) ) ;
#1850 = CARTESIAN_POINT ( 'NONE',  ( 67.20000000000000284, -52.00000000000000711, 19.00000000000000355 ) ) ;
#1851 = VERTEX_POINT ( 'NONE', #476 ) ;
#1852 = EDGE_LOOP ( 'NONE', ( #2056, #763, #2466, #527 ) ) ;
#1853 = CARTESIAN_POINT ( 'NONE',  ( 40.80000000000000426, -53.19999999999999574, 19.00000000000000355 ) ) ;
#1854 = EDGE_CURVE ( 'NONE', #683, #851, #2735, .T. ) ;
#1855 = CARTESIAN_POINT ( 'NONE',  ( -4.000000000000000000, 59.00000000000000711, 4.000000000000000000 ) ) ;
#1856 = CARTESIAN_POINT ( 'NONE',  ( 71.00000000000001421, -60.00000000000000711, 4.000000000000000000 ) ) ;
#1857 = ORIENTED_EDGE ( 'NONE', *, *, #1931, .T. ) ;
#1858 = CARTESIAN_POINT ( 'NONE',  ( 69.00000000000000000, -53.19999999999998863, 2.999999999999999112 ) ) ;
#1859 = ADVANCED_FACE ( 'NONE', ( #445 ), #2069, .F. ) ;
#1860 = CARTESIAN_POINT ( 'NONE',  ( 86.00000000000000000, -53.99999999999998579, 19.00000000000000355 ) ) ;
#1861 = ORIENTED_EDGE ( 'NONE', *, *, #2737, .F. ) ;
#1862 = LINE ( 'NONE', #1659, #2777 ) ;
#1863 = ORIENTED_EDGE ( 'NONE', *, *, #946, .T. ) ;
#1864 = LINE ( 'NONE', #2093, #1545 ) ;
#1865 = CARTESIAN_POINT ( 'NONE',  ( 40.80000000000000426, -53.19999999999999574, 19.00000000000000355 ) ) ;
#1866 = AXIS2_PLACEMENT_3D ( 'NONE', #1964, #600, #2639 ) ;
#1867 = AXIS2_PLACEMENT_3D ( 'NONE', #732, #1234, #347 ) ;
#1868 = DIRECTION ( 'NONE',  ( -0.000000000000000000, -1.000000000000000000, -0.000000000000000000 ) ) ;
#1869 = ORIENTED_EDGE ( 'NONE', *, *, #2703, .F. ) ;
#1870 = EDGE_CURVE ( 'NONE', #101, #1646, #644, .T. ) ;
#1871 = DIRECTION ( 'NONE',  ( -0.000000000000000000, 1.000000000000000000, -0.000000000000000000 ) ) ;
#1872 = DIRECTION ( 'NONE',  ( -1.000000000000000000, 0.000000000000000000, 0.000000000000000000 ) ) ;
#1873 = ORIENTED_EDGE ( 'NONE', *, *, #1317, .T. ) ;
#1874 = AXIS2_PLACEMENT_3D ( 'NONE', #1838, #2313, #694 ) ;
#1875 = ORIENTED_EDGE ( 'NONE', *, *, #1931, .F. ) ;
#1876 = EDGE_LOOP ( 'NONE', ( #1836, #2284, #971, #2767 ) ) ;
#1877 = AXIS2_PLACEMENT_3D ( 'NONE', #145, #1299, #1048 ) ;
#1878 = CARTESIAN_POINT ( 'NONE',  ( 0.000000000000000000, -56.00000000000000000, 19.00000000000000355 ) ) ;
#1879 = VERTEX_POINT ( 'NONE', #1129 ) ;
#1880 = DIRECTION ( 'NONE',  ( 1.000000000000000000, 0.000000000000000000, -7.806255641895625614E-15 ) ) ;
#1881 = CARTESIAN_POINT ( 'NONE',  ( 67.20000000000000284, -51.00000000000000711, 2.000000000000000000 ) ) ;
#1882 = FACE_BOUND ( 'NONE', #481, .T. ) ;
#1883 = EDGE_CURVE ( 'NONE', #2705, #2943, #691, .T. ) ;
#1884 = CARTESIAN_POINT ( 'NONE',  ( 67.20000000000000284, -54.00000000000000000, 2.999999999999999112 ) ) ;
#1885 = AXIS2_PLACEMENT_3D ( 'NONE', #1295, #2863, #2630 ) ;
#1886 = DIRECTION ( 'NONE',  ( -0.000000000000000000, 1.000000000000000000, -0.000000000000000000 ) ) ;
#1887 = LINE ( 'NONE', #507, #2009 ) ;
#1888 = EDGE_CURVE ( 'NONE', #1464, #1879, #430, .T. ) ;
#1889 = VECTOR ( 'NONE', #1013, 1000.000000000000000 ) ;
#1890 = DIRECTION ( 'NONE',  ( 1.000000000000000000, -0.000000000000000000, 0.000000000000000000 ) ) ;
#1891 = ORIENTED_EDGE ( 'NONE', *, *, #1326, .F. ) ;
#1892 = CIRCLE ( 'NONE', #355, 1.000000000000000000 ) ;
#1893 = DIRECTION ( 'NONE',  ( -0.000000000000000000, 1.000000000000000000, -0.000000000000000000 ) ) ;
#1894 = LINE ( 'NONE', #1922, #1300 ) ;
#1895 = ORIENTED_EDGE ( 'NONE', *, *, #1050, .F. ) ;
#1896 = ORIENTED_EDGE ( 'NONE', *, *, #417, .T. ) ;
#1897 = CYLINDRICAL_SURFACE ( 'NONE', #2057, 5.000000000000000000 ) ;
#1898 = CARTESIAN_POINT ( 'NONE',  ( 67.20000000000000284, -52.80000000000000426, 19.00000000000000355 ) ) ;
#1899 = FACE_OUTER_BOUND ( 'NONE', #1622, .T. ) ;
#1900 = EDGE_CURVE ( 'NONE', #1851, #466, #1797, .T. ) ;
#1901 = DIRECTION ( 'NONE',  ( 0.000000000000000000, -1.000000000000000000, 0.000000000000000000 ) ) ;
#1902 = DIRECTION ( 'NONE',  ( 0.000000000000000000, 0.000000000000000000, 1.000000000000000000 ) ) ;
#1903 = EDGE_CURVE ( 'NONE', #2961, #2754, #2270, .T. ) ;
#1904 = CARTESIAN_POINT ( 'NONE',  ( 79.00000000000000000, -60.00000000000000711, 5.999999999999992895 ) ) ;
#1905 = DIRECTION ( 'NONE',  ( -0.000000000000000000, 0.000000000000000000, -1.000000000000000000 ) ) ;
#1906 = VERTEX_POINT ( 'NONE', #658 ) ;
#1907 = EDGE_LOOP ( 'NONE', ( #2189, #1068, #1511 ) ) ;
#1908 = EDGE_CURVE ( 'NONE', #1732, #704, #2486, .T. ) ;
#1909 = CARTESIAN_POINT ( 'NONE',  ( 40.80000000000000426, -53.19999999999999574, 2.999999999999999112 ) ) ;
#1910 = ORIENTED_EDGE ( 'NONE', *, *, #574, .T. ) ;
#1911 = CARTESIAN_POINT ( 'NONE',  ( 69.00000000000000000, -56.00000000000000000, 19.00000000000000355 ) ) ;
#1912 = PLANE ( 'NONE',  #2892 ) ;
#1913 = CARTESIAN_POINT ( 'NONE',  ( -71.00000000000001421, -59.00000000000000711, 4.999999999999993783 ) ) ;
#1914 = DIRECTION ( 'NONE',  ( -1.000000000000000000, 0.000000000000000000, 0.000000000000000000 ) ) ;
#1915 = AXIS2_PLACEMENT_3D ( 'NONE', #2629, #1015, #1648 ) ;
#1916 = FACE_OUTER_BOUND ( 'NONE', #2408, .T. ) ;
#1917 = VECTOR ( 'NONE', #1871, 1000.000000000000000 ) ;
#1918 = CARTESIAN_POINT ( 'NONE',  ( 38.99999999999999289, -53.19999999999999574, 2.000000000000000000 ) ) ;
#1919 = ORIENTED_EDGE ( 'NONE', *, *, #2879, .T. ) ;
#1920 = CARTESIAN_POINT ( 'NONE',  ( 39.99999999999999289, -52.80000000000001137, 19.00000000000000355 ) ) ;
#1921 = AXIS2_PLACEMENT_3D ( 'NONE', #260, #2743, #2769 ) ;
#1922 = CARTESIAN_POINT ( 'NONE',  ( 67.20000000000000284, -55.00000000000000000, 2.000000000000000000 ) ) ;
#1923 = EDGE_LOOP ( 'NONE', ( #2555, #2946, #2314, #2764 ) ) ;
#1924 = CARTESIAN_POINT ( 'NONE',  ( 86.00000000000000000, -56.00000000000000000, 2.000000000000000000 ) ) ;
#1925 = CARTESIAN_POINT ( 'NONE',  ( 68.00000000000000000, -52.80000000000001137, 3.000000000000002665 ) ) ;
#1926 = AXIS2_PLACEMENT_3D ( 'NONE', #1286, #2448, #2435 ) ;
#1927 = DIRECTION ( 'NONE',  ( 1.000000000000000000, 0.000000000000000000, -1.387778780781444413E-14 ) ) ;
#1928 = CARTESIAN_POINT ( 'NONE',  ( 20.00000000000000000, 0.000000000000000000, 19.00000000000000355 ) ) ;
#1929 = EDGE_CURVE ( 'NONE', #2637, #2378, #864, .T. ) ;
#1930 = CARTESIAN_POINT ( 'NONE',  ( 0.000000000000000000, -55.00000000000000000, 2.999999999999999112 ) ) ;
#1931 = EDGE_CURVE ( 'NONE', #2146, #2827, #2707, .T. ) ;
#1932 = DIRECTION ( 'NONE',  ( 0.000000000000000000, 1.000000000000000000, 0.000000000000000000 ) ) ;
#1933 = ADVANCED_FACE ( 'NONE', ( #1101 ), #2274, .F. ) ;
#1934 = ORIENTED_EDGE ( 'NONE', *, *, #557, .T. ) ;
#1935 = CARTESIAN_POINT ( 'NONE',  ( 67.20000000000000284, -52.80000000000000426, 19.00000000000000355 ) ) ;
#1936 = CYLINDRICAL_SURFACE ( 'NONE', #973, 5.000000000000000000 ) ;
#1937 = AXIS2_PLACEMENT_3D ( 'NONE', #201, #706, #2556 ) ;
#1938 = ORIENTED_EDGE ( 'NONE', *, *, #1414, .T. ) ;
#1939 = AXIS2_PLACEMENT_3D ( 'NONE', #2183, #1296, #1059 ) ;
#1940 = CARTESIAN_POINT ( 'NONE',  ( -69.00000000000000000, -56.00000000000000000, 19.00000000000000355 ) ) ;
#1941 = CARTESIAN_POINT ( 'NONE',  ( -4.000000000000000000, 59.00000000000000711, 6.000000000000000000 ) ) ;
#1942 = VECTOR ( 'NONE', #1568, 1000.000000000000000 ) ;
#1943 = PLANE ( 'NONE',  #911 ) ;
#1944 = DIRECTION ( 'NONE',  ( -0.000000000000000000, -0.000000000000000000, -1.000000000000000000 ) ) ;
#1945 = AXIS2_PLACEMENT_3D ( 'NONE', #1240, #1886, #1009 ) ;
#1946 = ADVANCED_FACE ( 'NONE', ( #1688 ), #265, .T. ) ;
#1947 = DIRECTION ( 'NONE',  ( -0.000000000000000000, -0.000000000000000000, -1.000000000000000000 ) ) ;
#1948 = FACE_OUTER_BOUND ( 'NONE', #2772, .T. ) ;
#1949 = ORIENTED_EDGE ( 'NONE', *, *, #1704, .F. ) ;
#1950 = VERTEX_POINT ( 'NONE', #1637 ) ;
#1951 = CARTESIAN_POINT ( 'NONE',  ( -69.00000000000000000, 0.000000000000000000, 2.000000000000000000 ) ) ;
#1952 = ADVANCED_FACE ( 'NONE', ( #1621 ), #997, .T. ) ;
#1953 = DIRECTION ( 'NONE',  ( -0.000000000000000000, 0.000000000000000000, 1.000000000000000000 ) ) ;
#1954 = ORIENTED_EDGE ( 'NONE', *, *, #2737, .T. ) ;
#1955 = DIRECTION ( 'NONE',  ( 0.000000000000000000, 0.000000000000000000, -1.000000000000000000 ) ) ;
#1956 = DIRECTION ( 'NONE',  ( 1.000000000000000000, 0.000000000000000000, 0.000000000000000000 ) ) ;
#1957 = DIRECTION ( 'NONE',  ( -1.000000000000000000, 0.000000000000000000, 0.000000000000000000 ) ) ;
#1958 = ORIENTED_EDGE ( 'NONE', *, *, #1312, .T. ) ;
#1959 = CARTESIAN_POINT ( 'NONE',  ( 5.000000000000000000, 60.00000000000000711, 5.000000000000000000 ) ) ;
#1960 = AXIS2_PLACEMENT_3D ( 'NONE', #540, #1189, #1625 ) ;
#1961 = DIRECTION ( 'NONE',  ( -0.000000000000000000, -0.000000000000000000, -1.000000000000000000 ) ) ;
#1962 = AXIS2_PLACEMENT_3D ( 'NONE', #1924, #954, #2122 ) ;
#1963 = VERTEX_POINT ( 'NONE', #1860 ) ;
#1964 = CARTESIAN_POINT ( 'NONE',  ( -84.99999999999998579, -50.00000000000000000, 2.999999999999999112 ) ) ;
#1965 = DIRECTION ( 'NONE',  ( 1.000000000000000000, 0.000000000000000000, -0.000000000000000000 ) ) ;
#1966 = ORIENTED_EDGE ( 'NONE', *, *, #514, .T. ) ;
#1967 = CARTESIAN_POINT ( 'NONE',  ( 4.000000000000000000, 58.00000000000000000, 4.000000000000000000 ) ) ;
#1968 = DIRECTION ( 'NONE',  ( -0.000000000000000000, -1.000000000000000000, -0.000000000000000000 ) ) ;
#1969 = CARTESIAN_POINT ( 'NONE',  ( 4.000000000000000000, 58.00000000000000000, 6.000000000000000000 ) ) ;
#1970 = CARTESIAN_POINT ( 'NONE',  ( -83.99999999999997158, -56.00000000000000000, 3.000000000000002665 ) ) ;
#1971 = LINE ( 'NONE', #2891, #247 ) ;
#1972 = DIRECTION ( 'NONE',  ( 0.000000000000000000, 0.000000000000000000, 1.000000000000000000 ) ) ;
#1973 = EDGE_LOOP ( 'NONE', ( #259, #76, #639 ) ) ;
#1974 = ORIENTED_EDGE ( 'NONE', *, *, #1888, .F. ) ;
#1975 = EDGE_CURVE ( 'NONE', #1520, #2150, #932, .T. ) ;
#1976 = DIRECTION ( 'NONE',  ( 0.000000000000000000, 0.000000000000000000, 1.000000000000000000 ) ) ;
#1977 = CIRCLE ( 'NONE', #680, 1.000000000000000000 ) ;
#1978 = EDGE_CURVE ( 'NONE', #616, #1618, #295, .T. ) ;
#1979 = CARTESIAN_POINT ( 'NONE',  ( -5.000000000000000000, 59.00000000000000711, 4.000000000000000000 ) ) ;
#1980 = ORIENTED_EDGE ( 'NONE', *, *, #353, .F. ) ;
#1981 = DIRECTION ( 'NONE',  ( 1.000000000000000000, 0.000000000000000000, 0.000000000000000000 ) ) ;
#1982 = DIRECTION ( 'NONE',  ( 0.000000000000000000, 0.000000000000000000, 1.000000000000000000 ) ) ;
#1983 = CARTESIAN_POINT ( 'NONE',  ( 20.00000000000000000, 56.00000000000000000, 19.00000000000000355 ) ) ;
#1984 = CARTESIAN_POINT ( 'NONE',  ( -71.00000000000001421, -58.00000000000000000, 3.000000000000000000 ) ) ;
#1985 = VECTOR ( 'NONE', #2506, 1000.000000000000000 ) ;
#1986 = VECTOR ( 'NONE', #2175, 1000.000000000000000 ) ;
#1987 = AXIS2_PLACEMENT_3D ( 'NONE', #1479, #344, #121 ) ;
#1988 = EDGE_CURVE ( 'NONE', #2084, #1990, #1173, .T. ) ;
#1989 = CARTESIAN_POINT ( 'NONE',  ( 83.99999999999998579, -54.00000000000000000, 2.000000000000000000 ) ) ;
#1990 = VERTEX_POINT ( 'NONE', #2609 ) ;
#1991 = LINE ( 'NONE', #2418, #2900 ) ;
#1992 = ORIENTED_EDGE ( 'NONE', *, *, #2044, .F. ) ;
#1993 = CARTESIAN_POINT ( 'NONE',  ( 5.000000000000000000, 0.000000000000000000, -0.001000000000000132727 ) ) ;
#1994 = DIRECTION ( 'NONE',  ( 0.000000000000000000, 0.000000000000000000, -1.000000000000000000 ) ) ;
#1995 = EDGE_LOOP ( 'NONE', ( #5, #2291, #1938, #634 ) ) ;
#1996 = UNCERTAINTY_MEASURE_WITH_UNIT (LENGTH_MEASURE( 1.000000000000000082E-05 ), #366, 'distance_accuracy_value', 'NONE');
#1997 = DIRECTION ( 'NONE',  ( -0.000000000000000000, -0.000000000000000000, -1.000000000000000000 ) ) ;
#1998 = DIRECTION ( 'NONE',  ( -0.000000000000000000, -0.000000000000000000, -1.000000000000000000 ) ) ;
#1999 = DIRECTION ( 'NONE',  ( -1.000000000000000000, 0.000000000000000000, 0.000000000000000000 ) ) ;
#2000 = EDGE_LOOP ( 'NONE', ( #502, #77, #2763, #1919, #2916 ) ) ;
#2001 = FACE_BOUND ( 'NONE', #1831, .T. ) ;
#2002 = SPHERICAL_SURFACE ( 'NONE', #580, 1.000000000000000000 ) ;
#2003 = ORIENTED_EDGE ( 'NONE', *, *, #550, .T. ) ;
#2004 = DIRECTION ( 'NONE',  ( 1.000000000000000000, 0.000000000000000000, 0.000000000000000000 ) ) ;
#2005 = ORIENTED_EDGE ( 'NONE', *, *, #513, .T. ) ;
#2006 = CYLINDRICAL_SURFACE ( 'NONE', #1563, 0.8000000000000090372 ) ;
#2007 = DIRECTION ( 'NONE',  ( 1.000000000000000000, -0.000000000000000000, -0.000000000000000000 ) ) ;
#2008 = EDGE_LOOP ( 'NONE', ( #1560, #784, #219, #2118 ) ) ;
#2009 = VECTOR ( 'NONE', #2591, 1000.000000000000000 ) ;
#2010 = STYLED_ITEM ( 'NONE', ( #1028 ), #2803 ) ;
#2011 = DIRECTION ( 'NONE',  ( 0.000000000000000000, 0.000000000000000000, -1.000000000000000000 ) ) ;
#2012 = ORIENTED_EDGE ( 'NONE', *, *, #553, .T. ) ;
#2013 = DIRECTION ( 'NONE',  ( 0.000000000000000000, 0.000000000000000000, -1.000000000000000000 ) ) ;
#2014 = CARTESIAN_POINT ( 'NONE',  ( 40.80000000000000426, -52.80000000000001137, 19.00000000000000355 ) ) ;
#2015 = ORIENTED_EDGE ( 'NONE', *, *, #1903, .T. ) ;
#2016 = ORIENTED_EDGE ( 'NONE', *, *, #1883, .T. ) ;
#2017 = EDGE_CURVE ( 'NONE', #1720, #398, #1351, .T. ) ;
#2018 = FACE_OUTER_BOUND ( 'NONE', #1852, .T. ) ;
#2019 = AXIS2_PLACEMENT_3D ( 'NONE', #519, #85, #1429 ) ;
#2020 = EDGE_CURVE ( 'NONE', #1406, #2163, #453, .T. ) ;
#2021 = PLANE ( 'NONE',  #114 ) ;
#2022 = EDGE_LOOP ( 'NONE', ( #1717, #2857, #2261 ) ) ;
#2023 = DIRECTION ( 'NONE',  ( 1.000000000000000000, 0.000000000000000000, 0.000000000000000000 ) ) ;
#2024 = EDGE_CURVE ( 'NONE', #267, #2188, #964, .T. ) ;
#2025 = CARTESIAN_POINT ( 'NONE',  ( 0.000000000000000000, -50.00000000000000000, 19.00000000000000355 ) ) ;
#2026 = VERTEX_POINT ( 'NONE', #86 ) ;
#2027 = ORIENTED_EDGE ( 'NONE', *, *, #362, .T. ) ;
#2028 = CARTESIAN_POINT ( 'NONE',  ( -70.00000000000000000, -59.00000000000000711, 4.999999999999993783 ) ) ;
#2029 = CARTESIAN_POINT ( 'NONE',  ( -84.99999999999998579, 0.000000000000000000, 2.999999999999999112 ) ) ;
#2030 = EDGE_CURVE ( 'NONE', #479, #581, #1065, .T. ) ;
#2031 = VERTEX_POINT ( 'NONE', #508 ) ;
#2032 = VECTOR ( 'NONE', #2359, 1000.000000000000000 ) ;
#2033 = DIRECTION ( 'NONE',  ( 1.000000000000000000, 0.000000000000000000, -0.000000000000000000 ) ) ;
#2034 = CIRCLE ( 'NONE', #2804, 1.000000000000000000 ) ;
#2035 = EDGE_CURVE ( 'NONE', #695, #2637, #1416, .T. ) ;
#2036 = AXIS2_PLACEMENT_3D ( 'NONE', #2860, #2899, #838 ) ;
#2037 = CIRCLE ( 'NONE', #2807, 1.000000000000000000 ) ;
#2038 = PLANE ( 'NONE',  #1789 ) ;
#2039 = EDGE_LOOP ( 'NONE', ( #202, #1394, #268, #2027, #1131 ) ) ;
#2040 = EDGE_CURVE ( 'NONE', #726, #1132, #491, .T. ) ;
#2041 = CARTESIAN_POINT ( 'NONE',  ( 86.00000000000000000, -50.00000000000000000, 3.000000000000002665 ) ) ;
#2042 = CYLINDRICAL_SURFACE ( 'NONE', #1457, 1.000000000000000000 ) ;
#2043 = VERTEX_POINT ( 'NONE', #743 ) ;
#2044 = EDGE_CURVE ( 'NONE', #552, #1140, #1154, .T. ) ;
#2045 = ORIENTED_EDGE ( 'NONE', *, *, #2158, .T. ) ;
#2046 = CARTESIAN_POINT ( 'NONE',  ( 88.00000000000000000, -50.00000000000000000, 19.00000000000000355 ) ) ;
#2047 = ORIENTED_EDGE ( 'NONE', *, *, #1908, .T. ) ;
#2048 = CARTESIAN_POINT ( 'NONE',  ( 79.00000000000000000, -59.00000000000000711, 4.999999999999992895 ) ) ;
#2049 = FACE_OUTER_BOUND ( 'NONE', #1731, .T. ) ;
#2050 = EDGE_LOOP ( 'NONE', ( #410, #2724, #2592 ) ) ;
#2051 = DIRECTION ( 'NONE',  ( -0.000000000000000000, -1.000000000000000000, -0.000000000000000000 ) ) ;
#2052 = DIRECTION ( 'NONE',  ( 0.000000000000000000, 0.000000000000000000, 1.000000000000000000 ) ) ;
#2053 = ORIENTED_EDGE ( 'NONE', *, *, #1883, .F. ) ;
#2054 = ORIENTED_EDGE ( 'NONE', *, *, #2326, .T. ) ;
#2055 = VECTOR ( 'NONE', #1434, 1000.000000000000000 ) ;
#2056 = ORIENTED_EDGE ( 'NONE', *, *, #181, .T. ) ;
#2057 = AXIS2_PLACEMENT_3D ( 'NONE', #2344, #797, #2393 ) ;
#2058 = CIRCLE ( 'NONE', #1616, 0.7999999999999951594 ) ;
#2059 = CARTESIAN_POINT ( 'NONE',  ( 70.00000000000000000, -58.00000000000000000, 4.000000000000007994 ) ) ;
#2060 = ORIENTED_EDGE ( 'NONE', *, *, #840, .F. ) ;
#2061 = MECHANICAL_DESIGN_GEOMETRIC_PRESENTATION_REPRESENTATION (  '', ( #2010 ), #766 ) ;
#2062 = DIRECTION ( 'NONE',  ( -0.000000000000000000, 1.000000000000000000, -0.000000000000000000 ) ) ;
#2063 = CYLINDRICAL_SURFACE ( 'NONE', #1098, 1.000000000000000000 ) ;
#2064 = VERTEX_POINT ( 'NONE', #1656 ) ;
#2065 =( GEOMETRIC_REPRESENTATION_CONTEXT ( 3 ) GLOBAL_UNCERTAINTY_ASSIGNED_CONTEXT ( ( #1996 ) ) GLOBAL_UNIT_ASSIGNED_CONTEXT ( ( #366, #2237, #1283 ) ) REPRESENTATION_CONTEXT ( 'NONE', 'WORKASPACE' ) );
#2066 = ORIENTED_EDGE ( 'NONE', *, *, #2569, .F. ) ;
#2067 = VECTOR ( 'NONE', #2366, 1000.000000000000000 ) ;
#2068 = CARTESIAN_POINT ( 'NONE',  ( 71.00000000000001421, -59.00000000000000711, 4.999999999999992895 ) ) ;
#2069 = PLANE ( 'NONE',  #1066 ) ;
#2070 = ORIENTED_EDGE ( 'NONE', *, *, #1535, .T. ) ;
#2071 = VERTEX_POINT ( 'NONE', #1918 ) ;
#2072 = VERTEX_POINT ( 'NONE', #2840 ) ;
#2073 = ORIENTED_EDGE ( 'NONE', *, *, #2909, .T. ) ;
#2074 = LINE ( 'NONE', #2534, #2131 ) ;
#2075 = EDGE_LOOP ( 'NONE', ( #135, #873, #255, #1233, #2967, #2561, #2921, #22 ) ) ;
#2076 = CARTESIAN_POINT ( 'NONE',  ( 80.00000000000000000, -60.00000000000000711, 4.999999999999985789 ) ) ;
#2077 = FACE_OUTER_BOUND ( 'NONE', #1243, .T. ) ;
#2078 = EDGE_LOOP ( 'NONE', ( #1347, #1219, #1765, #44 ) ) ;
#2079 = EDGE_CURVE ( 'NONE', #253, #270, #2623, .T. ) ;
#2080 = ORIENTED_EDGE ( 'NONE', *, *, #1673, .F. ) ;
#2081 = AXIS2_PLACEMENT_3D ( 'NONE', #1055, #631, #1536 ) ;
#2082 = CIRCLE ( 'NONE', #1586, 1.000000000000000000 ) ;
#2083 = DIRECTION ( 'NONE',  ( -0.000000000000000000, 0.000000000000000000, -1.000000000000000000 ) ) ;
#2084 = VERTEX_POINT ( 'NONE', #2303 ) ;
#2085 = CARTESIAN_POINT ( 'NONE',  ( 67.20000000000000284, -52.00000000000000711, 19.00000000000000355 ) ) ;
#2086 = EDGE_CURVE ( 'NONE', #1384, #824, #250, .T. ) ;
#2087 = VERTEX_POINT ( 'NONE', #2355 ) ;
#2088 = EDGE_LOOP ( 'NONE', ( #49, #1857, #2439, #1052 ) ) ;
#2089 = ORIENTED_EDGE ( 'NONE', *, *, #334, .T. ) ;
#2090 = AXIS2_PLACEMENT_3D ( 'NONE', #2837, #2866, #1902 ) ;
#2091 = LINE ( 'NONE', #451, #2756 ) ;
#2092 = ORIENTED_EDGE ( 'NONE', *, *, #2812, .F. ) ;
#2093 = CARTESIAN_POINT ( 'NONE',  ( 79.00000000000000000, -60.00000000000000711, 4.000000000000000000 ) ) ;
#2094 = CARTESIAN_POINT ( 'NONE',  ( 69.00000000000000000, -58.00000000000000000, 19.00000000000000355 ) ) ;
#2095 = DIRECTION ( 'NONE',  ( -0.000000000000000000, -1.000000000000000000, -0.000000000000000000 ) ) ;
#2096 = VERTEX_POINT ( 'NONE', #1201 ) ;
#2097 = EDGE_CURVE ( 'NONE', #2413, #253, #1892, .T. ) ;
#2098 = DIRECTION ( 'NONE',  ( -1.000000000000000000, 0.000000000000000000, 0.000000000000000000 ) ) ;
#2099 = CARTESIAN_POINT ( 'NONE',  ( -79.00000000000000000, -58.00000000000000000, 3.000000000000000000 ) ) ;
#2100 = CARTESIAN_POINT ( 'NONE',  ( -4.000000000000000000, 59.00000000000000711, 4.000000000000000000 ) ) ;
#2101 = ORIENTED_EDGE ( 'NONE', *, *, #362, .F. ) ;
#2102 = ORIENTED_EDGE ( 'NONE', *, *, #2035, .T. ) ;
#2103 = ORIENTED_EDGE ( 'NONE', *, *, #218, .T. ) ;
#2104 = CARTESIAN_POINT ( 'NONE',  ( 86.00000000000000000, 0.000000000000000000, 2.999999999999999112 ) ) ;
#2105 = VERTEX_POINT ( 'NONE', #1474 ) ;
#2106 = LINE ( 'NONE', #1136, #2716 ) ;
#2107 = DIRECTION ( 'NONE',  ( -0.000000000000000000, -1.000000000000000000, -0.000000000000000000 ) ) ;
#2108 = CIRCLE ( 'NONE', #2599, 1.000000000000000000 ) ;
#2109 = DIRECTION ( 'NONE',  ( 1.387778780781455300E-14, -0.000000000000000000, 1.000000000000000000 ) ) ;
#2110 = VECTOR ( 'NONE', #2872, 1000.000000000000000 ) ;
#2111 = ORIENTED_EDGE ( 'NONE', *, *, #1495, .T. ) ;
#2112 = DIRECTION ( 'NONE',  ( -1.000000000000000000, 0.000000000000000000, 0.000000000000000000 ) ) ;
#2113 = EDGE_CURVE ( 'NONE', #539, #2071, #2135, .T. ) ;
#2114 = CYLINDRICAL_SURFACE ( 'NONE', #710, 1.000000000000000000 ) ;
#2115 = DIRECTION ( 'NONE',  ( 1.000000000000000000, 0.000000000000000000, -0.000000000000000000 ) ) ;
#2116 = ORIENTED_EDGE ( 'NONE', *, *, #830, .T. ) ;
#2117 = VECTOR ( 'NONE', #1378, 1000.000000000000000 ) ;
#2118 = ORIENTED_EDGE ( 'NONE', *, *, #2379, .F. ) ;
#2119 = EDGE_CURVE ( 'NONE', #2754, #2722, #2162, .T. ) ;
#2120 = LINE ( 'NONE', #2815, #2898 ) ;
#2121 = EDGE_LOOP ( 'NONE', ( #2949, #686, #1664, #667 ) ) ;
#2122 = DIRECTION ( 'NONE',  ( -1.000000000000000000, 0.000000000000000000, 0.000000000000000000 ) ) ;
#2123 = CARTESIAN_POINT ( 'NONE',  ( 4.000000000000000000, 59.00000000000000711, 5.000000000000000000 ) ) ;
#2124 = CARTESIAN_POINT ( 'NONE',  ( -85.99999999999998579, 58.00000000000000000, 2.000000000000000000 ) ) ;
#2125 = EDGE_LOOP ( 'NONE', ( #1661, #212, #2598, #716 ) ) ;
#2126 = CARTESIAN_POINT ( 'NONE',  ( -86.00000000000000000, -53.99999999999998579, 19.00000000000000355 ) ) ;
#2127 = AXIS2_PLACEMENT_3D ( 'NONE', #2656, #2169, #2194 ) ;
#2128 = FACE_OUTER_BOUND ( 'NONE', #880, .T. ) ;
#2129 = EDGE_CURVE ( 'NONE', #579, #949, #1456, .T. ) ;
#2130 = LINE ( 'NONE', #1620, #2690 ) ;
#2131 = VECTOR ( 'NONE', #1133, 1000.000000000000000 ) ;
#2132 = DIRECTION ( 'NONE',  ( -0.000000000000000000, 1.000000000000000000, -0.000000000000000000 ) ) ;
#2133 = ORIENTED_EDGE ( 'NONE', *, *, #2, .F. ) ;
#2134 = ADVANCED_FACE ( 'NONE', ( #2648 ), #1035, .F. ) ;
#2135 = CIRCLE ( 'NONE', #595, 1.000000000000000888 ) ;
#2136 = DIRECTION ( 'NONE',  ( 1.000000000000000000, 0.000000000000000000, 0.000000000000000000 ) ) ;
#2137 = CIRCLE ( 'NONE', #1116, 2.000000000000001776 ) ;
#2138 = DIRECTION ( 'NONE',  ( 0.000000000000000000, 0.000000000000000000, 1.000000000000000000 ) ) ;
#2139 = ORIENTED_EDGE ( 'NONE', *, *, #2709, .T. ) ;
#2140 = DIRECTION ( 'NONE',  ( 7.806255641895624036E-15, 0.000000000000000000, 1.000000000000000000 ) ) ;
#2141 = PLANE ( 'NONE',  #2661 ) ;
#2142 = FACE_OUTER_BOUND ( 'NONE', #2022, .T. ) ;
#2143 = DIRECTION ( 'NONE',  ( 0.000000000000000000, 1.000000000000000000, 0.000000000000000000 ) ) ;
#2144 = DIRECTION ( 'NONE',  ( 1.000000000000000000, 0.000000000000000000, 0.000000000000000000 ) ) ;
#2145 = CARTESIAN_POINT ( 'NONE',  ( -71.00000000000001421, -59.00000000000000711, 4.000000000000000000 ) ) ;
#2146 = VERTEX_POINT ( 'NONE', #1023 ) ;
#2147 = LINE ( 'NONE', #1920, #377 ) ;
#2148 = ADVANCED_FACE ( 'NONE', ( #1730 ), #2204, .T. ) ;
#2149 = DIRECTION ( 'NONE',  ( -0.000000000000000000, -0.000000000000000000, -1.000000000000000000 ) ) ;
#2150 = VERTEX_POINT ( 'NONE', #2894 ) ;
#2151 = LINE ( 'NONE', #2168, #143 ) ;
#2152 = CARTESIAN_POINT ( 'NONE',  ( 79.00000000000000000, -59.00000000000000711, 4.000000000000000000 ) ) ;
#2153 = EDGE_CURVE ( 'NONE', #731, #899, #2082, .T. ) ;
#2154 = DIRECTION ( 'NONE',  ( 1.000000000000000000, 0.000000000000000000, -1.387778780781444413E-14 ) ) ;
#2155 = LINE ( 'NONE', #336, #2950 ) ;
#2156 = CIRCLE ( 'NONE', #1226, 5.000000000000000000 ) ;
#2157 = VECTOR ( 'NONE', #2381, 1000.000000000000000 ) ;
#2158 = EDGE_CURVE ( 'NONE', #2810, #1406, #1991, .T. ) ;
#2159 = LINE ( 'NONE', #338, #2631 ) ;
#2160 = VECTOR ( 'NONE', #1214, 1000.000000000000000 ) ;
#2161 = PRODUCT_DEFINITION_FORMATION_WITH_SPECIFIED_SOURCE ( 'ANY', '', #1729, .NOT_KNOWN. ) ;
#2162 = LINE ( 'NONE', #2912, #1986 ) ;
#2163 = VERTEX_POINT ( 'NONE', #1749 ) ;
#2164 = LINE ( 'NONE', #794, #1275 ) ;
#2165 = DIRECTION ( 'NONE',  ( -0.000000000000000000, -0.000000000000000000, -1.000000000000000000 ) ) ;
#2166 = VERTEX_POINT ( 'NONE', #2187 ) ;
#2167 = EDGE_CURVE ( 'NONE', #731, #151, #2526, .T. ) ;
#2168 = CARTESIAN_POINT ( 'NONE',  ( -4.000000000000000000, 60.00000000000000711, 3.000000000000000000 ) ) ;
#2169 = DIRECTION ( 'NONE',  ( -0.000000000000000000, 1.000000000000000000, 0.000000000000000000 ) ) ;
#2170 = AXIS2_PLACEMENT_3D ( 'NONE', #741, #310, #2821 ) ;
#2171 = DIRECTION ( 'NONE',  ( -1.000000000000000000, -0.000000000000000000, 0.000000000000000000 ) ) ;
#2172 = CARTESIAN_POINT ( 'NONE',  ( -69.00000000000000000, -58.00000000000000000, 19.00000000000000355 ) ) ;
#2173 = DIRECTION ( 'NONE',  ( -0.000000000000000000, 1.000000000000000000, 0.000000000000000000 ) ) ;
#2174 = ADVANCED_FACE ( 'NONE', ( #2453 ), #1051, .F. ) ;
#2175 = DIRECTION ( 'NONE',  ( -0.000000000000000000, -1.000000000000000000, -0.000000000000000000 ) ) ;
#2176 = ORIENTED_EDGE ( 'NONE', *, *, #2619, .T. ) ;
#2177 = DIRECTION ( 'NONE',  ( -0.000000000000000000, -0.000000000000000000, -1.000000000000000000 ) ) ;
#2178 = VECTOR ( 'NONE', #41, 1000.000000000000000 ) ;
#2179 = ORIENTED_EDGE ( 'NONE', *, *, #1619, .F. ) ;
#2180 = VECTOR ( 'NONE', #2725, 1000.000000000000000 ) ;
#2181 = DIRECTION ( 'NONE',  ( -1.000000000000000000, 0.000000000000000000, 0.000000000000000000 ) ) ;
#2182 = AXIS2_PLACEMENT_3D ( 'NONE', #379, #1267, #1726 ) ;
#2183 = CARTESIAN_POINT ( 'NONE',  ( 67.20000000000000284, -53.19999999999999574, 2.999999999999999112 ) ) ;
#2184 = DIRECTION ( 'NONE',  ( 1.000000000000000000, -0.000000000000000000, -0.000000000000000000 ) ) ;
#2185 = EDGE_CURVE ( 'NONE', #649, #1365, #1227, .T. ) ;
#2186 = DIRECTION ( 'NONE',  ( 1.000000000000000000, 0.000000000000000000, 0.000000000000000000 ) ) ;
#2187 = CARTESIAN_POINT ( 'NONE',  ( -69.00000000000000000, -58.00000000000000000, 2.000000000000000000 ) ) ;
#2188 = VERTEX_POINT ( 'NONE', #1272 ) ;
#2189 = ORIENTED_EDGE ( 'NONE', *, *, #2153, .F. ) ;
#2190 = FACE_OUTER_BOUND ( 'NONE', #1641, .T. ) ;
#2191 = CARTESIAN_POINT ( 'NONE',  ( 68.00000000000000000, -53.19999999999998863, 19.00000000000000355 ) ) ;
#2192 = ORIENTED_EDGE ( 'NONE', *, *, #2185, .F. ) ;
#2193 = FACE_OUTER_BOUND ( 'NONE', #1508, .T. ) ;
#2194 = DIRECTION ( 'NONE',  ( 0.000000000000000000, 0.000000000000000000, 1.000000000000000000 ) ) ;
#2195 = FILL_AREA_STYLE_COLOUR ( '', #1530 ) ;
#2196 = CARTESIAN_POINT ( 'NONE',  ( 68.00000000000000000, -53.19999999999999574, 19.00000000000000355 ) ) ;
#2197 = ADVANCED_FACE ( 'NONE', ( #2880 ), #370, .T. ) ;
#2198 = FACE_OUTER_BOUND ( 'NONE', #15, .T. ) ;
#2199 = CIRCLE ( 'NONE', #943, 1.800000000000002931 ) ;
#2200 = EDGE_CURVE ( 'NONE', #248, #2594, #385, .T. ) ;
#2201 = ADVANCED_FACE ( 'NONE', ( #1948 ), #2402, .T. ) ;
#2202 = AXIS2_PLACEMENT_3D ( 'NONE', #1967, #1526, #2011 ) ;
#2203 = CIRCLE ( 'NONE', #2976, 1.000000000000000000 ) ;
#2204 = SPHERICAL_SURFACE ( 'NONE', #2423, 1.000000000000000000 ) ;
#2205 = ORIENTED_EDGE ( 'NONE', *, *, #1561, .F. ) ;
#2206 = CARTESIAN_POINT ( 'NONE',  ( 4.000000000000000000, 60.00000000000000711, 4.000000000000000000 ) ) ;
#2207 = DIRECTION ( 'NONE',  ( 1.000000000000000000, 0.000000000000000000, 0.000000000000000000 ) ) ;
#2208 = VERTEX_POINT ( 'NONE', #147 ) ;
#2209 = EDGE_CURVE ( 'NONE', #1309, #851, #2758, .T. ) ;
#2210 = CARTESIAN_POINT ( 'NONE',  ( -79.00000000000001421, -59.00000000000000711, 4.999999999999993783 ) ) ;
#2211 = CARTESIAN_POINT ( 'NONE',  ( -79.00000000000001421, -59.00000000000000711, 4.999999999999992895 ) ) ;
#2212 = DIRECTION ( 'NONE',  ( 0.000000000000000000, 0.000000000000000000, 1.000000000000000000 ) ) ;
#2213 = MECHANICAL_DESIGN_GEOMETRIC_PRESENTATION_REPRESENTATION (  '', ( #2460 ), #2065 ) ;
#2214 = DIRECTION ( 'NONE',  ( -0.000000000000000000, 0.000000000000000000, -1.000000000000000000 ) ) ;
#2215 = EDGE_CURVE ( 'NONE', #542, #2300, #2227, .T. ) ;
#2216 = CARTESIAN_POINT ( 'NONE',  ( 4.000000000000000000, 60.00000000000000711, 4.999999999999999112 ) ) ;
#2217 = EDGE_LOOP ( 'NONE', ( #1152, #1896, #1419, #1260 ) ) ;
#2218 = DIRECTION ( 'NONE',  ( -1.000000000000000000, 0.000000000000000000, 0.000000000000000000 ) ) ;
#2219 = ADVANCED_FACE ( 'NONE', ( #116 ), #941, .F. ) ;
#2220 = DIRECTION ( 'NONE',  ( -0.000000000000000000, 1.000000000000000000, -0.000000000000000000 ) ) ;
#2221 = ORIENTED_EDGE ( 'NONE', *, *, #459, .F. ) ;
#2222 = DIRECTION ( 'NONE',  ( 0.000000000000000000, 0.000000000000000000, 1.000000000000000000 ) ) ;
#2223 = ORIENTED_EDGE ( 'NONE', *, *, #2119, .F. ) ;
#2224 = CYLINDRICAL_SURFACE ( 'NONE', #1064, 1.000000000000000000 ) ;
#2225 = PLANE ( 'NONE',  #214 ) ;
#2226 = VECTOR ( 'NONE', #2683, 1000.000000000000000 ) ;
#2227 = CIRCLE ( 'NONE', #1640, 5.000000000000000000 ) ;
#2228 = AXIS2_PLACEMENT_3D ( 'NONE', #1117, #878, #682 ) ;
#2229 = CARTESIAN_POINT ( 'NONE',  ( 4.000000000000000000, 60.00000000000000711, 4.000000000000000000 ) ) ;
#2230 = DIRECTION ( 'NONE',  ( -1.387778780781455300E-14, 0.000000000000000000, -1.000000000000000000 ) ) ;
#2231 = ORIENTED_EDGE ( 'NONE', *, *, #1580, .T. ) ;
#2232 = DIRECTION ( 'NONE',  ( 0.000000000000000000, 0.000000000000000000, 1.000000000000000000 ) ) ;
#2233 = CARTESIAN_POINT ( 'NONE',  ( -85.99999999999998579, -58.00000000000000000, 0.000000000000000000 ) ) ;
#2234 = EDGE_LOOP ( 'NONE', ( #1713, #512, #913, #178 ) ) ;
#2235 = ORIENTED_EDGE ( 'NONE', *, *, #242, .T. ) ;
#2236 = EDGE_CURVE ( 'NONE', #1774, #628, #2625, .T. ) ;
#2237 =( NAMED_UNIT ( * ) PLANE_ANGLE_UNIT ( ) SI_UNIT ( $, .RADIAN. ) );
#2238 = FACE_OUTER_BOUND ( 'NONE', #2551, .T. ) ;
#2239 = ADVANCED_FACE ( 'NONE', ( #503 ), #2021, .F. ) ;
#2240 = CARTESIAN_POINT ( 'NONE',  ( 67.20000000000000284, -52.80000000000000426, 2.000000000000000000 ) ) ;
#2241 = ADVANCED_FACE ( 'NONE', ( #2927 ), #2038, .F. ) ;
#2242 = CYLINDRICAL_SURFACE ( 'NONE', #2475, 1.000000000000000000 ) ;
#2243 = ORIENTED_EDGE ( 'NONE', *, *, #611, .T. ) ;
#2244 = CIRCLE ( 'NONE', #45, 1.000000000000000000 ) ;
#2245 = DIRECTION ( 'NONE',  ( 1.000000000000000000, 0.000000000000000000, 0.000000000000000000 ) ) ;
#2246 = VECTOR ( 'NONE', #1342, 1000.000000000000000 ) ;
#2247 = DIRECTION ( 'NONE',  ( 0.000000000000000000, 0.000000000000000000, 1.000000000000000000 ) ) ;
#2248 = ORIENTED_EDGE ( 'NONE', *, *, #2739, .F. ) ;
#2249 = ORIENTED_EDGE ( 'NONE', *, *, #1352, .T. ) ;
#2250 = DIRECTION ( 'NONE',  ( -0.000000000000000000, -1.000000000000000000, -0.000000000000000000 ) ) ;
#2251 = FACE_OUTER_BOUND ( 'NONE', #2736, .T. ) ;
#2252 = FACE_OUTER_BOUND ( 'NONE', #131, .T. ) ;
#2253 = TOROIDAL_SURFACE ( 'NONE', #2357, 1.000000000000001776, 1.000000000000000000 ) ;
#2254 = PLANE ( 'NONE',  #1937 ) ;
#2255 = ADVANCED_FACE ( 'NONE', ( #173 ), #397, .T. ) ;
#2256 = ORIENTED_EDGE ( 'NONE', *, *, #2387, .T. ) ;
#2257 = CARTESIAN_POINT ( 'NONE',  ( 3.999999999999999112, 59.00000000000000711, 5.000000000000000000 ) ) ;
#2258 = DIRECTION ( 'NONE',  ( -0.000000000000000000, -0.000000000000000000, 1.000000000000000000 ) ) ;
#2259 = VERTEX_POINT ( 'NONE', #1315 ) ;
#2260 = ORIENTED_EDGE ( 'NONE', *, *, #2883, .F. ) ;
#2261 = ORIENTED_EDGE ( 'NONE', *, *, #2789, .F. ) ;
#2262 = AXIS2_PLACEMENT_3D ( 'NONE', #2411, #108, #1956 ) ;
#2263 = EDGE_CURVE ( 'NONE', #2413, #683, #1696, .T. ) ;
#2264 = CYLINDRICAL_SURFACE ( 'NONE', #547, 1.000000000000000000 ) ;
#2265 = ORIENTED_EDGE ( 'NONE', *, *, #2883, .T. ) ;
#2266 = LINE ( 'NONE', #1630, #2246 ) ;
#2267 = CARTESIAN_POINT ( 'NONE',  ( -71.00000000000001421, -58.00000000000000000, 5.999999999999992895 ) ) ;
#2268 = AXIS2_PLACEMENT_3D ( 'NONE', #130, #792, #1506 ) ;
#2269 = EDGE_CURVE ( 'NONE', #2810, #1879, #1114, .T. ) ;
#2270 = CIRCLE ( 'NONE', #2806, 1.000000000000000000 ) ;
#2271 = AXIS2_PLACEMENT_3D ( 'NONE', #2588, #2350, #395 ) ;
#2272 = EDGE_LOOP ( 'NONE', ( #358, #2295, #1452 ) ) ;
#2273 = CARTESIAN_POINT ( 'NONE',  ( -88.00000000000000000, 55.99999999999998579, 0.000000000000000000 ) ) ;
#2274 = PLANE ( 'NONE',  #356 ) ;
#2275 = VERTEX_POINT ( 'NONE', #858 ) ;
#2276 = ORIENTED_EDGE ( 'NONE', *, *, #2158, .F. ) ;
#2277 = ORIENTED_EDGE ( 'NONE', *, *, #460, .F. ) ;
#2278 = LINE ( 'NONE', #2059, #2622 ) ;
#2279 = VERTEX_POINT ( 'NONE', #2787 ) ;
#2280 = VERTEX_POINT ( 'NONE', #1856 ) ;
#2281 = DIRECTION ( 'NONE',  ( 0.000000000000000000, 1.000000000000000000, 0.000000000000000000 ) ) ;
#2282 = LINE ( 'NONE', #1632, #719 ) ;
#2283 = EDGE_CURVE ( 'NONE', #1720, #2338, #38, .T. ) ;
#2284 = ORIENTED_EDGE ( 'NONE', *, *, #2079, .T. ) ;
#2285 = ADVANCED_FACE ( 'NONE', ( #1779 ), #721, .T. ) ;
#2286 = PLANE ( 'NONE',  #1093 ) ;
#2287 = CARTESIAN_POINT ( 'NONE',  ( 4.999999999999999112, 59.00000000000000711, 5.000000000000000000 ) ) ;
#2288 = ORIENTED_EDGE ( 'NONE', *, *, #1364, .F. ) ;
#2289 = ORIENTED_EDGE ( 'NONE', *, *, #171, .F. ) ;
#2290 = CIRCLE ( 'NONE', #996, 1.000000000000000000 ) ;
#2291 = ORIENTED_EDGE ( 'NONE', *, *, #2020, .T. ) ;
#2292 = VECTOR ( 'NONE', #1837, 1000.000000000000000 ) ;
#2293 = VECTOR ( 'NONE', #264, 1000.000000000000000 ) ;
#2294 = PLANE ( 'NONE',  #923 ) ;
#2295 = ORIENTED_EDGE ( 'NONE', *, *, #2017, .F. ) ;
#2296 = ADVANCED_FACE ( 'NONE', ( #654 ), #2242, .T. ) ;
#2297 = DIRECTION ( 'NONE',  ( 1.000000000000000000, 0.000000000000000000, 0.000000000000000000 ) ) ;
#2298 = CARTESIAN_POINT ( 'NONE',  ( -84.99999999999998579, 56.00000000000000000, 2.000000000000000000 ) ) ;
#2299 = CIRCLE ( 'NONE', #2608, 1.000000000000000000 ) ;
#2300 = VERTEX_POINT ( 'NONE', #2482 ) ;
#2301 = AXIS2_PLACEMENT_3D ( 'NONE', #409, #831, #128 ) ;
#2302 = PLANE ( 'NONE',  #95 ) ;
#2303 = CARTESIAN_POINT ( 'NONE',  ( -84.99999999999998579, -50.00000000000000000, 2.000000000000001776 ) ) ;
#2304 = ORIENTED_EDGE ( 'NONE', *, *, #611, .F. ) ;
#2305 = ORIENTED_EDGE ( 'NONE', *, *, #2354, .F. ) ;
#2306 = ORIENTED_EDGE ( 'NONE', *, *, #2215, .T. ) ;
#2307 = EDGE_CURVE ( 'NONE', #1384, #616, #1169, .T. ) ;
#2308 = DIRECTION ( 'NONE',  ( 0.000000000000000000, 0.000000000000000000, 1.000000000000000000 ) ) ;
#2309 = ORIENTED_EDGE ( 'NONE', *, *, #802, .T. ) ;
#2310 = CARTESIAN_POINT ( 'NONE',  ( -85.99999999999998579, -58.00000000000000000, 2.000000000000000000 ) ) ;
#2311 = DIRECTION ( 'NONE',  ( -0.000000000000000000, 0.000000000000000000, -1.000000000000000000 ) ) ;
#2312 = VERTEX_POINT ( 'NONE', #1556 ) ;
#2313 = DIRECTION ( 'NONE',  ( 0.000000000000000000, -1.000000000000000000, 0.000000000000000000 ) ) ;
#2314 = ORIENTED_EDGE ( 'NONE', *, *, #1444, .T. ) ;
#2315 = LINE ( 'NONE', #2331, #641 ) ;
#2316 = ORIENTED_EDGE ( 'NONE', *, *, #2829, .F. ) ;
#2317 = VECTOR ( 'NONE', #789, 1000.000000000000000 ) ;
#2318 = VECTOR ( 'NONE', #2250, 1000.000000000000000 ) ;
#2319 = VECTOR ( 'NONE', #2462, 1000.000000000000000 ) ;
#2320 = DIRECTION ( 'NONE',  ( -0.000000000000000000, 1.000000000000000000, -0.000000000000000000 ) ) ;
#2321 = CARTESIAN_POINT ( 'NONE',  ( 79.00000000000000000, -59.00000000000000711, 4.000000000000000000 ) ) ;
#2322 = ORIENTED_EDGE ( 'NONE', *, *, #1034, .F. ) ;
#2323 = LINE ( 'NONE', #61, #2055 ) ;
#2324 = CARTESIAN_POINT ( 'NONE',  ( 83.99999999999998579, -54.00000000000000000, 2.999999999999999112 ) ) ;
#2325 = ORIENTED_EDGE ( 'NONE', *, *, #1223, .F. ) ;
#2326 = EDGE_CURVE ( 'NONE', #1040, #1732, #1413, .T. ) ;
#2327 = ADVANCED_FACE ( 'NONE', ( #2495 ), #2254, .F. ) ;
#2328 = CARTESIAN_POINT ( 'NONE',  ( 67.20000000000000284, -52.80000000000000426, 2.999999999999999112 ) ) ;
#2329 = CARTESIAN_POINT ( 'NONE',  ( 69.00000000000000000, -53.19999999999999574, 2.000000000000000000 ) ) ;
#2330 = DIRECTION ( 'NONE',  ( 1.000000000000000000, -6.938893903907222067E-15, 0.000000000000000000 ) ) ;
#2331 = CARTESIAN_POINT ( 'NONE',  ( 0.000000000000000000, 56.00000000000000000, 19.00000000000000355 ) ) ;
#2332 = ORIENTED_EDGE ( 'NONE', *, *, #2812, .T. ) ;
#2333 = EDGE_CURVE ( 'NONE', #1647, #1373, #2315, .T. ) ;
#2334 = CARTESIAN_POINT ( 'NONE',  ( -88.00000000000000000, -55.99999999999998579, 2.000000000000000000 ) ) ;
#2335 = CARTESIAN_POINT ( 'NONE',  ( 71.00000000000001421, -59.00000000000000711, 5.999999999999992895 ) ) ;
#2336 = ORIENTED_EDGE ( 'NONE', *, *, #1929, .F. ) ;
#2337 = ORIENTED_EDGE ( 'NONE', *, *, #2040, .F. ) ;
#2338 = VERTEX_POINT ( 'NONE', #53 ) ;
#2339 = ORIENTED_EDGE ( 'NONE', *, *, #1450, .F. ) ;
#2340 = DIRECTION ( 'NONE',  ( 1.734723475976877776E-14, 1.000000000000000000, 0.000000000000000000 ) ) ;
#2341 = ORIENTED_EDGE ( 'NONE', *, *, #2569, .T. ) ;
#2342 = CIRCLE ( 'NONE', #1038, 1.000000000000000000 ) ;
#2343 = EDGE_LOOP ( 'NONE', ( #1773, #283, #1826, #2438 ) ) ;
#2344 = CARTESIAN_POINT ( 'NONE',  ( 0.000000000000000000, 0.000000000000000000, -0.001000000000000132727 ) ) ;
#2345 = CARTESIAN_POINT ( 'NONE',  ( 5.000000000000000000, 0.000000000000000000, 0.000000000000000000 ) ) ;
#2346 = AXIS2_PLACEMENT_3D ( 'NONE', #2859, #120, #372 ) ;
#2347 = EDGE_CURVE ( 'NONE', #2413, #920, #958, .T. ) ;
#2348 = CARTESIAN_POINT ( 'NONE',  ( -79.00000000000001421, -59.00000000000000711, 4.999999999999979572 ) ) ;
#2349 = AXIS2_PLACEMENT_3D ( 'NONE', #2600, #303, #1207 ) ;
#2350 = DIRECTION ( 'NONE',  ( -0.000000000000000000, 0.000000000000000000, 1.000000000000000000 ) ) ;
#2351 = ADVANCED_FACE ( 'NONE', ( #97 ), #2633, .T. ) ;
#2352 = FACE_OUTER_BOUND ( 'NONE', #2979, .T. ) ;
#2353 = LINE ( 'NONE', #2334, #2293 ) ;
#2354 = EDGE_CURVE ( 'NONE', #2489, #1144, #1007, .T. ) ;
#2355 = CARTESIAN_POINT ( 'NONE',  ( 86.00000000000000000, -53.99999999999998579, 3.000000000000002665 ) ) ;
#2356 = ORIENTED_EDGE ( 'NONE', *, *, #778, .F. ) ;
#2357 = AXIS2_PLACEMENT_3D ( 'NONE', #1824, #1583, #1236 ) ;
#2358 = LINE ( 'NONE', #1449, #139 ) ;
#2359 = DIRECTION ( 'NONE',  ( 0.000000000000000000, -1.000000000000000000, 0.000000000000000000 ) ) ;
#2360 = ORIENTED_EDGE ( 'NONE', *, *, #463, .F. ) ;
#2361 = VERTEX_POINT ( 'NONE', #561 ) ;
#2362 = LINE ( 'NONE', #107, #2876 ) ;
#2363 = LINE ( 'NONE', #2567, #2833 ) ;
#2364 = CARTESIAN_POINT ( 'NONE',  ( -84.99999999999998579, -53.99999999999999289, 3.000000000000002665 ) ) ;
#2365 = PLANE ( 'NONE',  #504 ) ;
#2366 = DIRECTION ( 'NONE',  ( 1.000000000000000000, 0.000000000000000000, 0.000000000000000000 ) ) ;
#2367 = ADVANCED_FACE ( 'NONE', ( #2645 ), #288, .T. ) ;
#2368 = LINE ( 'NONE', #313, #2160 ) ;
#2369 = CIRCLE ( 'NONE', #1113, 2.000000000000001776 ) ;
#2370 = DIRECTION ( 'NONE',  ( -0.000000000000000000, 1.000000000000000000, -0.000000000000000000 ) ) ;
#2371 = ORIENTED_EDGE ( 'NONE', *, *, #2129, .T. ) ;
#2372 = ORIENTED_EDGE ( 'NONE', *, *, #273, .T. ) ;
#2373 = VECTOR ( 'NONE', #1399, 1000.000000000000000 ) ;
#2374 = ADVANCED_FACE ( 'NONE', ( #1237 ), #1250, .F. ) ;
#2375 = DIRECTION ( 'NONE',  ( -0.000000000000000000, -0.000000000000000000, -1.000000000000000000 ) ) ;
#2376 = VECTOR ( 'NONE', #2007, 1000.000000000000000 ) ;
#2377 = DIRECTION ( 'NONE',  ( 0.000000000000000000, -0.000000000000000000, 1.000000000000000000 ) ) ;
#2378 = VERTEX_POINT ( 'NONE', #1212 ) ;
#2379 = EDGE_CURVE ( 'NONE', #2208, #1373, #978, .T. ) ;
#2380 = VECTOR ( 'NONE', #292, 1000.000000000000000 ) ;
#2381 = DIRECTION ( 'NONE',  ( -0.000000000000000000, -0.000000000000000000, 1.000000000000000000 ) ) ;
#2382 = CARTESIAN_POINT ( 'NONE',  ( -79.00000000000000000, -60.00000000000000711, 2.999999999999992895 ) ) ;
#2383 = AXIS2_PLACEMENT_3D ( 'NONE', #841, #603, #1527 ) ;
#2384 = DIRECTION ( 'NONE',  ( -0.000000000000000000, -0.000000000000000000, 1.000000000000000000 ) ) ;
#2385 = FACE_OUTER_BOUND ( 'NONE', #1876, .T. ) ;
#2386 = CARTESIAN_POINT ( 'NONE',  ( 79.00000000000000000, -60.00000000000000711, 4.999999999999992895 ) ) ;
#2387 = EDGE_CURVE ( 'NONE', #2275, #1990, #2155, .T. ) ;
#2388 = DIRECTION ( 'NONE',  ( 0.000000000000000000, 0.000000000000000000, 1.000000000000000000 ) ) ;
#2389 = VERTEX_POINT ( 'NONE', #2172 ) ;
#2390 = CARTESIAN_POINT ( 'NONE',  ( -79.00000000000000000, -59.00000000000000711, 4.000000000000000000 ) ) ;
#2391 = DIRECTION ( 'NONE',  ( -1.000000000000000000, 2.081668171172166620E-14, 0.000000000000000000 ) ) ;
#2392 = ORIENTED_EDGE ( 'NONE', *, *, #747, .T. ) ;
#2393 = DIRECTION ( 'NONE',  ( 1.000000000000000000, 0.000000000000000000, 0.000000000000000000 ) ) ;
#2394 = CARTESIAN_POINT ( 'NONE',  ( -4.000000000000000000, 59.00000000000000711, 5.000000000000000000 ) ) ;
#2395 = FACE_OUTER_BOUND ( 'NONE', #87, .T. ) ;
#2396 = EDGE_CURVE ( 'NONE', #2895, #1337, #2034, .T. ) ;
#2397 = DIRECTION ( 'NONE',  ( -0.000000000000000000, 0.000000000000000000, -1.000000000000000000 ) ) ;
#2398 = VECTOR ( 'NONE', #1781, 1000.000000000000000 ) ;
#2399 = VECTOR ( 'NONE', #34, 1000.000000000000000 ) ;
#2400 = FACE_OUTER_BOUND ( 'NONE', #2008, .T. ) ;
#2401 = CIRCLE ( 'NONE', #855, 0.8000000000000090372 ) ;
#2402 = CYLINDRICAL_SURFACE ( 'NONE', #2667, 1.000000000000000000 ) ;
#2403 = ORIENTED_EDGE ( 'NONE', *, *, #2674, .F. ) ;
#2404 = ORIENTED_EDGE ( 'NONE', *, *, #290, .F. ) ;
#2405 = DIRECTION ( 'NONE',  ( -1.000000000000000000, -0.000000000000000000, -0.000000000000000000 ) ) ;
#2406 = CIRCLE ( 'NONE', #193, 1.000000000000000000 ) ;
#2407 = DIRECTION ( 'NONE',  ( 1.000000000000000000, 0.000000000000000000, 0.000000000000000000 ) ) ;
#2408 = EDGE_LOOP ( 'NONE', ( #2305, #241, #1480, #2332 ) ) ;
#2409 = EDGE_CURVE ( 'NONE', #731, #2361, #1485, .T. ) ;
#2410 = FACE_OUTER_BOUND ( 'NONE', #598, .T. ) ;
#2411 = CARTESIAN_POINT ( 'NONE',  ( -86.00000000000000000, 56.00000000000000000, 0.000000000000000000 ) ) ;
#2412 = AXIS2_PLACEMENT_3D ( 'NONE', #2240, #870, #2702 ) ;
#2413 = VERTEX_POINT ( 'NONE', #1442 ) ;
#2414 = CARTESIAN_POINT ( 'NONE',  ( 40.80000000000000426, -53.19999999999999574, 2.000000000000000000 ) ) ;
#2415 = FACE_OUTER_BOUND ( 'NONE', #1839, .T. ) ;
#2416 = LINE ( 'NONE', #576, #2067 ) ;
#2417 = AXIS2_PLACEMENT_3D ( 'NONE', #2394, #1029, #1016 ) ;
#2418 = CARTESIAN_POINT ( 'NONE',  ( -79.00000000000000000, -59.00000000000000711, 3.000000000000000000 ) ) ;
#2419 = VERTEX_POINT ( 'NONE', #2126 ) ;
#2420 = DIRECTION ( 'NONE',  ( 0.000000000000000000, -1.000000000000000000, 0.000000000000000000 ) ) ;
#2421 = AXIS2_PLACEMENT_3D ( 'NONE', #1719, #848, #1994 ) ;
#2422 = FACE_OUTER_BOUND ( 'NONE', #2078, .T. ) ;
#2423 = AXIS2_PLACEMENT_3D ( 'NONE', #1490, #578, #2388 ) ;
#2424 = ORIENTED_EDGE ( 'NONE', *, *, #482, .T. ) ;
#2425 = UNCERTAINTY_MEASURE_WITH_UNIT (LENGTH_MEASURE( 1.000000000000000082E-05 ), #1057, 'distance_accuracy_value', 'NONE');
#2426 = VECTOR ( 'NONE', #1549, 1000.000000000000000 ) ;
#2427 = FACE_OUTER_BOUND ( 'NONE', #2121, .T. ) ;
#2428 = DIRECTION ( 'NONE',  ( -1.000000000000000000, 0.000000000000000000, 0.000000000000000000 ) ) ;
#2429 = CIRCLE ( 'NONE', #2858, 0.8000000000000090372 ) ;
#2430 = ADVANCED_FACE ( 'NONE', ( #2865 ), #757, .T. ) ;
#2431 = DIRECTION ( 'NONE',  ( -0.000000000000000000, -0.000000000000000000, -1.000000000000000000 ) ) ;
#2432 = DIRECTION ( 'NONE',  ( 1.000000000000000000, 0.000000000000000000, 0.000000000000000000 ) ) ;
#2433 = ADVANCED_FACE ( 'NONE', ( #1698, #2415 ), #2365, .T. ) ;
#2434 = AXIS2_PLACEMENT_3D ( 'NONE', #1482, #2181, #2222 ) ;
#2435 = DIRECTION ( 'NONE',  ( 0.000000000000000000, 0.000000000000000000, -1.000000000000000000 ) ) ;
#2436 = CARTESIAN_POINT ( 'NONE',  ( 0.000000000000000000, -56.00000000000000000, 2.999999999999999112 ) ) ;
#2437 = EDGE_CURVE ( 'NONE', #302, #2594, #2037, .T. ) ;
#2438 = ORIENTED_EDGE ( 'NONE', *, *, #2530, .T. ) ;
#2439 = ORIENTED_EDGE ( 'NONE', *, *, #1180, .F. ) ;
#2440 = PLANE ( 'NONE',  #2346 ) ;
#2441 = DIRECTION ( 'NONE',  ( -1.000000000000000000, -0.000000000000000000, -0.000000000000000000 ) ) ;
#2442 = VERTEX_POINT ( 'NONE', #994 ) ;
#2443 =( NAMED_UNIT ( * ) PLANE_ANGLE_UNIT ( ) SI_UNIT ( $, .RADIAN. ) );
#2444 = CARTESIAN_POINT ( 'NONE',  ( 67.20000000000000284, -52.00000000000000711, 3.000000000000002665 ) ) ;
#2445 = CARTESIAN_POINT ( 'NONE',  ( 86.00000000000000000, -50.00000000000000000, 19.00000000000000355 ) ) ;
#2446 = CARTESIAN_POINT ( 'NONE',  ( 79.00000000000000000, -59.00000000000000711, 4.000000000000007994 ) ) ;
#2447 = EDGE_CURVE ( 'NONE', #1624, #2455, #2835, .T. ) ;
#2448 = DIRECTION ( 'NONE',  ( 1.000000000000000000, 0.000000000000000000, -0.000000000000000000 ) ) ;
#2449 = CIRCLE ( 'NONE', #1866, 1.000000000000000000 ) ;
#2450 =( GEOMETRIC_REPRESENTATION_CONTEXT ( 3 ) GLOBAL_UNCERTAINTY_ASSIGNED_CONTEXT ( ( #2425 ) ) GLOBAL_UNIT_ASSIGNED_CONTEXT ( ( #1057, #813, #825 ) ) REPRESENTATION_CONTEXT ( 'NONE', 'WORKASPACE' ) );
#2451 = EDGE_CURVE ( 'NONE', #428, #2096, #1459, .T. ) ;
#2452 = CIRCLE ( 'NONE', #1139, 0.7999999999999951594 ) ;
#2453 = FACE_OUTER_BOUND ( 'NONE', #2952, .T. ) ;
#2454 = AXIS2_PLACEMENT_3D ( 'NONE', #447, #191, #896 ) ;
#2455 = VERTEX_POINT ( 'NONE', #1686 ) ;
#2456 = DIRECTION ( 'NONE',  ( -0.000000000000000000, -0.000000000000000000, -1.000000000000000000 ) ) ;
#2457 = DIRECTION ( 'NONE',  ( 0.000000000000000000, 1.000000000000000000, 0.000000000000000000 ) ) ;
#2458 = VERTEX_POINT ( 'NONE', #2801 ) ;
#2459 = DIRECTION ( 'NONE',  ( -1.000000000000000000, 0.000000000000000000, 0.000000000000000000 ) ) ;
#2460 = STYLED_ITEM ( 'NONE', ( #2461 ), #1314 ) ;
#2461 = PRESENTATION_STYLE_ASSIGNMENT (( #2920 ) ) ;
#2462 = DIRECTION ( 'NONE',  ( -0.000000000000000000, -0.000000000000000000, 1.000000000000000000 ) ) ;
#2463 = AXIS2_PLACEMENT_3D ( 'NONE', #2717, #653, #1269 ) ;
#2464 = CARTESIAN_POINT ( 'NONE',  ( 69.00000000000000000, -58.00000000000000000, 2.000000000000000000 ) ) ;
#2465 = ADVANCED_FACE ( 'NONE', ( #2385 ), #1652, .F. ) ;
#2466 = ORIENTED_EDGE ( 'NONE', *, *, #437, .F. ) ;
#2467 = EDGE_CURVE ( 'NONE', #1024, #2442, #879, .T. ) ;
#2468 = ORIENTED_EDGE ( 'NONE', *, *, #908, .F. ) ;
#2469 = DIRECTION ( 'NONE',  ( 1.000000000000000000, 0.000000000000000000, 0.000000000000000000 ) ) ;
#2470 = DIRECTION ( 'NONE',  ( 0.000000000000000000, 0.000000000000000000, -1.000000000000000000 ) ) ;
#2471 = ORIENTED_EDGE ( 'NONE', *, *, #160, .T. ) ;
#2472 = ADVANCED_FACE ( 'NONE', ( #2238 ), #1284, .T. ) ;
#2473 = APPLICATION_PROTOCOL_DEFINITION ( 'draft international standard', 'automotive_design', 1998, #1054 ) ;
#2474 = EDGE_LOOP ( 'NONE', ( #239, #225, #1423, #386 ) ) ;
#2475 = AXIS2_PLACEMENT_3D ( 'NONE', #1546, #1868, #2570 ) ;
#2476 = CARTESIAN_POINT ( 'NONE',  ( -20.00000000000000000, 56.00000000000000000, 19.00000000000000355 ) ) ;
#2477 = DIRECTION ( 'NONE',  ( -0.000000000000000000, -0.000000000000000000, -1.000000000000000000 ) ) ;
#2478 = AXIS2_PLACEMENT_3D ( 'NONE', #495, #783, #2138 ) ;
#2479 = EDGE_CURVE ( 'NONE', #2279, #461, #422, .T. ) ;
#2480 = VECTOR ( 'NONE', #1397, 1000.000000000000000 ) ;
#2481 = FACE_OUTER_BOUND ( 'NONE', #1576, .T. ) ;
#2482 = CARTESIAN_POINT ( 'NONE',  ( -5.000000000000000000, 6.123233995736766282E-16, 0.000000000000000000 ) ) ;
#2483 = ORIENTED_EDGE ( 'NONE', *, *, #2852, .F. ) ;
#2484 = CARTESIAN_POINT ( 'NONE',  ( 67.20000000000000284, -51.00000000000000711, 2.999999999999999112 ) ) ;
#2485 = EDGE_CURVE ( 'NONE', #2338, #2722, #180, .T. ) ;
#2486 = LINE ( 'NONE', #2762, #2669 ) ;
#2487 = EDGE_LOOP ( 'NONE', ( #1491, #468, #266, #1605, #2613, #2116, #2101, #1547 ) ) ;
#2488 = CARTESIAN_POINT ( 'NONE',  ( 71.00000000000001421, -60.00000000000000711, 4.999999999999992895 ) ) ;
#2489 = VERTEX_POINT ( 'NONE', #1327 ) ;
#2490 = DIRECTION ( 'NONE',  ( -1.000000000000000000, 0.000000000000000000, 0.000000000000000000 ) ) ;
#2491 = ADVANCED_FACE ( 'NONE', ( #1297 ), #1775, .F. ) ;
#2492 = DIRECTION ( 'NONE',  ( -0.000000000000000000, -0.000000000000000000, -1.000000000000000000 ) ) ;
#2493 = EDGE_CURVE ( 'NONE', #824, #281, #2429, .T. ) ;
#2494 = DIRECTION ( 'NONE',  ( -1.000000000000000000, 0.000000000000000000, 0.000000000000000000 ) ) ;
#2495 = FACE_OUTER_BOUND ( 'NONE', #252, .T. ) ;
#2496 = ORIENTED_EDGE ( 'NONE', *, *, #417, .F. ) ;
#2497 = ADVANCED_FACE ( 'NONE', ( #2001, #408, #1047 ), #2875, .F. ) ;
#2498 = VECTOR ( 'NONE', #2678, 1000.000000000000000 ) ;
#2499 = DIRECTION ( 'NONE',  ( 1.000000000000000000, 0.000000000000000000, 0.000000000000000000 ) ) ;
#2500 = CIRCLE ( 'NONE', #854, 1.000000000000000000 ) ;
#2501 = DIRECTION ( 'NONE',  ( 1.000000000000000000, 0.000000000000000000, 0.000000000000000000 ) ) ;
#2502 = EDGE_LOOP ( 'NONE', ( #2496, #1815, #1205, #2811 ) ) ;
#2503 = ORIENTED_EDGE ( 'NONE', *, *, #1391, .T. ) ;
#2504 = VERTEX_POINT ( 'NONE', #1970 ) ;
#2505 = ORIENTED_EDGE ( 'NONE', *, *, #1270, .F. ) ;
#2506 = DIRECTION ( 'NONE',  ( 0.000000000000000000, 0.000000000000000000, -1.000000000000000000 ) ) ;
#2507 = EDGE_LOOP ( 'NONE', ( #2304, #477, #315, #2896, #925, #1374, #1308, #917 ) ) ;
#2508 = CARTESIAN_POINT ( 'NONE',  ( -88.00000000000000000, -50.00000000000000000, 19.00000000000000355 ) ) ;
#2509 = LINE ( 'NONE', #1375, #1614 ) ;
#2510 = LINE ( 'NONE', #1363, #1777 ) ;
#2511 = AXIS2_PLACEMENT_3D ( 'NONE', #1181, #2864, #1458 ) ;
#2512 = ORIENTED_EDGE ( 'NONE', *, *, #146, .T. ) ;
#2513 = DIRECTION ( 'NONE',  ( 1.000000000000000000, 0.000000000000000000, 0.000000000000000000 ) ) ;
#2514 = ADVANCED_FACE ( 'NONE', ( #2890 ), #2225, .T. ) ;
#2515 = CARTESIAN_POINT ( 'NONE',  ( -5.000000000000000000, 60.00000000000000711, 5.000000000000000000 ) ) ;
#2516 = ORIENTED_EDGE ( 'NONE', *, *, #2780, .F. ) ;
#2517 = ORIENTED_EDGE ( 'NONE', *, *, #802, .F. ) ;
#2518 = ORIENTED_EDGE ( 'NONE', *, *, #1270, .T. ) ;
#2519 = VECTOR ( 'NONE', #530, 1000.000000000000000 ) ;
#2520 = CARTESIAN_POINT ( 'NONE',  ( 79.00000000000000000, -58.00000000000000000, 3.000000000000000000 ) ) ;
#2521 = ORIENTED_EDGE ( 'NONE', *, *, #1170, .F. ) ;
#2522 = CARTESIAN_POINT ( 'NONE',  ( 83.99999999999998579, -54.00000000000000000, 19.00000000000000355 ) ) ;
#2523 = ADVANCED_FACE ( 'NONE', ( #2251 ), #1515, .T. ) ;
#2524 = VECTOR ( 'NONE', #1148, 1000.000000000000000 ) ;
#2525 = DIRECTION ( 'NONE',  ( 1.000000000000000000, 0.000000000000000000, 0.000000000000000000 ) ) ;
#2526 = CIRCLE ( 'NONE', #1844, 1.000000000000000000 ) ;
#2527 = VECTOR ( 'NONE', #906, 1000.000000000000000 ) ;
#2528 = ORIENTED_EDGE ( 'NONE', *, *, #1082, .F. ) ;
#2529 = CYLINDRICAL_SURFACE ( 'NONE', #1324, 1.000000000000000888 ) ;
#2530 = EDGE_CURVE ( 'NONE', #2043, #613, #1255, .T. ) ;
#2531 = LINE ( 'NONE', #1143, #2527 ) ;
#2532 = ORIENTED_EDGE ( 'NONE', *, *, #1450, .T. ) ;
#2533 = ORIENTED_EDGE ( 'NONE', *, *, #2814, .T. ) ;
#2534 = CARTESIAN_POINT ( 'NONE',  ( -70.00000000000000000, -60.00000000000000711, 4.999999999999993783 ) ) ;
#2535 = ORIENTED_EDGE ( 'NONE', *, *, #117, .T. ) ;
#2536 = CARTESIAN_POINT ( 'NONE',  ( 40.80000000000000426, -55.00000000000000000, 2.000000000000000000 ) ) ;
#2537 = DIRECTION ( 'NONE',  ( 0.000000000000000000, 0.000000000000000000, 1.000000000000000000 ) ) ;
#2538 = ORIENTED_EDGE ( 'NONE', *, *, #619, .F. ) ;
#2539 = CARTESIAN_POINT ( 'NONE',  ( -80.00000000000000000, -58.00000000000000000, 4.999999999999992006 ) ) ;
#2540 = CARTESIAN_POINT ( 'NONE',  ( 0.000000000000000000, 0.000000000000000000, 0.000000000000000000 ) ) ;
#2541 = EDGE_LOOP ( 'NONE', ( #227, #2066, #330, #197, #2973, #2288, #435, #2102 ) ) ;
#2542 = AXIS2_PLACEMENT_3D ( 'NONE', #1935, #808, #1276 ) ;
#2543 = SHAPE_DEFINITION_REPRESENTATION ( #583, #2803 ) ;
#2544 = ORIENTED_EDGE ( 'NONE', *, *, #1443, .F. ) ;
#2545 = ORIENTED_EDGE ( 'NONE', *, *, #1908, .F. ) ;
#2546 = AXIS2_PLACEMENT_3D ( 'NONE', #375, #1997, #137 ) ;
#2547 = CIRCLE ( 'NONE', #764, 0.7999999999999951594 ) ;
#2548 = EDGE_LOOP ( 'NONE', ( #1103, #655, #359, #1418, #1832 ) ) ;
#2549 = FACE_OUTER_BOUND ( 'NONE', #1995, .T. ) ;
#2550 = EDGE_LOOP ( 'NONE', ( #1107, #341, #965, #1794 ) ) ;
#2551 = EDGE_LOOP ( 'NONE', ( #895, #859, #1707, #2698 ) ) ;
#2552 = DIRECTION ( 'NONE',  ( 0.000000000000000000, 1.000000000000000000, 0.000000000000000000 ) ) ;
#2553 = CARTESIAN_POINT ( 'NONE',  ( -80.00000000000000000, -59.00000000000000711, 4.999999999999992895 ) ) ;
#2554 = CARTESIAN_POINT ( 'NONE',  ( 67.20000000000000284, -55.00000000000000000, 3.000000000000002665 ) ) ;
#2555 = ORIENTED_EDGE ( 'NONE', *, *, #1414, .F. ) ;
#2556 = DIRECTION ( 'NONE',  ( 1.000000000000000000, 0.000000000000000000, 5.421010862427527100E-17 ) ) ;
#2557 = AXIS2_PLACEMENT_3D ( 'NONE', #2554, #487, #2537 ) ;
#2558 = AXIS2_PLACEMENT_3D ( 'NONE', #1671, #2805, #803 ) ;
#2559 = DIRECTION ( 'NONE',  ( 0.000000000000000000, 0.000000000000000000, -1.000000000000000000 ) ) ;
#2560 = CARTESIAN_POINT ( 'NONE',  ( -85.99999999999998579, -58.00000000000000000, 2.000000000000000000 ) ) ;
#2561 = ORIENTED_EDGE ( 'NONE', *, *, #857, .T. ) ;
#2562 = ORIENTED_EDGE ( 'NONE', *, *, #1043, .T. ) ;
#2563 = CARTESIAN_POINT ( 'NONE',  ( 0.000000000000000000, 0.000000000000000000, 2.000000000000000000 ) ) ;
#2564 = LINE ( 'NONE', #1218, #2571 ) ;
#2565 = VERTEX_POINT ( 'NONE', #1984 ) ;
#2566 = ADVANCED_FACE ( 'NONE', ( #815 ), #2714, .T. ) ;
#2567 = CARTESIAN_POINT ( 'NONE',  ( 4.999999999999999112, 60.00000000000000711, 5.000000000000000000 ) ) ;
#2568 = CARTESIAN_POINT ( 'NONE',  ( -4.000000000000000000, 58.00000000000000000, 3.000000000000000000 ) ) ;
#2569 = EDGE_CURVE ( 'NONE', #2064, #2378, #1031, .T. ) ;
#2570 = DIRECTION ( 'NONE',  ( 0.000000000000000000, 0.000000000000000000, -1.000000000000000000 ) ) ;
#2571 = VECTOR ( 'NONE', #1691, 1000.000000000000000 ) ;
#2572 = VECTOR ( 'NONE', #1890, 1000.000000000000000 ) ;
#2573 = AXIS2_PLACEMENT_3D ( 'NONE', #164, #134, #389 ) ;
#2574 = AXIS2_PLACEMENT_3D ( 'NONE', #2446, #155, #1311 ) ;
#2575 = DIRECTION ( 'NONE',  ( 0.000000000000000000, -1.000000000000000000, 0.000000000000000000 ) ) ;
#2576 = DIRECTION ( 'NONE',  ( -1.000000000000000000, 0.000000000000000000, 0.000000000000000000 ) ) ;
#2577 = ORIENTED_EDGE ( 'NONE', *, *, #2954, .F. ) ;
#2578 = ORIENTED_EDGE ( 'NONE', *, *, #2789, .T. ) ;
#2579 = ORIENTED_EDGE ( 'NONE', *, *, #1570, .T. ) ;
#2580 = ORIENTED_EDGE ( 'NONE', *, *, #2485, .T. ) ;
#2581 = EDGE_CURVE ( 'NONE', #581, #106, #1498, .T. ) ;
#2582 = SPHERICAL_SURFACE ( 'NONE', #877, 1.000000000000000000 ) ;
#2583 = ORIENTED_EDGE ( 'NONE', *, *, #2928, .T. ) ;
#2584 = EDGE_CURVE ( 'NONE', #2312, #2338, #1503, .T. ) ;
#2585 = LINE ( 'NONE', #1940, #1379 ) ;
#2586 = DIRECTION ( 'NONE',  ( 0.000000000000000000, 0.000000000000000000, -1.000000000000000000 ) ) ;
#2587 = DIRECTION ( 'NONE',  ( -0.000000000000000000, -0.000000000000000000, -1.000000000000000000 ) ) ;
#2588 = CARTESIAN_POINT ( 'NONE',  ( 71.00000000000001421, -60.00000000000000711, 3.000000000000000444 ) ) ;
#2589 = EDGE_CURVE ( 'NONE', #1202, #2504, #622, .T. ) ;
#2590 = PLANE ( 'NONE',  #2019 ) ;
#2591 = DIRECTION ( 'NONE',  ( -0.000000000000000000, 1.000000000000000000, -0.000000000000000000 ) ) ;
#2592 = ORIENTED_EDGE ( 'NONE', *, *, #1326, .T. ) ;
#2593 = DIRECTION ( 'NONE',  ( -1.084202172485504434E-16, 0.000000000000000000, -1.000000000000000000 ) ) ;
#2594 = VERTEX_POINT ( 'NONE', #1106 ) ;
#2595 = ORIENTED_EDGE ( 'NONE', *, *, #2954, .T. ) ;
#2596 = DIRECTION ( 'NONE',  ( 0.000000000000000000, 0.000000000000000000, 1.000000000000000000 ) ) ;
#2597 = CARTESIAN_POINT ( 'NONE',  ( -80.00000000000000000, -58.00000000000000000, 4.999999999999992895 ) ) ;
#2598 = ORIENTED_EDGE ( 'NONE', *, *, #1033, .F. ) ;
#2599 = AXIS2_PLACEMENT_3D ( 'NONE', #2869, #1733, #1012 ) ;
#2600 = CARTESIAN_POINT ( 'NONE',  ( -86.00000000000000000, 56.00000000000000000, 2.000000000000000000 ) ) ;
#2601 = CARTESIAN_POINT ( 'NONE',  ( 80.00000000000000000, -60.00000000000000711, 4.000000000000007994 ) ) ;
#2602 = AXIS2_PLACEMENT_3D ( 'NONE', #286, #1208, #1666 ) ;
#2603 = ADVANCED_FACE ( 'NONE', ( #2953 ), #663, .T. ) ;
#2604 = ORIENTED_EDGE ( 'NONE', *, *, #482, .F. ) ;
#2605 = CARTESIAN_POINT ( 'NONE',  ( -88.00000000000000000, 55.99999999999998579, 2.000000000000000000 ) ) ;
#2606 = FACE_OUTER_BOUND ( 'NONE', #2502, .T. ) ;
#2607 = CARTESIAN_POINT ( 'NONE',  ( 68.00000000000000000, -53.19999999999999574, 3.000000000000002665 ) ) ;
#2608 = AXIS2_PLACEMENT_3D ( 'NONE', #868, #2657, #154 ) ;
#2609 = CARTESIAN_POINT ( 'NONE',  ( -88.00000000000000000, -49.99999999999999289, 2.000000000000000000 ) ) ;
#2610 = EDGE_LOOP ( 'NONE', ( #2223, #2532, #2649, #2580 ) ) ;
#2611 = ORIENTED_EDGE ( 'NONE', *, *, #574, .F. ) ;
#2612 = FACE_OUTER_BOUND ( 'NONE', #1800, .T. ) ;
#2613 = ORIENTED_EDGE ( 'NONE', *, *, #1708, .T. ) ;
#2614 = APPLICATION_CONTEXT ( 'automotive_design' ) ;
#2615 = DIRECTION ( 'NONE',  ( -0.000000000000000000, 1.000000000000000000, -0.000000000000000000 ) ) ;
#2616 = DIRECTION ( 'NONE',  ( 1.000000000000000000, 0.000000000000000000, -0.000000000000000000 ) ) ;
#2617 = LINE ( 'NONE', #788, #54 ) ;
#2618 = DIRECTION ( 'NONE',  ( -1.000000000000000000, 0.000000000000000000, 0.000000000000000000 ) ) ;
#2619 = EDGE_CURVE ( 'NONE', #1646, #1990, #195, .T. ) ;
#2620 = ADVANCED_FACE ( 'NONE', ( #1341 ), #436, .F. ) ;
#2621 = DIRECTION ( 'NONE',  ( 0.000000000000000000, 0.000000000000000000, 1.000000000000000000 ) ) ;
#2622 = VECTOR ( 'NONE', #2149, 1000.000000000000000 ) ;
#2623 = LINE ( 'NONE', #1383, #2373 ) ;
#2624 = ORIENTED_EDGE ( 'NONE', *, *, #2485, .F. ) ;
#2625 = CIRCLE ( 'NONE', #1349, 1.000000000000000888 ) ;
#2626 = LINE ( 'NONE', #1951, #852 ) ;
#2627 = LINE ( 'NONE', #1679, #400 ) ;
#2628 = ORIENTED_EDGE ( 'NONE', *, *, #709, .F. ) ;
#2629 = CARTESIAN_POINT ( 'NONE',  ( -71.00000000000001421, -58.00000000000000000, 4.000000000000000000 ) ) ;
#2630 = DIRECTION ( 'NONE',  ( 0.000000000000000000, 0.000000000000000000, 1.000000000000000000 ) ) ;
#2631 = VECTOR ( 'NONE', #112, 1000.000000000000000 ) ;
#2632 = CARTESIAN_POINT ( 'NONE',  ( -20.00000000000000000, 55.00000000000000000, 2.999999999999999112 ) ) ;
#2633 = CYLINDRICAL_SURFACE ( 'NONE', #1744, 2.000000000000001776 ) ;
#2634 = EDGE_CURVE ( 'NONE', #2280, #683, #1864, .T. ) ;
#2635 = DIRECTION ( 'NONE',  ( -0.000000000000000000, -0.000000000000000000, -1.000000000000000000 ) ) ;
#2636 = DIRECTION ( 'NONE',  ( -1.000000000000000000, 0.000000000000000000, 0.000000000000000000 ) ) ;
#2637 = VERTEX_POINT ( 'NONE', #1124 ) ;
#2638 = EDGE_CURVE ( 'NONE', #726, #2895, #1611, .T. ) ;
#2639 = DIRECTION ( 'NONE',  ( 0.000000000000000000, 0.000000000000000000, -1.000000000000000000 ) ) ;
#2640 = LINE ( 'NONE', #1735, #594 ) ;
#2641 = VERTEX_POINT ( 'NONE', #2536 ) ;
#2642 = DIRECTION ( 'NONE',  ( -0.000000000000000000, -0.000000000000000000, -1.000000000000000000 ) ) ;
#2643 = FACE_OUTER_BOUND ( 'NONE', #849, .T. ) ;
#2644 = CARTESIAN_POINT ( 'NONE',  ( 69.99999999999998579, -58.00000000000000000, 4.999999999999985789 ) ) ;
#2645 = FACE_OUTER_BOUND ( 'NONE', #2548, .T. ) ;
#2646 = AXIS2_PLACEMENT_3D ( 'NONE', #515, #1424, #2862 ) ;
#2647 = DIRECTION ( 'NONE',  ( -1.000000000000000000, 0.000000000000000000, 0.000000000000000000 ) ) ;
#2648 = FACE_OUTER_BOUND ( 'NONE', #1027, .T. ) ;
#2649 = ORIENTED_EDGE ( 'NONE', *, *, #2283, .T. ) ;
#2650 = ORIENTED_EDGE ( 'NONE', *, *, #1738, .T. ) ;
#2651 = CARTESIAN_POINT ( 'NONE',  ( -85.99999999999998579, 58.00000000000000000, 0.000000000000000000 ) ) ;
#2652 = EDGE_CURVE ( 'NONE', #2031, #948, #2106, .T. ) ;
#2653 = LINE ( 'NONE', #1039, #687 ) ;
#2654 = ORIENTED_EDGE ( 'NONE', *, *, #1975, .T. ) ;
#2655 = CARTESIAN_POINT ( 'NONE',  ( -79.00000000000001421, -59.00000000000000711, 4.000000000000000000 ) ) ;
#2656 = CARTESIAN_POINT ( 'NONE',  ( 38.99999999999999289, -52.80000000000001137, 3.000000000000002665 ) ) ;
#2657 = DIRECTION ( 'NONE',  ( 1.000000000000000000, 0.000000000000000000, -0.000000000000000000 ) ) ;
#2658 = DIRECTION ( 'NONE',  ( -0.000000000000000000, 0.000000000000000000, 1.000000000000000000 ) ) ;
#2659 = EDGE_CURVE ( 'NONE', #1646, #2697, #470, .T. ) ;
#2660 = DIRECTION ( 'NONE',  ( -1.000000000000000000, 0.000000000000000000, -0.000000000000000000 ) ) ;
#2661 = AXIS2_PLACEMENT_3D ( 'NONE', #2818, #1649, #2311 ) ;
#2662 = DIRECTION ( 'NONE',  ( 0.000000000000000000, -0.000000000000000000, 1.000000000000000000 ) ) ;
#2663 = ORIENTED_EDGE ( 'NONE', *, *, #1870, .F. ) ;
#2664 = FACE_OUTER_BOUND ( 'NONE', #455, .T. ) ;
#2665 = CIRCLE ( 'NONE', #449, 1.000000000000000000 ) ;
#2666 = DIRECTION ( 'NONE',  ( -0.000000000000000000, -0.000000000000000000, -1.000000000000000000 ) ) ;
#2667 = AXIS2_PLACEMENT_3D ( 'NONE', #100, #805, #1241 ) ;
#2668 = ORIENTED_EDGE ( 'NONE', *, *, #316, .T. ) ;
#2669 = VECTOR ( 'NONE', #698, 1000.000000000000000 ) ;
#2670 = CARTESIAN_POINT ( 'NONE',  ( 71.00000000000001421, -59.00000000000000711, 5.999999999999992895 ) ) ;
#2671 = CARTESIAN_POINT ( 'NONE',  ( 69.00000000000000000, -56.00000000000000000, 3.000000000000002665 ) ) ;
#2672 = DIRECTION ( 'NONE',  ( 0.000000000000000000, 1.000000000000000000, -0.000000000000000000 ) ) ;
#2673 = EDGE_CURVE ( 'NONE', #1132, #1309, #92, .T. ) ;
#2674 = EDGE_CURVE ( 'NONE', #302, #1340, #2768, .T. ) ;
#2675 = DIRECTION ( 'NONE',  ( 1.000000000000000000, 0.000000000000000000, 5.421010862427526484E-17 ) ) ;
#2676 = DIRECTION ( 'NONE',  ( -0.000000000000000000, -1.000000000000000000, -0.000000000000000000 ) ) ;
#2677 = EDGE_LOOP ( 'NONE', ( #1639, #2956, #251, #2325 ) ) ;
#2678 = DIRECTION ( 'NONE',  ( -0.000000000000000000, -0.000000000000000000, -1.000000000000000000 ) ) ;
#2679 = LINE ( 'NONE', #584, #1889 ) ;
#2680 = ORIENTED_EDGE ( 'NONE', *, *, #74, .T. ) ;
#2681 = CARTESIAN_POINT ( 'NONE',  ( -4.000000000000000000, 59.00000000000000711, 6.000000000000000000 ) ) ;
#2682 = FACE_OUTER_BOUND ( 'NONE', #238, .T. ) ;
#2683 = DIRECTION ( 'NONE',  ( 1.000000000000000000, -0.000000000000000000, 0.000000000000000000 ) ) ;
#2684 = CARTESIAN_POINT ( 'NONE',  ( -4.000000000000000000, 58.00000000000000000, 4.000000000000000000 ) ) ;
#2685 = ADVANCED_FACE ( 'NONE', ( #256 ), #243, .T. ) ;
#2686 = EDGE_CURVE ( 'NONE', #528, #2072, #2509, .T. ) ;
#2687 = PLANE ( 'NONE',  #1488 ) ;
#2688 = VECTOR ( 'NONE', #161, 1000.000000000000000 ) ;
#2689 = AXIS2_PLACEMENT_3D ( 'NONE', #990, #2140, #1880 ) ;
#2690 = VECTOR ( 'NONE', #1141, 1000.000000000000000 ) ;
#2691 = EDGE_CURVE ( 'NONE', #671, #2705, #438, .T. ) ;
#2692 = DIRECTION ( 'NONE',  ( 0.000000000000000000, 0.000000000000000000, 1.000000000000000000 ) ) ;
#2693 = ORIENTED_EDGE ( 'NONE', *, *, #1978, .F. ) ;
#2694 = LINE ( 'NONE', #629, #2688 ) ;
#2695 = EDGE_CURVE ( 'NONE', #1783, #1624, #1277, .T. ) ;
#2696 = DIRECTION ( 'NONE',  ( -0.000000000000000000, 1.000000000000000000, -0.000000000000000000 ) ) ;
#2697 = VERTEX_POINT ( 'NONE', #2755 ) ;
#2698 = ORIENTED_EDGE ( 'NONE', *, *, #1854, .F. ) ;
#2699 = TOROIDAL_SURFACE ( 'NONE', #1939, 1.799999999999998712, 1.000000000000000000 ) ;
#2700 = DIRECTION ( 'NONE',  ( 0.000000000000000000, 0.000000000000000000, 1.000000000000000000 ) ) ;
#2701 = VECTOR ( 'NONE', #2635, 1000.000000000000000 ) ;
#2702 = DIRECTION ( 'NONE',  ( -1.000000000000000000, 0.000000000000000000, 0.000000000000000000 ) ) ;
#2703 = EDGE_CURVE ( 'NONE', #1203, #1340, #2266, .T. ) ;
#2704 = CARTESIAN_POINT ( 'NONE',  ( -79.00000000000001421, -60.00000000000000711, 5.999999999999993783 ) ) ;
#2705 = VERTEX_POINT ( 'NONE', #692 ) ;
#2706 = CARTESIAN_POINT ( 'NONE',  ( 79.00000000000000000, -59.00000000000000711, 3.000000000000000444 ) ) ;
#2707 = LINE ( 'NONE', #1353, #2426 ) ;
#2708 = ORIENTED_EDGE ( 'NONE', *, *, #2347, .F. ) ;
#2709 = EDGE_CURVE ( 'NONE', #649, #2878, #1428, .T. ) ;
#2710 = FILL_AREA_STYLE ('',( #123 ) ) ;
#2711 = ORIENTED_EDGE ( 'NONE', *, *, #1318, .F. ) ;
#2712 = AXIS2_PLACEMENT_3D ( 'NONE', #538, #1432, #1872 ) ;
#2713 = CARTESIAN_POINT ( 'NONE',  ( -85.99999999999998579, 58.00000000000000000, 2.000000000000000000 ) ) ;
#2714 = CYLINDRICAL_SURFACE ( 'NONE', #360, 1.000000000000000000 ) ;
#2715 = VECTOR ( 'NONE', #1467, 1000.000000000000000 ) ;
#2716 = VECTOR ( 'NONE', #215, 1000.000000000000000 ) ;
#2717 = CARTESIAN_POINT ( 'NONE',  ( 39.99999999999999289, -53.19999999999999574, 19.00000000000000355 ) ) ;
#2718 = DIRECTION ( 'NONE',  ( 0.000000000000000000, 0.000000000000000000, 1.000000000000000000 ) ) ;
#2719 = EDGE_LOOP ( 'NONE', ( #2053, #1575, #2578, #1120 ) ) ;
#2720 = CARTESIAN_POINT ( 'NONE',  ( 86.00000000000000000, -53.99999999999998579, 19.00000000000000355 ) ) ;
#2721 = CARTESIAN_POINT ( 'NONE',  ( -4.000000000000000000, 60.00000000000000711, 6.000000000000000000 ) ) ;
#2722 = VERTEX_POINT ( 'NONE', #1150 ) ;
#2723 = ORIENTED_EDGE ( 'NONE', *, *, #56, .T. ) ;
#2724 = ORIENTED_EDGE ( 'NONE', *, *, #1312, .F. ) ;
#2725 = DIRECTION ( 'NONE',  ( -0.000000000000000000, -0.000000000000000000, -1.000000000000000000 ) ) ;
#2726 = ORIENTED_EDGE ( 'NONE', *, *, #2652, .T. ) ;
#2727 = DIRECTION ( 'NONE',  ( -1.000000000000000000, 0.000000000000000000, 0.000000000000000000 ) ) ;
#2728 = ORIENTED_EDGE ( 'NONE', *, *, #1305, .T. ) ;
#2729 = CARTESIAN_POINT ( 'NONE',  ( -88.00000000000000000, 0.000000000000000000, 19.00000000000000355 ) ) ;
#2730 = LINE ( 'NONE', #439, #577 ) ;
#2731 = ORIENTED_EDGE ( 'NONE', *, *, #2409, .T. ) ;
#2732 = CIRCLE ( 'NONE', #1816, 1.000000000000000888 ) ;
#2733 = VECTOR ( 'NONE', #343, 1000.000000000000000 ) ;
#2734 = FACE_OUTER_BOUND ( 'NONE', #2217, .T. ) ;
#2735 = LINE ( 'NONE', #1086, #596 ) ;
#2736 = EDGE_LOOP ( 'NONE', ( #2468, #1087, #2016 ) ) ;
#2737 = EDGE_CURVE ( 'NONE', #1950, #1963, #2975, .T. ) ;
#2738 = ORIENTED_EDGE ( 'NONE', *, *, #1795, .F. ) ;
#2739 = EDGE_CURVE ( 'NONE', #1309, #1562, #271, .T. ) ;
#2740 = DIRECTION ( 'NONE',  ( -1.000000000000000000, 0.000000000000000000, 0.000000000000000000 ) ) ;
#2741 = VERTEX_POINT ( 'NONE', #484 ) ;
#2742 = CARTESIAN_POINT ( 'NONE',  ( 4.000000000000000000, 59.00000000000000711, 5.000000000000000000 ) ) ;
#2743 = DIRECTION ( 'NONE',  ( 1.000000000000000000, 0.000000000000000000, -0.000000000000000000 ) ) ;
#2744 = AXIS2_PLACEMENT_3D ( 'NONE', #2124, #2800, #67 ) ;
#2745 = ADVANCED_FACE ( 'NONE', ( #1582, #456, #888 ), #1362, .F. ) ;
#2746 = EDGE_LOOP ( 'NONE', ( #1861, #565, #785, #2535, #700, #2793, #585, #679 ) ) ;
#2747 = CARTESIAN_POINT ( 'NONE',  ( 86.00000000000000000, 56.00000000000000000, 2.000000000000000000 ) ) ;
#2748 = DIRECTION ( 'NONE',  ( 1.000000000000000000, -0.000000000000000000, 0.000000000000000000 ) ) ;
#2749 = ORIENTED_EDGE ( 'NONE', *, *, #199, .T. ) ;
#2750 = ORIENTED_EDGE ( 'NONE', *, *, #234, .T. ) ;
#2751 = DIRECTION ( 'NONE',  ( 0.000000000000000000, 0.000000000000000000, -1.000000000000000000 ) ) ;
#2752 = ORIENTED_EDGE ( 'NONE', *, *, #129, .F. ) ;
#2753 = ADVANCED_FACE ( 'NONE', ( #717 ), #380, .F. ) ;
#2754 = VERTEX_POINT ( 'NONE', #1410 ) ;
#2755 = CARTESIAN_POINT ( 'NONE',  ( -88.00000000000000000, -55.99999999999998579, 19.00000000000000355 ) ) ;
#2756 = VECTOR ( 'NONE', #912, 1000.000000000000000 ) ;
#2757 = CARTESIAN_POINT ( 'NONE',  ( -4.000000000000000000, 60.00000000000000711, 4.000000000000000000 ) ) ;
#2758 = CIRCLE ( 'NONE', #165, 1.000000000000000888 ) ;
#2759 = VECTOR ( 'NONE', #2945, 1000.000000000000000 ) ;
#2760 = ORIENTED_EDGE ( 'NONE', *, *, #2691, .T. ) ;
#2761 = CARTESIAN_POINT ( 'NONE',  ( 67.20000000000000284, -52.00000000000000711, 19.00000000000000355 ) ) ;
#2762 = CARTESIAN_POINT ( 'NONE',  ( -20.00000000000000000, 0.000000000000000000, 2.000000000000000000 ) ) ;
#2763 = ORIENTED_EDGE ( 'NONE', *, *, #27, .F. ) ;
#2764 = ORIENTED_EDGE ( 'NONE', *, *, #1619, .T. ) ;
#2765 = DIRECTION ( 'NONE',  ( 0.000000000000000000, -0.000000000000000000, -1.000000000000000000 ) ) ;
#2766 = ORIENTED_EDGE ( 'NONE', *, *, #2673, .T. ) ;
#2767 = ORIENTED_EDGE ( 'NONE', *, *, #2796, .T. ) ;
#2768 = LINE ( 'NONE', #927, #2292 ) ;
#2769 = DIRECTION ( 'NONE',  ( -0.000000000000000000, 0.000000000000000000, -1.000000000000000000 ) ) ;
#2770 = CARTESIAN_POINT ( 'NONE',  ( 67.20000000000000284, -52.00000000000000711, 19.00000000000000355 ) ) ;
#2771 = EDGE_CURVE ( 'NONE', #2943, #2280, #2362, .T. ) ;
#2772 = EDGE_LOOP ( 'NONE', ( #1628, #2337, #2901, #2851 ) ) ;
#2773 = DIRECTION ( 'NONE',  ( -1.000000000000000000, -0.000000000000000000, 0.000000000000000000 ) ) ;
#2774 = ADVANCED_FACE ( 'NONE', ( #2410 ), #2798, .F. ) ;
#2775 = DIRECTION ( 'NONE',  ( -0.000000000000000000, -1.000000000000000000, -0.000000000000000000 ) ) ;
#2776 = ORIENTED_EDGE ( 'NONE', *, *, #2347, .T. ) ;
#2777 = VECTOR ( 'NONE', #727, 1000.000000000000000 ) ;
#2778 = DIRECTION ( 'NONE',  ( 0.000000000000000000, 0.000000000000000000, 1.000000000000000000 ) ) ;
#2779 = AXIS2_PLACEMENT_3D ( 'NONE', #558, #769, #285 ) ;
#2780 = EDGE_CURVE ( 'NONE', #398, #2312, #2151, .T. ) ;
#2781 = AXIS2_PLACEMENT_3D ( 'NONE', #2068, #2320, #2822 ) ;
#2782 = CARTESIAN_POINT ( 'NONE',  ( 71.00000000000002842, -58.00000000000000000, 3.000000000000000444 ) ) ;
#2783 = ORIENTED_EDGE ( 'NONE', *, *, #19, .F. ) ;
#2784 = DIRECTION ( 'NONE',  ( 0.000000000000000000, -0.000000000000000000, 1.000000000000000000 ) ) ;
#2785 = DIRECTION ( 'NONE',  ( -0.000000000000000000, -0.000000000000000000, -1.000000000000000000 ) ) ;
#2786 = CARTESIAN_POINT ( 'NONE',  ( 4.000000000000000000, 59.00000000000000711, 5.000000000000000000 ) ) ;
#2787 = CARTESIAN_POINT ( 'NONE',  ( 68.00000000000000000, -53.19999999999999574, 19.00000000000000355 ) ) ;
#2788 = AXIS2_PLACEMENT_3D ( 'NONE', #2632, #2171, #1222 ) ;
#2789 = EDGE_CURVE ( 'NONE', #671, #2280, #571, .T. ) ;
#2790 = DIRECTION ( 'NONE',  ( 0.000000000000000000, 0.000000000000000000, 1.000000000000000000 ) ) ;
#2791 = DIRECTION ( 'NONE',  ( 1.000000000000000000, 0.000000000000000000, 0.000000000000000000 ) ) ;
#2792 = EDGE_LOOP ( 'NONE', ( #1279, #2760, #2583, #2070 ) ) ;
#2793 = ORIENTED_EDGE ( 'NONE', *, *, #1662, .T. ) ;
#2794 = LINE ( 'NONE', #728, #1019 ) ;
#2795 = ORIENTED_EDGE ( 'NONE', *, *, #1135, .T. ) ;
#2796 = EDGE_CURVE ( 'NONE', #1609, #1433, #332, .T. ) ;
#2797 = VECTOR ( 'NONE', #588, 1000.000000000000000 ) ;
#2798 = PLANE ( 'NONE',  #1867 ) ;
#2799 = FACE_OUTER_BOUND ( 'NONE', #2039, .T. ) ;
#2800 = DIRECTION ( 'NONE',  ( 0.000000000000000000, -1.000000000000000000, 0.000000000000000000 ) ) ;
#2801 = CARTESIAN_POINT ( 'NONE',  ( -83.99999999999997158, -56.00000000000000000, 19.00000000000000355 ) ) ;
#2802 = CIRCLE ( 'NONE', #2478, 1.000000000000000000 ) ;
#2803 = ADVANCED_BREP_SHAPE_REPRESENTATION ( 'epaper-screen-3', ( #1314, #2454 ), #2450 ) ;
#2804 = AXIS2_PLACEMENT_3D ( 'NONE', #2820, #534, #2850 ) ;
#2805 = DIRECTION ( 'NONE',  ( 0.000000000000000000, 0.000000000000000000, 1.000000000000000000 ) ) ;
#2806 = AXIS2_PLACEMENT_3D ( 'NONE', #919, #669, #1847 ) ;
#2807 = AXIS2_PLACEMENT_3D ( 'NONE', #84, #2618, #351 ) ;
#2808 = FACE_OUTER_BOUND ( 'NONE', #496, .T. ) ;
#2809 = CARTESIAN_POINT ( 'NONE',  ( -79.00000000000000000, -59.00000000000000711, 4.000000000000000000 ) ) ;
#2810 = VERTEX_POINT ( 'NONE', #2831 ) ;
#2811 = ORIENTED_EDGE ( 'NONE', *, *, #640, .F. ) ;
#2812 = EDGE_CURVE ( 'NONE', #2565, #1144, #1567, .T. ) ;
#2813 = ORIENTED_EDGE ( 'NONE', *, *, #1403, .T. ) ;
#2814 = EDGE_CURVE ( 'NONE', #300, #1202, #2585, .T. ) ;
#2815 = CARTESIAN_POINT ( 'NONE',  ( 0.000000000000000000, 58.00000000000000000, 19.00000000000000355 ) ) ;
#2816 = ORIENTED_EDGE ( 'NONE', *, *, #220, .T. ) ;
#2817 = CARTESIAN_POINT ( 'NONE',  ( 69.00000000000000000, -53.19999999999999574, 3.000000000000002665 ) ) ;
#2818 = CARTESIAN_POINT ( 'NONE',  ( -69.00000000000000000, 0.000000000000000000, 19.00000000000000355 ) ) ;
#2819 = DIRECTION ( 'NONE',  ( -0.000000000000000000, -0.000000000000000000, -1.000000000000000000 ) ) ;
#2820 = CARTESIAN_POINT ( 'NONE',  ( 71.00000000000001421, -58.00000000000000000, 4.999999999999992895 ) ) ;
#2821 = DIRECTION ( 'NONE',  ( 0.000000000000000000, 0.000000000000000000, 1.000000000000000000 ) ) ;
#2822 = DIRECTION ( 'NONE',  ( 0.000000000000000000, 0.000000000000000000, 1.000000000000000000 ) ) ;
#2823 = DIRECTION ( 'NONE',  ( 0.000000000000000000, 0.000000000000000000, 1.000000000000000000 ) ) ;
#2824 = ORIENTED_EDGE ( 'NONE', *, *, #2589, .F. ) ;
#2825 = EDGE_LOOP ( 'NONE', ( #819, #208, #2795, #1638 ) ) ;
#2826 = DIRECTION ( 'NONE',  ( 0.000000000000000000, 1.000000000000000000, 0.000000000000000000 ) ) ;
#2827 = VERTEX_POINT ( 'NONE', #1481 ) ;
#2828 = VECTOR ( 'NONE', #2051, 1000.000000000000000 ) ;
#2829 = EDGE_CURVE ( 'NONE', #2504, #2146, #812, .T. ) ;
#2830 = COLOUR_RGB ( '',0.7921568627450980005, 0.8196078431372548767, 0.9333333333333333481 ) ;
#2831 = CARTESIAN_POINT ( 'NONE',  ( -71.00000000000001421, -59.00000000000000711, 3.000000000000000444 ) ) ;
#2832 = FACE_OUTER_BOUND ( 'NONE', #1356, .T. ) ;
#2833 = VECTOR ( 'NONE', #939, 1000.000000000000000 ) ;
#2834 = DIRECTION ( 'NONE',  ( 0.000000000000000000, -0.000000000000000000, 1.000000000000000000 ) ) ;
#2835 = LINE ( 'NONE', #773, #1791 ) ;
#2836 = ADVANCED_FACE ( 'NONE', ( #1681 ), #1897, .F. ) ;
#2837 = CARTESIAN_POINT ( 'NONE',  ( -71.00000000000001421, -60.00000000000000711, 4.000000000000000000 ) ) ;
#2838 = ADVANCED_FACE ( 'NONE', ( #320 ), #1247, .F. ) ;
#2839 = AXIS2_PLACEMENT_3D ( 'NONE', #2348, #1711, #2154 ) ;
#2840 = CARTESIAN_POINT ( 'NONE',  ( -79.00000000000001421, -60.00000000000000711, 4.999999999999993783 ) ) ;
#2841 = EDGE_LOOP ( 'NONE', ( #984, #2483, #2003 ) ) ;
#2842 = CIRCLE ( 'NONE', #102, 1.000000000000000000 ) ;
#2843 = EDGE_LOOP ( 'NONE', ( #217, #1435, #60, #1760 ) ) ;
#2844 = DIRECTION ( 'NONE',  ( -1.000000000000000000, 0.000000000000000000, -5.421010862427527100E-17 ) ) ;
#2845 = DIRECTION ( 'NONE',  ( 0.000000000000000000, -1.000000000000000000, 0.000000000000000000 ) ) ;
#2846 = ORIENTED_EDGE ( 'NONE', *, *, #391, .T. ) ;
#2847 = CARTESIAN_POINT ( 'NONE',  ( -70.00000000000000000, -58.00000000000000000, 4.999999999999993783 ) ) ;
#2848 = CARTESIAN_POINT ( 'NONE',  ( -71.00000000000001421, -59.00000000000000711, 4.000000000000000000 ) ) ;
#2849 = CARTESIAN_POINT ( 'NONE',  ( -69.00000000000000000, -56.00000000000000000, 3.000000000000002665 ) ) ;
#2850 = DIRECTION ( 'NONE',  ( 0.000000000000000000, 0.000000000000000000, 1.000000000000000000 ) ) ;
#2851 = ORIENTED_EDGE ( 'NONE', *, *, #987, .F. ) ;
#2852 = EDGE_CURVE ( 'NONE', #2489, #2810, #331, .T. ) ;
#2853 = DIRECTION ( 'NONE',  ( 0.000000000000000000, 0.000000000000000000, 1.000000000000000000 ) ) ;
#2854 = VECTOR ( 'NONE', #1615, 1000.000000000000000 ) ;
#2855 = AXIS2_PLACEMENT_3D ( 'NONE', #1339, #2490, #1122 ) ;
#2856 = DIRECTION ( 'NONE',  ( 2.081668171172166304E-14, 1.000000000000000000, 0.000000000000000000 ) ) ;
#2857 = ORIENTED_EDGE ( 'NONE', *, *, #1584, .T. ) ;
#2858 = AXIS2_PLACEMENT_3D ( 'NONE', #2014, #2212, #141 ) ;
#2859 = CARTESIAN_POINT ( 'NONE',  ( 0.000000000000000000, -50.00000000000000000, 19.00000000000000355 ) ) ;
#2860 = CARTESIAN_POINT ( 'NONE',  ( -86.00000000000000000, -56.00000000000000000, 2.000000000000000000 ) ) ;
#2861 = ORIENTED_EDGE ( 'NONE', *, *, #1653, .T. ) ;
#2862 = DIRECTION ( 'NONE',  ( -1.000000000000000000, 0.000000000000000000, 0.000000000000000000 ) ) ;
#2863 = DIRECTION ( 'NONE',  ( -1.000000000000000000, 0.000000000000000000, 0.000000000000000000 ) ) ;
#2864 = DIRECTION ( 'NONE',  ( 1.000000000000000000, 0.000000000000000000, 0.000000000000000000 ) ) ;
#2865 = FACE_OUTER_BOUND ( 'NONE', #18, .T. ) ;
#2866 = DIRECTION ( 'NONE',  ( -0.000000000000000000, 1.000000000000000000, -0.000000000000000000 ) ) ;
#2867 = DIRECTION ( 'NONE',  ( -6.938893903907221278E-15, -0.000000000000000000, -1.000000000000000000 ) ) ;
#2868 = ORIENTED_EDGE ( 'NONE', *, *, #298, .T. ) ;
#2869 = CARTESIAN_POINT ( 'NONE',  ( 84.99999999999998579, -50.00000000000000000, 2.999999999999999112 ) ) ;
#2870 = DIRECTION ( 'NONE',  ( 1.000000000000000000, 0.000000000000000000, 0.000000000000000000 ) ) ;
#2871 = ORIENTED_EDGE ( 'NONE', *, *, #1352, .F. ) ;
#2872 = DIRECTION ( 'NONE',  ( 1.000000000000000000, -0.000000000000000000, -0.000000000000000000 ) ) ;
#2873 = CARTESIAN_POINT ( 'NONE',  ( 39.99999999999999289, -53.19999999999999574, 2.999999999999999112 ) ) ;
#2874 = DIRECTION ( 'NONE',  ( 0.000000000000000000, 0.000000000000000000, 1.000000000000000000 ) ) ;
#2875 = PLANE ( 'NONE',  #2957 ) ;
#2876 = VECTOR ( 'NONE', #786, 1000.000000000000000 ) ;
#2877 = CARTESIAN_POINT ( 'NONE',  ( -79.00000000000001421, -58.00000000000000000, 5.999999999999986677 ) ) ;
#2878 = VERTEX_POINT ( 'NONE', #1438 ) ;
#2879 = EDGE_CURVE ( 'NONE', #2105, #1365, #1193, .T. ) ;
#2880 = FACE_OUTER_BOUND ( 'NONE', #1273, .T. ) ;
#2881 = ORIENTED_EDGE ( 'NONE', *, *, #1465, .T. ) ;
#2882 = CARTESIAN_POINT ( 'NONE',  ( 4.000000000000000000, 60.00000000000000711, 4.000000000000000000 ) ) ;
#2883 = EDGE_CURVE ( 'NONE', #1144, #1448, #572, .T. ) ;
#2884 = CIRCLE ( 'NONE', #244, 1.000000000000000888 ) ;
#2885 = LINE ( 'NONE', #1706, #163 ) ;
#2886 = ORIENTED_EDGE ( 'NONE', *, *, #420, .T. ) ;
#2887 = CARTESIAN_POINT ( 'NONE',  ( -20.00000000000000000, 55.00000000000000000, 1.999999999999999112 ) ) ;
#2888 = LINE ( 'NONE', #1514, #1348 ) ;
#2889 = EDGE_CURVE ( 'NONE', #2043, #704, #543, .T. ) ;
#2890 = FACE_OUTER_BOUND ( 'NONE', #2487, .T. ) ;
#2891 = CARTESIAN_POINT ( 'NONE',  ( 79.00000000000000000, -60.00000000000000711, 4.999999999999992895 ) ) ;
#2892 = AXIS2_PLACEMENT_3D ( 'NONE', #1682, #2616, #544 ) ;
#2893 = ADVANCED_FACE ( 'NONE', ( #50 ), #1004, .T. ) ;
#2894 = CARTESIAN_POINT ( 'NONE',  ( 88.00000000000000000, -50.00000000000000000, 2.000000000000000000 ) ) ;
#2895 = VERTEX_POINT ( 'NONE', #974 ) ;
#2896 = ORIENTED_EDGE ( 'NONE', *, *, #2796, .F. ) ;
#2897 = CYLINDRICAL_SURFACE ( 'NONE', #760, 1.000000000000000000 ) ;
#2898 = VECTOR ( 'NONE', #62, 1000.000000000000000 ) ;
#2899 = DIRECTION ( 'NONE',  ( -0.000000000000000000, -0.000000000000000000, -1.000000000000000000 ) ) ;
#2900 = VECTOR ( 'NONE', #1715, 1000.000000000000000 ) ;
#2901 = ORIENTED_EDGE ( 'NONE', *, *, #908, .T. ) ;
#2902 = EDGE_CURVE ( 'NONE', #461, #579, #2500, .T. ) ;
#2903 = CIRCLE ( 'NONE', #167, 5.000000000000000000 ) ;
#2904 = CARTESIAN_POINT ( 'NONE',  ( 86.00000000000000000, -55.00000000000000000, 2.000000000000000000 ) ) ;
#2905 = CARTESIAN_POINT ( 'NONE',  ( 70.00000000000000000, -59.00000000000000711, 4.000000000000007994 ) ) ;
#2906 = LINE ( 'NONE', #842, #2226 ) ;
#2907 = DIRECTION ( 'NONE',  ( -1.000000000000000000, -0.000000000000000000, -0.000000000000000000 ) ) ;
#2908 = AXIS2_PLACEMENT_3D ( 'NONE', #1710, #1998, #2428 ) ;
#2909 = EDGE_CURVE ( 'NONE', #1381, #2275, #1092, .T. ) ;
#2910 = FACE_OUTER_BOUND ( 'NONE', #1907, .T. ) ;
#2911 = ADVANCED_FACE ( 'NONE', ( #2427 ), #231, .F. ) ;
#2912 = CARTESIAN_POINT ( 'NONE',  ( -5.000000000000000000, 60.00000000000000711, 5.000000000000000000 ) ) ;
#2913 = ORIENTED_EDGE ( 'NONE', *, *, #1164, .T. ) ;
#2914 = LINE ( 'NONE', #1573, #2828 ) ;
#2915 = CARTESIAN_POINT ( 'NONE',  ( 5.000000000000000000, 59.00000000000000711, 5.000000000000000000 ) ) ;
#2916 = ORIENTED_EDGE ( 'NONE', *, *, #391, .F. ) ;
#2917 = CYLINDRICAL_SURFACE ( 'NONE', #708, 2.000000000000001776 ) ;
#2918 = DIRECTION ( 'NONE',  ( 0.000000000000000000, 0.000000000000000000, -1.000000000000000000 ) ) ;
#2919 = ORIENTED_EDGE ( 'NONE', *, *, #411, .F. ) ;
#2920 = SURFACE_STYLE_USAGE ( .BOTH. , #2936 ) ;
#2921 = ORIENTED_EDGE ( 'NONE', *, *, #1758, .F. ) ;
#2922 = CARTESIAN_POINT ( 'NONE',  ( -5.000000000000000000, 58.00000000000000000, 5.000000000000000000 ) ) ;
#2923 = ADVANCED_FACE ( 'NONE', ( #2193 ), #866, .T. ) ;
#2924 = DIRECTION ( 'NONE',  ( 0.000000000000000000, 0.000000000000000000, -1.000000000000000000 ) ) ;
#2925 = VECTOR ( 'NONE', #1264, 1000.000000000000000 ) ;
#2926 = VECTOR ( 'NONE', #277, 1000.000000000000000 ) ;
#2927 = FACE_OUTER_BOUND ( 'NONE', #2843, .T. ) ;
#2928 = EDGE_CURVE ( 'NONE', #2705, #1337, #152, .T. ) ;
#2929 = ORIENTED_EDGE ( 'NONE', *, *, #2263, .T. ) ;
#2930 = ORIENTED_EDGE ( 'NONE', *, *, #2638, .F. ) ;
#2931 = DIRECTION ( 'NONE',  ( -0.000000000000000000, -0.000000000000000000, -1.000000000000000000 ) ) ;
#2932 = DIRECTION ( 'NONE',  ( -1.000000000000000000, 0.000000000000000000, 0.000000000000000000 ) ) ;
#2933 = ORIENTED_EDGE ( 'NONE', *, *, #697, .T. ) ;
#2934 = ORIENTED_EDGE ( 'NONE', *, *, #337, .F. ) ;
#2935 = AXIS2_PLACEMENT_3D ( 'NONE', #2757, #1598, #457 ) ;
#2936 = SURFACE_SIDE_STYLE ('',( #407 ) ) ;
#2937 = DIRECTION ( 'NONE',  ( -1.000000000000000000, 0.000000000000000000, 0.000000000000000000 ) ) ;
#2938 = AXIS2_PLACEMENT_3D ( 'NONE', #2229, #2940, #2924 ) ;
#2939 = ORIENTED_EDGE ( 'NONE', *, *, #1653, .F. ) ;
#2940 = DIRECTION ( 'NONE',  ( -0.000000000000000000, -1.000000000000000000, -0.000000000000000000 ) ) ;
#2941 = ADVANCED_FACE ( 'NONE', ( #1784 ), #2917, .F. ) ;
#2942 = DIRECTION ( 'NONE',  ( -1.000000000000000000, 0.000000000000000000, 1.084202172485503448E-16 ) ) ;
#2943 = VERTEX_POINT ( 'NONE', #2488 ) ;
#2944 = LINE ( 'NONE', #2720, #280 ) ;
#2945 = DIRECTION ( 'NONE',  ( 1.000000000000000000, -0.000000000000000000, 5.421010862427527100E-17 ) ) ;
#2946 = ORIENTED_EDGE ( 'NONE', *, *, #570, .T. ) ;
#2947 = ORIENTED_EDGE ( 'NONE', *, *, #2972, .F. ) ;
#2948 = TOROIDAL_SURFACE ( 'NONE', #1544, 1.000000000000001776, 1.000000000000000000 ) ;
#2949 = ORIENTED_EDGE ( 'NONE', *, *, #737, .F. ) ;
#2950 = VECTOR ( 'NONE', #575, 1000.000000000000000 ) ;
#2951 = CARTESIAN_POINT ( 'NONE',  ( -80.00000000000001421, -60.00000000000000711, 4.000000000000000000 ) ) ;
#2952 = EDGE_LOOP ( 'NONE', ( #284, #448, #2663, #768, #1550 ) ) ;
#2953 = FACE_OUTER_BOUND ( 'NONE', #2677, .T. ) ;
#2954 = EDGE_CURVE ( 'NONE', #628, #1519, #1044, .T. ) ;
#2955 = AXIS2_PLACEMENT_3D ( 'NONE', #314, #2115, #1905 ) ;
#2956 = ORIENTED_EDGE ( 'NONE', *, *, #1531, .F. ) ;
#2957 = AXIS2_PLACEMENT_3D ( 'NONE', #1742, #1060, #2937 ) ;
#2958 = CARTESIAN_POINT ( 'NONE',  ( 79.00000000000000000, -59.00000000000000711, 5.999999999999992895 ) ) ;
#2959 = EDGE_CURVE ( 'NONE', #1658, #2895, #404, .T. ) ;
#2960 = DIRECTION ( 'NONE',  ( 0.000000000000000000, 0.000000000000000000, -1.000000000000000000 ) ) ;
#2961 = VERTEX_POINT ( 'NONE', #2681 ) ;
#2962 = EDGE_CURVE ( 'NONE', #270, #671, #2342, .T. ) ;
#2963 = CARTESIAN_POINT ( 'NONE',  ( 71.00000000000001421, -59.00000000000000711, 3.000000000000000000 ) ) ;
#2964 = DIRECTION ( 'NONE',  ( 0.000000000000000000, 0.000000000000000000, 1.000000000000000000 ) ) ;
#2965 = EDGE_LOOP ( 'NONE', ( #1387, #364, #568, #1934 ) ) ;
#2966 = ORIENTED_EDGE ( 'NONE', *, *, #2447, .T. ) ;
#2967 = ORIENTED_EDGE ( 'NONE', *, *, #1599, .F. ) ;
#2968 = DIRECTION ( 'NONE',  ( -0.000000000000000000, -0.000000000000000000, -1.000000000000000000 ) ) ;
#2969 = ORIENTED_EDGE ( 'NONE', *, *, #2200, .T. ) ;
#2970 = EDGE_CURVE ( 'NONE', #2163, #1464, #2732, .T. ) ;
#2971 = DIRECTION ( 'NONE',  ( -1.000000000000000000, -0.000000000000000000, 1.084202172485503448E-16 ) ) ;
#2972 = EDGE_CURVE ( 'NONE', #2741, #2361, #524, .T. ) ;
#2973 = ORIENTED_EDGE ( 'NONE', *, *, #205, .F. ) ;
#2974 = EDGE_LOOP ( 'NONE', ( #158, #1123, #1263, #902 ) ) ;
#2975 = CIRCLE ( 'NONE', #1185, 2.000000000000001776 ) ;
#2976 = AXIS2_PLACEMENT_3D ( 'NONE', #2123, #2107, #2586 ) ;
#2977 = DIRECTION ( 'NONE',  ( -0.000000000000000000, -0.000000000000000000, 1.000000000000000000 ) ) ;
#2978 = DIRECTION ( 'NONE',  ( 0.000000000000000000, 0.000000000000000000, -1.000000000000000000 ) ) ;
#2979 = EDGE_LOOP ( 'NONE', ( #465, #2015, #103, #122 ) ) ;
ENDSEC;
END-ISO-10303-21;
