ISO-10303-21;
HEADER;
FILE_DESCRIPTION (( 'STEP AP214' ),
    '1' );
FILE_NAME ('epaper-screen-6.STEP',
    '2026-08-22T22:06:18',
    ( '' ),
    ( '' ),
    'SwSTEP 2.0',
    'SolidWorks 2019',
    '' );
FILE_SCHEMA (( 'AUTOMOTIVE_DESIGN' ));
ENDSEC;

DATA;
#1 = DIRECTION ( 'NONE',  ( 0.000000000000000000, -1.000000000000000000, 0.000000000000000000 ) ) ;
#2 = CARTESIAN_POINT ( 'NONE',  ( 5.000000000000000000, 1.999999999999999556, 1.000000000000000000 ) ) ;
#3 = CIRCLE ( 'NONE', #1566, 0.9999999999999992228 ) ;
#4 = AXIS2_PLACEMENT_3D ( 'NONE', #573, #1948, #1322 ) ;
#5 = EDGE_CURVE ( 'NONE', #1457, #430, #838, .T. ) ;
#6 = UNCERTAINTY_MEASURE_WITH_UNIT (LENGTH_MEASURE( 1.000000000000000082E-05 ), #377, 'distance_accuracy_value', 'NONE');
#7 = FACE_OUTER_BOUND ( 'NONE', #1810, .T. ) ;
#8 = CIRCLE ( 'NONE', #328, 1.000000000000000222 ) ;
#9 = LINE ( 'NONE', #1836, #919 ) ;
#10 = ORIENTED_EDGE ( 'NONE', *, *, #857, .F. ) ;
#11 = FACE_OUTER_BOUND ( 'NONE', #595, .T. ) ;
#12 = VERTEX_POINT ( 'NONE', #1590 ) ;
#13 = ORIENTED_EDGE ( 'NONE', *, *, #1677, .T. ) ;
#14 = DIRECTION ( 'NONE',  ( -0.7071067811865466846, -0.7071067811865485719, 0.000000000000000000 ) ) ;
#15 = DIRECTION ( 'NONE',  ( 0.000000000000000000, 0.000000000000000000, 1.000000000000000000 ) ) ;
#16 = EDGE_LOOP ( 'NONE', ( #744, #662, #1364, #1746 ) ) ;
#17 = DIRECTION ( 'NONE',  ( 1.000000000000000000, 0.000000000000000000, 0.000000000000000000 ) ) ;
#18 = EDGE_CURVE ( 'NONE', #652, #1253, #390, .T. ) ;
#19 = PLANE ( 'NONE',  #757 ) ;
#20 = ADVANCED_FACE ( 'NONE', ( #523 ), #1583, .T. ) ;
#21 = DIRECTION ( 'NONE',  ( 0.000000000000000000, -1.000000000000000000, 0.000000000000000000 ) ) ;
#22 = VERTEX_POINT ( 'NONE', #805 ) ;
#23 = CARTESIAN_POINT ( 'NONE',  ( 15.00000000000000000, 6.000000000000001776, 2.000000000000000000 ) ) ;
#24 = DIRECTION ( 'NONE',  ( -0.000000000000000000, -0.000000000000000000, -1.000000000000000000 ) ) ;
#25 = CIRCLE ( 'NONE', #343, 1.000000000000000000 ) ;
#26 = CARTESIAN_POINT ( 'NONE',  ( -6.000000000000000888, 8.000000000000000000, 0.000000000000000000 ) ) ;
#27 = EDGE_CURVE ( 'NONE', #1499, #461, #1140, .T. ) ;
#28 = EDGE_CURVE ( 'NONE', #1779, #577, #491, .T. ) ;
#29 = EDGE_LOOP ( 'NONE', ( #675, #1328, #1154, #884 ) ) ;
#30 = ORIENTED_EDGE ( 'NONE', *, *, #773, .T. ) ;
#31 = DIRECTION ( 'NONE',  ( -0.000000000000000000, -0.000000000000000000, -1.000000000000000000 ) ) ;
#32 = DIRECTION ( 'NONE',  ( 0.000000000000000000, 0.000000000000000000, 1.000000000000000000 ) ) ;
#33 = ORIENTED_EDGE ( 'NONE', *, *, #924, .F. ) ;
#34 = MECHANICAL_DESIGN_GEOMETRIC_PRESENTATION_REPRESENTATION (  '', ( #918 ), #1274 ) ;
#35 = ORIENTED_EDGE ( 'NONE', *, *, #1728, .T. ) ;
#36 = AXIS2_PLACEMENT_3D ( 'NONE', #791, #1415, #782 ) ;
#37 = CARTESIAN_POINT ( 'NONE',  ( 6.999999999999993783, 8.999999999999966249, 0.000000000000000000 ) ) ;
#38 = LINE ( 'NONE', #346, #1278 ) ;
#39 = ORIENTED_EDGE ( 'NONE', *, *, #1796, .F. ) ;
#40 = EDGE_LOOP ( 'NONE', ( #904, #1732, #1297, #615, #134, #1053 ) ) ;
#41 = EDGE_CURVE ( 'NONE', #732, #1928, #1471, .T. ) ;
#42 = LINE ( 'NONE', #176, #1259 ) ;
#43 = AXIS2_PLACEMENT_3D ( 'NONE', #1354, #1647, #1008 ) ;
#44 = LINE ( 'NONE', #650, #1534 ) ;
#45 = CARTESIAN_POINT ( 'NONE',  ( -5.000000000000000888, 8.000000000000000000, 1.000000000000000000 ) ) ;
#46 = TOROIDAL_SURFACE ( 'NONE', #1858, 0.9999999999999995559, 1.000000000000000000 ) ;
#47 = VERTEX_POINT ( 'NONE', #1772 ) ;
#48 = PLANE ( 'NONE',  #831 ) ;
#49 = CYLINDRICAL_SURFACE ( 'NONE', #513, 1.000000000000000000 ) ;
#50 = EDGE_CURVE ( 'NONE', #532, #1723, #139, .T. ) ;
#51 = ADVANCED_FACE ( 'NONE', ( #1054 ), #118, .F. ) ;
#52 = EDGE_CURVE ( 'NONE', #747, #1918, #147, .T. ) ;
#53 = DIRECTION ( 'NONE',  ( -1.215760433415192867E-16, 1.000000000000000000, 0.000000000000000000 ) ) ;
#54 = DIRECTION ( 'NONE',  ( -0.7071067811865507924, 0.7071067811865442421, 0.000000000000000000 ) ) ;
#55 = AXIS2_PLACEMENT_3D ( 'NONE', #1845, #608, #1073 ) ;
#56 = STYLED_ITEM ( 'NONE', ( #507 ), #825 ) ;
#57 = VECTOR ( 'NONE', #395, 1000.000000000000000 ) ;
#58 = ORIENTED_EDGE ( 'NONE', *, *, #1046, .T. ) ;
#59 = DIRECTION ( 'NONE',  ( 1.000000000000000000, 0.000000000000000000, 0.000000000000000000 ) ) ;
#60 = DIRECTION ( 'NONE',  ( -0.7071067811865490160, -0.7071067811865460184, 0.000000000000000000 ) ) ;
#61 = ORIENTED_EDGE ( 'NONE', *, *, #5, .T. ) ;
#62 = ADVANCED_FACE ( 'NONE', ( #572 ), #1797, .F. ) ;
#63 = DIRECTION ( 'NONE',  ( 0.000000000000000000, 0.000000000000000000, -1.000000000000000000 ) ) ;
#64 = VECTOR ( 'NONE', #591, 1000.000000000000000 ) ;
#65 = AXIS2_PLACEMENT_3D ( 'NONE', #1683, #319, #197 ) ;
#66 = LINE ( 'NONE', #536, #1526 ) ;
#67 = ORIENTED_EDGE ( 'NONE', *, *, #325, .F. ) ;
#68 = AXIS2_PLACEMENT_3D ( 'NONE', #711, #880, #1622 ) ;
#69 = ORIENTED_EDGE ( 'NONE', *, *, #1944, .T. ) ;
#70 = CARTESIAN_POINT ( 'NONE',  ( 15.00000000000000000, -63.34314575050755991, 4.000000000000000000 ) ) ;
#71 = DIRECTION ( 'NONE',  ( -0.7071067811865472397, 0.7071067811865480168, 0.000000000000000000 ) ) ;
#72 = AXIS2_PLACEMENT_3D ( 'NONE', #1855, #783, #172 ) ;
#73 = AXIS2_PLACEMENT_3D ( 'NONE', #260, #1321, #1183 ) ;
#74 = ORIENTED_EDGE ( 'NONE', *, *, #297, .F. ) ;
#75 = AXIS2_PLACEMENT_3D ( 'NONE', #381, #71, #60 ) ;
#76 = CARTESIAN_POINT ( 'NONE',  ( 15.00000000000000000, 7.000000000000001776, 3.000000000000000000 ) ) ;
#77 = EDGE_CURVE ( 'NONE', #1908, #1699, #940, .T. ) ;
#78 = CARTESIAN_POINT ( 'NONE',  ( -13.82842712474617564, -66.17157287525378706, 3.000000000000000000 ) ) ;
#79 = ADVANCED_FACE ( 'NONE', ( #1032 ), #1540, .T. ) ;
#80 = ORIENTED_EDGE ( 'NONE', *, *, #1544, .T. ) ;
#81 = CARTESIAN_POINT ( 'NONE',  ( -13.82842712474617564, -66.17157287525378706, 4.000000000000000000 ) ) ;
#82 = CARTESIAN_POINT ( 'NONE',  ( -13.99999999999999112, -63.34314575050758833, 1.000000000000000000 ) ) ;
#83 = AXIS2_PLACEMENT_3D ( 'NONE', #485, #1839, #1698 ) ;
#84 = EDGE_LOOP ( 'NONE', ( #1644, #1240, #687, #1397, #920 ) ) ;
#85 = CARTESIAN_POINT ( 'NONE',  ( -7.000000000000000000, 8.000000000000000000, 3.000000000000000000 ) ) ;
#86 = CARTESIAN_POINT ( 'NONE',  ( -5.000000000000000888, 8.000000000000000000, 2.000000000000000000 ) ) ;
#87 = CIRCLE ( 'NONE', #342, 2.000000000000000000 ) ;
#88 = EDGE_LOOP ( 'NONE', ( #254, #1306, #1388, #802, #665 ) ) ;
#89 = CARTESIAN_POINT ( 'NONE',  ( -2.828427124746195620, -77.17157287525378706, 3.000000000000000000 ) ) ;
#90 = DIRECTION ( 'NONE',  ( 1.000000000000000000, 0.000000000000000000, -0.000000000000000000 ) ) ;
#91 = ORIENTED_EDGE ( 'NONE', *, *, #533, .T. ) ;
#92 = ORIENTED_EDGE ( 'NONE', *, *, #897, .T. ) ;
#93 = DIRECTION ( 'NONE',  ( 0.000000000000000000, 0.000000000000000000, 1.000000000000000000 ) ) ;
#94 = ORIENTED_EDGE ( 'NONE', *, *, #583, .T. ) ;
#95 = DIRECTION ( 'NONE',  ( -0.000000000000000000, -0.000000000000000000, -1.000000000000000000 ) ) ;
#96 = TOROIDAL_SURFACE ( 'NONE', #1406, 2.999999999999999556, 1.000000000000000000 ) ;
#97 = CYLINDRICAL_SURFACE ( 'NONE', #399, 1.000000000000000000 ) ;
#98 = LINE ( 'NONE', #547, #959 ) ;
#99 = VERTEX_POINT ( 'NONE', #1194 ) ;
#100 = ORIENTED_EDGE ( 'NONE', *, *, #1898, .T. ) ;
#101 = DIRECTION ( 'NONE',  ( -0.000000000000000000, -0.000000000000000000, -1.000000000000000000 ) ) ;
#102 = DIRECTION ( 'NONE',  ( 1.000000000000000000, 5.782411586589359611E-15, -0.000000000000000000 ) ) ;
#103 = VERTEX_POINT ( 'NONE', #1806 ) ;
#104 = CIRCLE ( 'NONE', #1281, 1.000000000000000000 ) ;
#105 = ORIENTED_EDGE ( 'NONE', *, *, #1568, .T. ) ;
#106 = CARTESIAN_POINT ( 'NONE',  ( 12.99999999999998579, 10.00000000000000000, 3.000000000000000000 ) ) ;
#107 = CARTESIAN_POINT ( 'NONE',  ( 13.99999999999999822, -63.34314575050755991, 4.000000000000000000 ) ) ;
#108 = DIRECTION ( 'NONE',  ( -1.000000000000000000, -0.000000000000000000, -0.000000000000000000 ) ) ;
#109 = LINE ( 'NONE', #119, #1846 ) ;
#110 = DIRECTION ( 'NONE',  ( -0.000000000000000000, -0.000000000000000000, -1.000000000000000000 ) ) ;
#111 = ADVANCED_FACE ( 'NONE', ( #409 ), #1659, .F. ) ;
#112 = LINE ( 'NONE', #132, #1505 ) ;
#113 = ORIENTED_EDGE ( 'NONE', *, *, #50, .F. ) ;
#114 = ORIENTED_EDGE ( 'NONE', *, *, #1394, .F. ) ;
#115 = DIRECTION ( 'NONE',  ( 1.445602896647342614E-16, -1.000000000000000000, 0.000000000000000000 ) ) ;
#116 = DIRECTION ( 'NONE',  ( 0.000000000000000000, -1.000000000000000000, 0.000000000000000000 ) ) ;
#117 = ORIENTED_EDGE ( 'NONE', *, *, #1445, .T. ) ;
#118 = PLANE ( 'NONE',  #429 ) ;
#119 = CARTESIAN_POINT ( 'NONE',  ( 13.12132034355964194, -65.46446609406721961, 0.000000000000000000 ) ) ;
#120 = TOROIDAL_SURFACE ( 'NONE', #808, 1.000000000000000888, 1.000000000000000000 ) ;
#121 =( LENGTH_UNIT ( ) NAMED_UNIT ( * ) SI_UNIT ( .MILLI., .METRE. ) );
#122 = PLANE ( 'NONE',  #1200 ) ;
#123 = ORIENTED_EDGE ( 'NONE', *, *, #1293, .T. ) ;
#124 = EDGE_CURVE ( 'NONE', #625, #1257, #229, .T. ) ;
#125 = ORIENTED_EDGE ( 'NONE', *, *, #636, .T. ) ;
#126 = DIRECTION ( 'NONE',  ( -1.000000000000000000, -0.000000000000000000, -0.000000000000000000 ) ) ;
#127 = CARTESIAN_POINT ( 'NONE',  ( -2.999999999999986677, -1.000000000000000000, 0.000000000000000000 ) ) ;
#128 = AXIS2_PLACEMENT_3D ( 'NONE', #1011, #719, #849 ) ;
#129 = CARTESIAN_POINT ( 'NONE',  ( 3.535533905932779053, -75.05025253169411315, 1.000000000000000000 ) ) ;
#130 = CARTESIAN_POINT ( 'NONE',  ( 11.00000000000000000, 10.00000000000000000, 3.000000000000000000 ) ) ;
#131 = AXIS2_PLACEMENT_3D ( 'NONE', #1117, #1584, #1298 ) ;
#132 = CARTESIAN_POINT ( 'NONE',  ( 11.00000000000000000, -1.000000000000000888, 4.000000000000000000 ) ) ;
#133 = ORIENTED_EDGE ( 'NONE', *, *, #1083, .T. ) ;
#134 = ORIENTED_EDGE ( 'NONE', *, *, #521, .T. ) ;
#135 = CARTESIAN_POINT ( 'NONE',  ( 4.242640687119327403, -75.75735931288066638, 3.000000000000000000 ) ) ;
#136 = DIRECTION ( 'NONE',  ( 1.000000000000000000, 0.000000000000000000, 0.000000000000000000 ) ) ;
#137 = ADVANCED_FACE ( 'NONE', ( #1500 ), #1010, .T. ) ;
#138 = EDGE_CURVE ( 'NONE', #1029, #566, #1442, .T. ) ;
#139 = LINE ( 'NONE', #1331, #1000 ) ;
#140 = DIRECTION ( 'NONE',  ( -1.215760433415192867E-16, 1.000000000000000000, -0.000000000000000000 ) ) ;
#141 = DIRECTION ( 'NONE',  ( -1.000000000000000000, 0.000000000000000000, 0.000000000000000000 ) ) ;
#142 = CIRCLE ( 'NONE', #1857, 1.000000000000000000 ) ;
#143 = AXIS2_PLACEMENT_3D ( 'NONE', #370, #1284, #1458 ) ;
#144 = VERTEX_POINT ( 'NONE', #1670 ) ;
#145 = ORIENTED_EDGE ( 'NONE', *, *, #1247, .T. ) ;
#146 = DIRECTION ( 'NONE',  ( 1.000000000000000000, 0.000000000000000000, 0.000000000000000000 ) ) ;
#147 = CIRCLE ( 'NONE', #1805, 1.000000000000000000 ) ;
#148 = ORIENTED_EDGE ( 'NONE', *, *, #258, .F. ) ;
#149 = EDGE_CURVE ( 'NONE', #428, #1089, #508, .T. ) ;
#150 = DIRECTION ( 'NONE',  ( 0.000000000000000000, -1.000000000000000000, 0.000000000000000000 ) ) ;
#151 = CARTESIAN_POINT ( 'NONE',  ( 6.999999999999993783, 8.999999999999966249, 1.000000000000000000 ) ) ;
#152 = CARTESIAN_POINT ( 'NONE',  ( 6.000000000000000000, 1.999999999999999556, 0.000000000000000000 ) ) ;
#153 = AXIS2_PLACEMENT_3D ( 'NONE', #1680, #478, #772 ) ;
#154 = CYLINDRICAL_SURFACE ( 'NONE', #1335, 3.999999999999998224 ) ;
#155 = CIRCLE ( 'NONE', #1107, 2.999999999999999556 ) ;
#156 = VECTOR ( 'NONE', #301, 1000.000000000000000 ) ;
#157 = DIRECTION ( 'NONE',  ( 0.000000000000000000, 0.000000000000000000, 1.000000000000000000 ) ) ;
#158 = VERTEX_POINT ( 'NONE', #433 ) ;
#159 = ORIENTED_EDGE ( 'NONE', *, *, #1394, .T. ) ;
#160 = DIRECTION ( 'NONE',  ( 1.215760433415192867E-16, -1.000000000000000000, 0.000000000000000000 ) ) ;
#161 = ORIENTED_EDGE ( 'NONE', *, *, #1220, .T. ) ;
#162 = CARTESIAN_POINT ( 'NONE',  ( -6.000000000000000888, 8.000000000000000000, 4.000000000000000000 ) ) ;
#163 = DIRECTION ( 'NONE',  ( 0.000000000000000000, 0.000000000000000000, 1.000000000000000000 ) ) ;
#164 = ADVANCED_FACE ( 'NONE', ( #422 ), #585, .F. ) ;
#165 = VECTOR ( 'NONE', #140, 1000.000000000000000 ) ;
#166 = EDGE_CURVE ( 'NONE', #1367, #575, #926, .T. ) ;
#167 = ADVANCED_FACE ( 'NONE', ( #1216 ), #1357, .T. ) ;
#168 = DIRECTION ( 'NONE',  ( 0.000000000000000000, 0.000000000000000000, 1.000000000000000000 ) ) ;
#169 = AXIS2_PLACEMENT_3D ( 'NONE', #466, #1252, #1213 ) ;
#170 = AXIS2_PLACEMENT_3D ( 'NONE', #1022, #889, #1947 ) ;
#171 = CARTESIAN_POINT ( 'NONE',  ( 5.000000000000000000, -63.34314575050758833, 3.000000000000000000 ) ) ;
#172 = DIRECTION ( 'NONE',  ( 1.000000000000000000, 0.000000000000000000, 0.000000000000000000 ) ) ;
#173 = ORIENTED_EDGE ( 'NONE', *, *, #1664, .T. ) ;
#174 = ORIENTED_EDGE ( 'NONE', *, *, #1761, .T. ) ;
#175 = AXIS2_PLACEMENT_3D ( 'NONE', #441, #1813, #597 ) ;
#176 = CARTESIAN_POINT ( 'NONE',  ( -15.00000000000000178, 8.000000000000000000, 4.000000000000000000 ) ) ;
#177 = CARTESIAN_POINT ( 'NONE',  ( -3.000000000000000444, 2.000000000000000000, 3.000000000000000000 ) ) ;
#178 = ORIENTED_EDGE ( 'NONE', *, *, #1678, .T. ) ;
#179 = EDGE_CURVE ( 'NONE', #537, #475, #819, .T. ) ;
#180 = ADVANCED_FACE ( 'NONE', ( #1479 ), #1255, .T. ) ;
#181 = AXIS2_PLACEMENT_3D ( 'NONE', #473, #931, #1387 ) ;
#182 = DIRECTION ( 'NONE',  ( 1.000000000000000000, 0.000000000000000000, 0.000000000000000000 ) ) ;
#183 = CARTESIAN_POINT ( 'NONE',  ( -6.000000000000000888, 8.000000000000000000, 1.000000000000000000 ) ) ;
#184 = ORIENTED_EDGE ( 'NONE', *, *, #993, .T. ) ;
#185 = ORIENTED_EDGE ( 'NONE', *, *, #1165, .T. ) ;
#186 = ORIENTED_EDGE ( 'NONE', *, *, #1689, .F. ) ;
#187 = CARTESIAN_POINT ( 'NONE',  ( -7.000000000000000000, 10.00000000000000000, 4.000000000000000000 ) ) ;
#188 = DIRECTION ( 'NONE',  ( 0.000000000000000000, 0.000000000000000000, 1.000000000000000000 ) ) ;
#189 = AXIS2_PLACEMENT_3D ( 'NONE', #264, #1316, #742 ) ;
#190 = LINE ( 'NONE', #765, #503 ) ;
#191 = EDGE_CURVE ( 'NONE', #801, #1515, #797, .T. ) ;
#192 = DIRECTION ( 'NONE',  ( -0.000000000000000000, -1.000000000000000000, -0.000000000000000000 ) ) ;
#193 = ORIENTED_EDGE ( 'NONE', *, *, #1083, .F. ) ;
#194 = CYLINDRICAL_SURFACE ( 'NONE', #900, 0.9999999999999988898 ) ;
#195 = VERTEX_POINT ( 'NONE', #1401 ) ;
#196 = EDGE_LOOP ( 'NONE', ( #1300, #527, #300, #226 ) ) ;
#197 = DIRECTION ( 'NONE',  ( 1.000000000000000000, 0.000000000000000000, 0.000000000000000000 ) ) ;
#198 = CARTESIAN_POINT ( 'NONE',  ( 15.00000000000000000, 8.000000000000000000, 4.000000000000000000 ) ) ;
#199 = ORIENTED_EDGE ( 'NONE', *, *, #785, .F. ) ;
#200 = DIRECTION ( 'NONE',  ( 1.000000000000000000, 0.000000000000000000, 0.000000000000000000 ) ) ;
#201 = ADVANCED_FACE ( 'NONE', ( #620 ), #1691, .F. ) ;
#202 = CARTESIAN_POINT ( 'NONE',  ( -14.00000000000000178, 8.000000000000000000, 4.000000000000000000 ) ) ;
#203 = AXIS2_PLACEMENT_3D ( 'NONE', #1932, #1031, #277 ) ;
#204 = ORIENTED_EDGE ( 'NONE', *, *, #983, .T. ) ;
#205 = DIRECTION ( 'NONE',  ( 1.000000000000000000, 0.000000000000000000, 0.000000000000000000 ) ) ;
#206 = CARTESIAN_POINT ( 'NONE',  ( 5.000000000000000000, -63.34314575050758833, 3.000000000000000000 ) ) ;
#207 = EDGE_LOOP ( 'NONE', ( #400, #1045, #266, #987 ) ) ;
#208 = VERTEX_POINT ( 'NONE', #477 ) ;
#209 = CARTESIAN_POINT ( 'NONE',  ( 13.99999999999999822, -63.34314575050758833, 1.000000000000000000 ) ) ;
#210 = CARTESIAN_POINT ( 'NONE',  ( -13.00000000000000000, 10.00000000000000178, 1.000000000000000000 ) ) ;
#211 = CARTESIAN_POINT ( 'NONE',  ( 11.00000000000000000, -1.000000000000000888, 1.000000000000000000 ) ) ;
#212 = EDGE_CURVE ( 'NONE', #1739, #1290, #1085, .T. ) ;
#213 = DIRECTION ( 'NONE',  ( -0.000000000000000000, -0.000000000000000000, -1.000000000000000000 ) ) ;
#214 = TOROIDAL_SURFACE ( 'NONE', #656, 2.999999999999998224, 1.000000000000000000 ) ;
#215 = VECTOR ( 'NONE', #1747, 1000.000000000000000 ) ;
#216 = ORIENTED_EDGE ( 'NONE', *, *, #563, .T. ) ;
#217 = DIRECTION ( 'NONE',  ( 1.000000000000000000, 0.000000000000000000, 0.000000000000000000 ) ) ;
#218 = DIRECTION ( 'NONE',  ( -6.071532165918819308E-15, 1.000000000000000000, 0.000000000000000000 ) ) ;
#219 = ORIENTED_EDGE ( 'NONE', *, *, #1067, .T. ) ;
#220 = ADVANCED_FACE ( 'NONE', ( #1091 ), #1080, .F. ) ;
#221 = ADVANCED_FACE ( 'NONE', ( #1228 ), #48, .T. ) ;
#222 = FACE_OUTER_BOUND ( 'NONE', #1578, .T. ) ;
#223 = TOROIDAL_SURFACE ( 'NONE', #1211, 2.999999999999999556, 1.000000000000000000 ) ;
#224 = CARTESIAN_POINT ( 'NONE',  ( -15.00000000000000178, 8.000000000000000000, 1.000000000000000000 ) ) ;
#225 = AXIS2_PLACEMENT_3D ( 'NONE', #840, #1463, #93 ) ;
#226 = ORIENTED_EDGE ( 'NONE', *, *, #1208, .F. ) ;
#227 = DIRECTION ( 'NONE',  ( -1.445602896647342614E-16, 1.000000000000000000, 0.000000000000000000 ) ) ;
#228 = CARTESIAN_POINT ( 'NONE',  ( 6.000000000000000000, -63.34314575050758833, 4.000000000000000000 ) ) ;
#229 = CIRCLE ( 'NONE', #1340, 1.000000000000000000 ) ;
#230 = VERTEX_POINT ( 'NONE', #779 ) ;
#231 = LINE ( 'NONE', #958, #1697 ) ;
#232 = ADVANCED_FACE ( 'NONE', ( #1715 ), #911, .F. ) ;
#233 = ORIENTED_EDGE ( 'NONE', *, *, #667, .T. ) ;
#234 = EDGE_LOOP ( 'NONE', ( #1842, #117, #1152, #1877 ) ) ;
#235 = DIRECTION ( 'NONE',  ( 0.000000000000000000, 1.000000000000000000, 0.000000000000000000 ) ) ;
#236 = FACE_OUTER_BOUND ( 'NONE', #369, .T. ) ;
#237 = VECTOR ( 'NONE', #1145, 1000.000000000000000 ) ;
#238 = CIRCLE ( 'NONE', #143, 1.000000000000000000 ) ;
#239 = ORIENTED_EDGE ( 'NONE', *, *, #1873, .F. ) ;
#240 = VERTEX_POINT ( 'NONE', #934 ) ;
#241 = VECTOR ( 'NONE', #1766, 1000.000000000000000 ) ;
#242 = DIRECTION ( 'NONE',  ( 0.000000000000000000, -1.000000000000000000, 0.000000000000000000 ) ) ;
#243 = ORIENTED_EDGE ( 'NONE', *, *, #752, .T. ) ;
#244 = CARTESIAN_POINT ( 'NONE',  ( 12.99999999999999112, 9.000000000000001776, 1.000000000000000000 ) ) ;
#245 = EDGE_CURVE ( 'NONE', #872, #532, #323, .T. ) ;
#246 = VECTOR ( 'NONE', #721, 1000.000000000000000 ) ;
#247 = CARTESIAN_POINT ( 'NONE',  ( -13.82842712474617564, -66.17157287525378706, 4.000000000000000000 ) ) ;
#248 = DIRECTION ( 'NONE',  ( -0.7071067811865466846, -0.7071067811865483499, -0.000000000000000000 ) ) ;
#249 = VECTOR ( 'NONE', #1916, 1000.000000000000000 ) ;
#250 = CIRCLE ( 'NONE', #317, 1.000000000000000000 ) ;
#251 = VERTEX_POINT ( 'NONE', #1541 ) ;
#252 = EDGE_LOOP ( 'NONE', ( #1904, #185, #1653, #1571 ) ) ;
#253 = CARTESIAN_POINT ( 'NONE',  ( -5.000000000000000888, 8.000000000000000000, 4.000000000000000000 ) ) ;
#254 = ORIENTED_EDGE ( 'NONE', *, *, #1356, .T. ) ;
#255 = VECTOR ( 'NONE', #642, 1000.000000000000000 ) ;
#256 = CARTESIAN_POINT ( 'NONE',  ( -5.000000000000000888, 8.000000000000000000, 4.000000000000000000 ) ) ;
#257 = CARTESIAN_POINT ( 'NONE',  ( 7.077671781985372945E-15, -71.51471862576140381, 0.000000000000000000 ) ) ;
#258 = EDGE_CURVE ( 'NONE', #1290, #251, #42, .T. ) ;
#259 = EDGE_CURVE ( 'NONE', #295, #22, #1191, .T. ) ;
#260 = CARTESIAN_POINT ( 'NONE',  ( -15.00000000000000178, 8.000000000000000000, 4.000000000000000000 ) ) ;
#261 = CARTESIAN_POINT ( 'NONE',  ( 3.000000000000000444, 1.999999999999999556, 4.000000000000000000 ) ) ;
#262 = AXIS2_PLACEMENT_3D ( 'NONE', #256, #267, #115 ) ;
#263 = CARTESIAN_POINT ( 'NONE',  ( 5.000000000000000000, 2.000000000000014211, 4.000000000000000000 ) ) ;
#264 = CARTESIAN_POINT ( 'NONE',  ( -13.00000000000000000, 9.000000000000001776, 3.000000000000000000 ) ) ;
#265 = VERTEX_POINT ( 'NONE', #349 ) ;
#266 = ORIENTED_EDGE ( 'NONE', *, *, #179, .T. ) ;
#267 = DIRECTION ( 'NONE',  ( -1.000000000000000000, -1.445602896647342614E-16, 0.000000000000000000 ) ) ;
#268 = DIRECTION ( 'NONE',  ( -0.000000000000000000, -0.000000000000000000, -1.000000000000000000 ) ) ;
#269 = DIRECTION ( 'NONE',  ( 0.000000000000000000, 0.000000000000000000, 1.000000000000000000 ) ) ;
#270 = CARTESIAN_POINT ( 'NONE',  ( -14.99999999999999289, -63.34314575050758833, 3.000000000000000000 ) ) ;
#271 = ADVANCED_FACE ( 'NONE', ( #1561 ), #194, .T. ) ;
#272 = CARTESIAN_POINT ( 'NONE',  ( 13.99999999999999822, 8.000000000000000000, 0.000000000000000000 ) ) ;
#273 = ORIENTED_EDGE ( 'NONE', *, *, #655, .T. ) ;
#274 = EDGE_LOOP ( 'NONE', ( #1687, #239, #619, #910 ) ) ;
#275 = ORIENTED_EDGE ( 'NONE', *, *, #1582, .T. ) ;
#276 = DIRECTION ( 'NONE',  ( -0.000000000000000000, -0.000000000000000000, -1.000000000000000000 ) ) ;
#277 = DIRECTION ( 'NONE',  ( 0.000000000000000000, 0.000000000000000000, -1.000000000000000000 ) ) ;
#278 = CIRCLE ( 'NONE', #1720, 1.999999999999999112 ) ;
#279 = CARTESIAN_POINT ( 'NONE',  ( -13.00000000000000000, 10.00000000000000000, 4.000000000000000000 ) ) ;
#280 = DIRECTION ( 'NONE',  ( -0.7071067811865465735, -0.7071067811865484609, 0.000000000000000000 ) ) ;
#281 = AXIS2_PLACEMENT_3D ( 'NONE', #1530, #15, #621 ) ;
#282 =( LENGTH_UNIT ( ) NAMED_UNIT ( * ) SI_UNIT ( .MILLI., .METRE. ) );
#283 = DIRECTION ( 'NONE',  ( -0.7071067811865472397, 0.7071067811865480168, 0.000000000000000000 ) ) ;
#284 = ORIENTED_EDGE ( 'NONE', *, *, #1651, .F. ) ;
#285 = EDGE_CURVE ( 'NONE', #321, #745, #588, .T. ) ;
#286 = EDGE_LOOP ( 'NONE', ( #67, #1856, #1668 ) ) ;
#287 = VERTEX_POINT ( 'NONE', #1529 ) ;
#288 = DIRECTION ( 'NONE',  ( 1.000000000000000000, 0.000000000000000000, 0.000000000000000000 ) ) ;
#289 = DIRECTION ( 'NONE',  ( 0.000000000000000000, 0.000000000000000000, 1.000000000000000000 ) ) ;
#290 = VECTOR ( 'NONE', #708, 1000.000000000000000 ) ;
#291 = CARTESIAN_POINT ( 'NONE',  ( 12.99999999999999822, 8.000000000000000000, 4.000000000000000000 ) ) ;
#292 = DIRECTION ( 'NONE',  ( 1.000000000000000000, 0.000000000000000000, 0.000000000000000000 ) ) ;
#293 = APPLICATION_PROTOCOL_DEFINITION ( 'draft international standard', 'automotive_design', 1998, #692 ) ;
#294 = CARTESIAN_POINT ( 'NONE',  ( -7.000000000000000000, 9.000000000000001776, 3.000000000000000000 ) ) ;
#295 = VERTEX_POINT ( 'NONE', #162 ) ;
#296 = EDGE_CURVE ( 'NONE', #1900, #415, #1517, .T. ) ;
#297 = EDGE_CURVE ( 'NONE', #479, #1570, #1352, .T. ) ;
#298 = AXIS2_PLACEMENT_3D ( 'NONE', #257, #1330, #136 ) ;
#299 = ORIENTED_EDGE ( 'NONE', *, *, #521, .F. ) ;
#300 = ORIENTED_EDGE ( 'NONE', *, *, #285, .T. ) ;
#301 = DIRECTION ( 'NONE',  ( -1.000000000000000000, -5.782411586589359611E-15, 0.000000000000000000 ) ) ;
#302 = DIRECTION ( 'NONE',  ( -1.000000000000000000, 0.000000000000000000, 0.000000000000000000 ) ) ;
#303 = CARTESIAN_POINT ( 'NONE',  ( 13.82842712474618097, -66.17157287525378706, 4.000000000000000000 ) ) ;
#304 = PLANE ( 'NONE',  #358 ) ;
#305 = CARTESIAN_POINT ( 'NONE',  ( -13.00000000000000000, 8.000000000000000000, 1.000000000000000000 ) ) ;
#306 = VECTOR ( 'NONE', #1756, 1000.000000000000114 ) ;
#307 = FACE_OUTER_BOUND ( 'NONE', #207, .T. ) ;
#308 = ORIENTED_EDGE ( 'NONE', *, *, #1678, .F. ) ;
#309 = ADVANCED_FACE ( 'NONE', ( #1844 ), #46, .T. ) ;
#310 = ORIENTED_EDGE ( 'NONE', *, *, #1118, .F. ) ;
#311 = ORIENTED_EDGE ( 'NONE', *, *, #1693, .T. ) ;
#312 = EDGE_CURVE ( 'NONE', #265, #1699, #1703, .T. ) ;
#313 = DIRECTION ( 'NONE',  ( 1.000000000000000000, 5.782411586589359611E-15, 0.000000000000000000 ) ) ;
#314 = DIRECTION ( 'NONE',  ( 0.000000000000000000, 0.000000000000000000, 1.000000000000000000 ) ) ;
#315 = TOROIDAL_SURFACE ( 'NONE', #55, 3.000000000000000000, 1.000000000000000000 ) ;
#316 = CARTESIAN_POINT ( 'NONE',  ( 11.00000000000000000, -63.34314575050758833, 4.000000000000000000 ) ) ;
#317 = AXIS2_PLACEMENT_3D ( 'NONE', #659, #666, #1884 ) ;
#318 = CIRCLE ( 'NONE', #1116, 1.000000000000000000 ) ;
#319 = DIRECTION ( 'NONE',  ( 0.000000000000000000, 0.000000000000000000, 1.000000000000000000 ) ) ;
#320 = DIRECTION ( 'NONE',  ( 0.000000000000000000, 0.000000000000000000, -1.000000000000000000 ) ) ;
#321 = VERTEX_POINT ( 'NONE', #1138 ) ;
#322 = ORIENTED_EDGE ( 'NONE', *, *, #1220, .F. ) ;
#323 = LINE ( 'NONE', #187, #649 ) ;
#324 = DIRECTION ( 'NONE',  ( -1.215760433415192867E-16, 1.000000000000000000, 0.000000000000000000 ) ) ;
#325 = EDGE_CURVE ( 'NONE', #671, #826, #1869, .T. ) ;
#326 = AXIS2_PLACEMENT_3D ( 'NONE', #402, #410, #1641 ) ;
#327 = DIRECTION ( 'NONE',  ( 0.000000000000000000, 0.000000000000000000, 1.000000000000000000 ) ) ;
#328 = AXIS2_PLACEMENT_3D ( 'NONE', #643, #146, #617 ) ;
#329 = AXIS2_PLACEMENT_3D ( 'NONE', #1520, #150, #749 ) ;
#330 = CARTESIAN_POINT ( 'NONE',  ( -5.000000000000000000, 2.000000000000014211, 1.000000000000000000 ) ) ;
#331 = CARTESIAN_POINT ( 'NONE',  ( -7.000000000000000000, 9.000000000000001776, 1.000000000000000000 ) ) ;
#332 = ORIENTED_EDGE ( 'NONE', *, *, #713, .F. ) ;
#333 = EDGE_LOOP ( 'NONE', ( #1068, #382, #1202, #1777 ) ) ;
#334 = DIRECTION ( 'NONE',  ( 0.000000000000000000, -1.000000000000000000, 0.000000000000000000 ) ) ;
#335 = DIRECTION ( 'NONE',  ( 1.000000000000000000, 0.000000000000000000, 0.000000000000000000 ) ) ;
#336 = CIRCLE ( 'NONE', #739, 2.999999999999999112 ) ;
#337 = CYLINDRICAL_SURFACE ( 'NONE', #169, 1.999999999999999556 ) ;
#338 = EDGE_LOOP ( 'NONE', ( #1751, #355, #105, #193 ) ) ;
#339 = EDGE_LOOP ( 'NONE', ( #1633, #1056, #628, #91 ) ) ;
#340 = DIRECTION ( 'NONE',  ( 0.000000000000000000, 0.000000000000000000, 1.000000000000000000 ) ) ;
#341 = DIRECTION ( 'NONE',  ( 0.000000000000000000, -1.000000000000000000, -0.000000000000000000 ) ) ;
#342 = AXIS2_PLACEMENT_3D ( 'NONE', #1521, #168, #1828 ) ;
#343 = AXIS2_PLACEMENT_3D ( 'NONE', #1369, #1382, #163 ) ;
#344 = CARTESIAN_POINT ( 'NONE',  ( 3.000000000000000444, 1.999999999999999556, 3.000000000000000000 ) ) ;
#345 = EDGE_CURVE ( 'NONE', #265, #826, #238, .T. ) ;
#346 = CARTESIAN_POINT ( 'NONE',  ( -5.000000000000000888, 8.000000000000000000, 1.000000000000000000 ) ) ;
#347 = ORIENTED_EDGE ( 'NONE', *, *, #325, .T. ) ;
#348 = ORIENTED_EDGE ( 'NONE', *, *, #1689, .T. ) ;
#349 = CARTESIAN_POINT ( 'NONE',  ( -5.000000000000000888, 6.999999999999999112, 3.000000000000000000 ) ) ;
#350 = DIRECTION ( 'NONE',  ( -0.000000000000000000, -0.000000000000000000, -1.000000000000000000 ) ) ;
#351 = AXIS2_PLACEMENT_3D ( 'NONE', #344, #1547, #1535 ) ;
#352 = DIRECTION ( 'NONE',  ( 0.7071067811865471286, -0.7071067811865479058, -0.000000000000000000 ) ) ;
#353 = CIRCLE ( 'NONE', #1017, 2.000000000000000888 ) ;
#354 = EDGE_CURVE ( 'NONE', #531, #795, #822, .T. ) ;
#355 = ORIENTED_EDGE ( 'NONE', *, *, #1917, .F. ) ;
#356 = FACE_OUTER_BOUND ( 'NONE', #487, .T. ) ;
#357 = CARTESIAN_POINT ( 'NONE',  ( 13.12132034355964372, -65.46446609406721961, 4.000000000000000000 ) ) ;
#358 = AXIS2_PLACEMENT_3D ( 'NONE', #263, #1371, #1818 ) ;
#359 = DIRECTION ( 'NONE',  ( -1.000000000000000000, 0.000000000000000000, 0.000000000000000000 ) ) ;
#360 = LINE ( 'NONE', #1745, #237 ) ;
#361 = VERTEX_POINT ( 'NONE', #1301 ) ;
#362 = ADVANCED_FACE ( 'NONE', ( #363 ), #1436, .T. ) ;
#363 = FACE_OUTER_BOUND ( 'NONE', #1714, .T. ) ;
#364 = DIRECTION ( 'NONE',  ( 0.000000000000000000, 0.000000000000000000, 1.000000000000000000 ) ) ;
#365 = EDGE_CURVE ( 'NONE', #953, #960, #1597, .T. ) ;
#366 = VERTEX_POINT ( 'NONE', #538 ) ;
#367 = DIRECTION ( 'NONE',  ( 0.7071067811865436870, 0.7071067811865514585, -0.000000000000000000 ) ) ;
#368 = CIRCLE ( 'NONE', #1750, 1.999999999999999112 ) ;
#369 = EDGE_LOOP ( 'NONE', ( #1254, #1538, #204, #186 ) ) ;
#370 = CARTESIAN_POINT ( 'NONE',  ( -5.000000000000000888, 6.999999999999999112, 2.000000000000000000 ) ) ;
#371 = DIRECTION ( 'NONE',  ( -0.000000000000000000, -0.000000000000000000, -1.000000000000000000 ) ) ;
#372 = ORIENTED_EDGE ( 'NONE', *, *, #1096, .T. ) ;
#373 = ORIENTED_EDGE ( 'NONE', *, *, #1224, .F. ) ;
#374 = EDGE_CURVE ( 'NONE', #1424, #1177, #963, .T. ) ;
#375 = CARTESIAN_POINT ( 'NONE',  ( -13.82842712474617564, -66.17157287525378706, 1.000000000000000000 ) ) ;
#376 = CIRCLE ( 'NONE', #65, 2.999999999999999112 ) ;
#377 =( LENGTH_UNIT ( ) NAMED_UNIT ( * ) SI_UNIT ( .MILLI., .METRE. ) );
#378 = CIRCLE ( 'NONE', #923, 1.000000000000000888 ) ;
#379 = EDGE_LOOP ( 'NONE', ( #579, #694, #1890, #443 ) ) ;
#380 = FACE_OUTER_BOUND ( 'NONE', #1882, .T. ) ;
#381 = CARTESIAN_POINT ( 'NONE',  ( -2.121320343559653931, -76.46446609406723383, 3.000000000000000000 ) ) ;
#382 = ORIENTED_EDGE ( 'NONE', *, *, #667, .F. ) ;
#383 = EDGE_CURVE ( 'NONE', #195, #1900, #1430, .T. ) ;
#384 = CARTESIAN_POINT ( 'NONE',  ( -3.000000000000000444, 2.000000000000000000, 4.000000000000000000 ) ) ;
#385 = ORIENTED_EDGE ( 'NONE', *, *, #950, .T. ) ;
#386 = DIRECTION ( 'NONE',  ( 0.000000000000000000, 1.000000000000000000, 0.000000000000000000 ) ) ;
#387 = PLANE ( 'NONE',  #717 ) ;
#388 = CARTESIAN_POINT ( 'NONE',  ( 6.999999999999987566, 9.999999999999966249, 4.000000000000000000 ) ) ;
#389 = AXIS2_PLACEMENT_3D ( 'NONE', #771, #1679, #1410 ) ;
#390 = LINE ( 'NONE', #1451, #241 ) ;
#391 = DIRECTION ( 'NONE',  ( -1.000000000000000000, -1.131160428604171613E-16, -0.000000000000000000 ) ) ;
#392 = ORIENTED_EDGE ( 'NONE', *, *, #700, .T. ) ;
#393 = ADVANCED_FACE ( 'NONE', ( #1878 ), #97, .T. ) ;
#394 = EDGE_CURVE ( 'NONE', #1908, #295, #1587, .T. ) ;
#395 = DIRECTION ( 'NONE',  ( -0.000000000000000000, -0.000000000000000000, -1.000000000000000000 ) ) ;
#396 = CARTESIAN_POINT ( 'NONE',  ( -10.99999999999999289, -63.34314575050758833, 3.000000000000000000 ) ) ;
#397 = AXIS2_PLACEMENT_3D ( 'NONE', #82, #1276, #364 ) ;
#398 = CIRCLE ( 'NONE', #570, 0.9999999999999988898 ) ;
#399 = AXIS2_PLACEMENT_3D ( 'NONE', #997, #969, #59 ) ;
#400 = ORIENTED_EDGE ( 'NONE', *, *, #1021, .F. ) ;
#401 = DIRECTION ( 'NONE',  ( 0.000000000000000000, -0.000000000000000000, -1.000000000000000000 ) ) ;
#402 = CARTESIAN_POINT ( 'NONE',  ( -10.99999999999999289, -63.34314575050758833, 4.000000000000000000 ) ) ;
#403 = CARTESIAN_POINT ( 'NONE',  ( 15.00000000000000000, 6.000000000000001776, 2.000000000000000000 ) ) ;
#404 = VERTEX_POINT ( 'NONE', #520 ) ;
#405 = AXIS2_PLACEMENT_3D ( 'NONE', #447, #1384, #753 ) ;
#406 = ORIENTED_EDGE ( 'NONE', *, *, #1490, .T. ) ;
#407 = LINE ( 'NONE', #1018, #506 ) ;
#408 = DIRECTION ( 'NONE',  ( 0.000000000000000000, -1.000000000000000000, 0.000000000000000000 ) ) ;
#409 = FACE_OUTER_BOUND ( 'NONE', #580, .T. ) ;
#410 = DIRECTION ( 'NONE',  ( -0.000000000000000000, -0.000000000000000000, -1.000000000000000000 ) ) ;
#411 = VECTOR ( 'NONE', #632, 1000.000000000000000 ) ;
#412 = AXIS2_PLACEMENT_3D ( 'NONE', #291, #1368, #444 ) ;
#413 = LINE ( 'NONE', #1012, #1404 ) ;
#414 = DIRECTION ( 'NONE',  ( -1.000000000000000000, -1.445602896647342614E-16, 0.000000000000000000 ) ) ;
#415 = VERTEX_POINT ( 'NONE', #1128 ) ;
#416 = AXIS2_PLACEMENT_3D ( 'NONE', #396, #1657, #432 ) ;
#417 = VERTEX_POINT ( 'NONE', #1764 ) ;
#418 = ORIENTED_EDGE ( 'NONE', *, *, #1445, .F. ) ;
#419 = CARTESIAN_POINT ( 'NONE',  ( -7.000000000000000000, 10.00000000000000000, 1.000000000000000000 ) ) ;
#420 = LINE ( 'NONE', #1618, #1638 ) ;
#421 = EDGE_CURVE ( 'NONE', #795, #745, #834, .T. ) ;
#422 = FACE_OUTER_BOUND ( 'NONE', #234, .T. ) ;
#423 = DIRECTION ( 'NONE',  ( 0.000000000000000000, -1.000000000000000000, 0.000000000000000000 ) ) ;
#424 = TOROIDAL_SURFACE ( 'NONE', #1550, 5.000000000000003553, 1.000000000000000000 ) ;
#425 = EDGE_CURVE ( 'NONE', #575, #540, #1591, .T. ) ;
#426 = DIRECTION ( 'NONE',  ( 1.000000000000000000, 0.000000000000000000, 0.000000000000000000 ) ) ;
#427 = LINE ( 'NONE', #403, #1104 ) ;
#428 = VERTEX_POINT ( 'NONE', #681 ) ;
#429 = AXIS2_PLACEMENT_3D ( 'NONE', #607, #1, #401 ) ;
#430 = VERTEX_POINT ( 'NONE', #1294 ) ;
#431 = CYLINDRICAL_SURFACE ( 'NONE', #1775, 1.999999999999999112 ) ;
#432 = DIRECTION ( 'NONE',  ( 1.000000000000000000, 0.000000000000000000, 0.000000000000000000 ) ) ;
#433 = CARTESIAN_POINT ( 'NONE',  ( -4.242640687119312304, -75.75735931288066638, 1.000000000000000000 ) ) ;
#434 = DIRECTION ( 'NONE',  ( 0.000000000000000000, -1.000000000000000000, 0.000000000000000000 ) ) ;
#435 = ADVANCED_FACE ( 'NONE', ( #380 ), #500, .T. ) ;
#436 = ADVANCED_FACE ( 'NONE', ( #528 ), #1606, .T. ) ;
#437 = DIRECTION ( 'NONE',  ( 0.000000000000000000, 0.000000000000000000, 1.000000000000000000 ) ) ;
#438 = EDGE_LOOP ( 'NONE', ( #1574, #13, #439, #618, #1225 ) ) ;
#439 = ORIENTED_EDGE ( 'NONE', *, *, #1820, .T. ) ;
#440 = DIRECTION ( 'NONE',  ( 1.000000000000000000, 0.000000000000000000, 0.000000000000000000 ) ) ;
#441 = CARTESIAN_POINT ( 'NONE',  ( 11.00000000000000000, -63.34314575050758833, 0.000000000000000000 ) ) ;
#442 = ORIENTED_EDGE ( 'NONE', *, *, #1432, .T. ) ;
#443 = ORIENTED_EDGE ( 'NONE', *, *, #212, .F. ) ;
#444 = DIRECTION ( 'NONE',  ( 1.000000000000000000, 0.000000000000000000, 0.000000000000000000 ) ) ;
#445 = CARTESIAN_POINT ( 'NONE',  ( -15.00000000000000000, 5.999999999999998224, 2.000000000000000000 ) ) ;
#446 = DIRECTION ( 'NONE',  ( 0.7071067811865494601, 0.7071067811865455743, 0.000000000000000000 ) ) ;
#447 = CARTESIAN_POINT ( 'NONE',  ( 7.000000000000000000, 7.999999999999965361, 1.000000000000000000 ) ) ;
#448 = AXIS2_PLACEMENT_3D ( 'NONE', #696, #706, #408 ) ;
#449 = ORIENTED_EDGE ( 'NONE', *, *, #981, .T. ) ;
#450 = CARTESIAN_POINT ( 'NONE',  ( 5.000000000000000888, 7.000000000000000888, 2.000000000000000000 ) ) ;
#451 = DIRECTION ( 'NONE',  ( 0.000000000000000000, 0.000000000000000000, -1.000000000000000000 ) ) ;
#452 = FACE_OUTER_BOUND ( 'NONE', #1952, .T. ) ;
#453 = DIRECTION ( 'NONE',  ( -0.000000000000000000, -0.000000000000000000, -1.000000000000000000 ) ) ;
#454 = CARTESIAN_POINT ( 'NONE',  ( -14.99999999999999112, -63.34314575050758833, 4.000000000000000000 ) ) ;
#455 = DIRECTION ( 'NONE',  ( 0.000000000000000000, -1.000000000000000000, 0.000000000000000000 ) ) ;
#456 = ADVANCED_FACE ( 'NONE', ( #356 ), #387, .F. ) ;
#457 = EDGE_CURVE ( 'NONE', #575, #195, #1007, .T. ) ;
#458 = ORIENTED_EDGE ( 'NONE', *, *, #563, .F. ) ;
#459 = CARTESIAN_POINT ( 'NONE',  ( 5.000000000000000000, 2.000000000000014211, 4.000000000000000000 ) ) ;
#460 = FACE_OUTER_BOUND ( 'NONE', #1245, .T. ) ;
#461 = VERTEX_POINT ( 'NONE', #135 ) ;
#462 = CIRCLE ( 'NONE', #629, 1.000000000000000000 ) ;
#463 = DIRECTION ( 'NONE',  ( 0.000000000000000000, 0.000000000000000000, 1.000000000000000000 ) ) ;
#464 = AXIS2_PLACEMENT_3D ( 'NONE', #1888, #1740, #803 ) ;
#465 = CARTESIAN_POINT ( 'NONE',  ( 15.00000000000000000, 8.000000000000000000, 1.000000000000000000 ) ) ;
#466 = CARTESIAN_POINT ( 'NONE',  ( 3.000000000000000444, 1.999999999999999556, 4.000000000000000000 ) ) ;
#467 = VERTEX_POINT ( 'NONE', #874 ) ;
#468 = ORIENTED_EDGE ( 'NONE', *, *, #1820, .F. ) ;
#469 = DIRECTION ( 'NONE',  ( 0.000000000000000000, -1.000000000000000000, -0.000000000000000000 ) ) ;
#470 = CIRCLE ( 'NONE', #351, 1.999999999999999556 ) ;
#471 = PRODUCT_DEFINITION_SHAPE ( 'NONE', 'NONE',  #1468 ) ;
#472 = DIRECTION ( 'NONE',  ( -1.000000000000000000, 0.000000000000000000, 0.000000000000000000 ) ) ;
#473 = CARTESIAN_POINT ( 'NONE',  ( -13.00000000000000000, 9.000000000000001776, 1.000000000000000000 ) ) ;
#474 = ORIENTED_EDGE ( 'NONE', *, *, #1840, .F. ) ;
#475 = VERTEX_POINT ( 'NONE', #734 ) ;
#476 = EDGE_LOOP ( 'NONE', ( #1595, #635, #1609, #755 ) ) ;
#477 = CARTESIAN_POINT ( 'NONE',  ( 13.12132034355963484, -65.46446609406723383, 4.000000000000000000 ) ) ;
#478 = DIRECTION ( 'NONE',  ( -0.7071067811865436870, 0.7071067811865514585, 0.000000000000000000 ) ) ;
#479 = VERTEX_POINT ( 'NONE', #1319 ) ;
#480 = ADVANCED_FACE ( 'NONE', ( #1913 ), #431, .T. ) ;
#481 = EDGE_CURVE ( 'NONE', #1290, #240, #1269, .T. ) ;
#482 = CIRCLE ( 'NONE', #1800, 1.000000000000000000 ) ;
#483 = VECTOR ( 'NONE', #1266, 1000.000000000000000 ) ;
#484 = LINE ( 'NONE', #465, #815 ) ;
#485 = CARTESIAN_POINT ( 'NONE',  ( 12.99999999999999822, 8.000000000000000000, 1.000000000000000000 ) ) ;
#486 = ORIENTED_EDGE ( 'NONE', *, *, #870, .T. ) ;
#487 = EDGE_LOOP ( 'NONE', ( #927, #1635, #1907, #385 ) ) ;
#488 = ORIENTED_EDGE ( 'NONE', *, *, #752, .F. ) ;
#489 = DIRECTION ( 'NONE',  ( 0.000000000000000000, -1.000000000000000000, 0.000000000000000000 ) ) ;
#490 = FACE_OUTER_BOUND ( 'NONE', #338, .T. ) ;
#491 = CIRCLE ( 'NONE', #743, 1.000000000000000000 ) ;
#492 = EDGE_LOOP ( 'NONE', ( #1311, #1408, #1834 ) ) ;
#493 = ADVANCED_FACE ( 'NONE', ( #1793 ), #1812, .T. ) ;
#494 = AXIS2_PLACEMENT_3D ( 'NONE', #559, #101, #1332 ) ;
#495 = AXIS2_PLACEMENT_3D ( 'NONE', #244, #842, #516 ) ;
#496 = DIRECTION ( 'NONE',  ( -0.000000000000000000, -0.000000000000000000, -1.000000000000000000 ) ) ;
#497 = SURFACE_SIDE_STYLE ('',( #1264 ) ) ;
#498 = EDGE_LOOP ( 'NONE', ( #1314, #733, #347, #1949, #219 ) ) ;
#499 = ORIENTED_EDGE ( 'NONE', *, *, #191, .F. ) ;
#500 = CYLINDRICAL_SURFACE ( 'NONE', #1327, 1.000000000000000000 ) ;
#501 = DIRECTION ( 'NONE',  ( -1.000000000000000000, 0.000000000000000000, 0.000000000000000000 ) ) ;
#502 =( GEOMETRIC_REPRESENTATION_CONTEXT ( 3 ) GLOBAL_UNCERTAINTY_ASSIGNED_CONTEXT ( ( #851 ) ) GLOBAL_UNIT_ASSIGNED_CONTEXT ( ( #121, #1159, #1360 ) ) REPRESENTATION_CONTEXT ( 'NONE', 'WORKASPACE' ) );
#503 = VECTOR ( 'NONE', #916, 1000.000000000000000 ) ;
#504 = FACE_OUTER_BOUND ( 'NONE', #333, .T. ) ;
#505 = EDGE_CURVE ( 'NONE', #1537, #1902, #1926, .T. ) ;
#506 = VECTOR ( 'NONE', #1636, 1000.000000000000000 ) ;
#507 = PRESENTATION_STYLE_ASSIGNMENT (( #1110 ) ) ;
#508 = CIRCLE ( 'NONE', #1634, 2.999999999999999112 ) ;
#509 = EDGE_CURVE ( 'NONE', #652, #287, #1030, .T. ) ;
#510 = ORIENTED_EDGE ( 'NONE', *, *, #845, .T. ) ;
#511 = DIRECTION ( 'NONE',  ( -0.7071067811865471286, 0.7071067811865479058, 0.000000000000000000 ) ) ;
#512 = DIRECTION ( 'NONE',  ( -0.000000000000000000, -0.000000000000000000, -1.000000000000000000 ) ) ;
#513 = AXIS2_PLACEMENT_3D ( 'NONE', #1906, #1726, #654 ) ;
#514 = ORIENTED_EDGE ( 'NONE', *, *, #857, .T. ) ;
#515 = ORIENTED_EDGE ( 'NONE', *, *, #897, .F. ) ;
#516 = DIRECTION ( 'NONE',  ( -5.204170427930416550E-15, 1.000000000000000000, 0.000000000000000000 ) ) ;
#517 = LINE ( 'NONE', #198, #1094 ) ;
#518 = VERTEX_POINT ( 'NONE', #546 ) ;
#519 = EDGE_CURVE ( 'NONE', #1918, #287, #1646, .T. ) ;
#520 = CARTESIAN_POINT ( 'NONE',  ( 6.999999999999987566, 9.999999999999966249, 3.000000000000000000 ) ) ;
#521 = EDGE_CURVE ( 'NONE', #1515, #230, #318, .T. ) ;
#522 = CYLINDRICAL_SURFACE ( 'NONE', #578, 2.000000000000000000 ) ;
#523 = FACE_OUTER_BOUND ( 'NONE', #1088, .T. ) ;
#524 = VECTOR ( 'NONE', #550, 1000.000000000000000 ) ;
#525 = CYLINDRICAL_SURFACE ( 'NONE', #984, 1.000000000000000888 ) ;
#526 = VECTOR ( 'NONE', #1581, 1000.000000000000000 ) ;
#527 = ORIENTED_EDGE ( 'NONE', *, *, #773, .F. ) ;
#528 = FACE_OUTER_BOUND ( 'NONE', #873, .T. ) ;
#529 = CARTESIAN_POINT ( 'NONE',  ( 7.000000000000000000, 7.999999999999965361, 3.000000000000000000 ) ) ;
#530 = ADVANCED_FACE ( 'NONE', ( #1476 ), #1624, .F. ) ;
#531 = VERTEX_POINT ( 'NONE', #714 ) ;
#532 = VERTEX_POINT ( 'NONE', #419 ) ;
#533 = EDGE_CURVE ( 'NONE', #158, #566, #1378, .T. ) ;
#534 = UNCERTAINTY_MEASURE_WITH_UNIT (LENGTH_MEASURE( 1.000000000000000082E-05 ), #282, 'distance_accuracy_value', 'NONE');
#535 = CARTESIAN_POINT ( 'NONE',  ( 10.99999999999958078, 8.999999999999994671, 1.000000000000000000 ) ) ;
#536 = CARTESIAN_POINT ( 'NONE',  ( 6.000000000000000000, -63.34314575050758833, 0.000000000000000000 ) ) ;
#537 = VERTEX_POINT ( 'NONE', #1203 ) ;
#538 = CARTESIAN_POINT ( 'NONE',  ( 3.535533905932779053, -75.05025253169411315, 4.000000000000000000 ) ) ;
#539 = FACE_OUTER_BOUND ( 'NONE', #1558, .T. ) ;
#540 = VERTEX_POINT ( 'NONE', #106 ) ;
#541 = CIRCLE ( 'NONE', #416, 3.999999999999998224 ) ;
#542 = EDGE_CURVE ( 'NONE', #22, #144, #1049, .T. ) ;
#543 = EDGE_CURVE ( 'NONE', #240, #1723, #896, .T. ) ;
#544 = DIRECTION ( 'NONE',  ( 0.000000000000000000, 0.000000000000000000, 1.000000000000000000 ) ) ;
#545 = EDGE_LOOP ( 'NONE', ( #634, #1235, #1525, #1663 ) ) ;
#546 = CARTESIAN_POINT ( 'NONE',  ( 13.99999999999999822, -63.34314575050755991, 0.000000000000000000 ) ) ;
#547 = CARTESIAN_POINT ( 'NONE',  ( 15.00000000000000000, 8.000000000000001776, 2.000000000000000000 ) ) ;
#548 = DIRECTION ( 'NONE',  ( -1.000000000000000000, -1.131160428604171613E-16, 0.000000000000000000 ) ) ;
#549 = DIRECTION ( 'NONE',  ( -1.000000000000000000, -1.445602896647342614E-16, 0.000000000000000000 ) ) ;
#550 = DIRECTION ( 'NONE',  ( -0.000000000000000000, -0.000000000000000000, -1.000000000000000000 ) ) ;
#551 = ADVANCED_FACE ( 'NONE', ( #1518 ), #695, .F. ) ;
#552 = EDGE_LOOP ( 'NONE', ( #1399, #10, #594, #990, #979 ) ) ;
#553 = CARTESIAN_POINT ( 'NONE',  ( 7.000000000000000000, 7.999999999999965361, 1.000000000000000000 ) ) ;
#554 = DIRECTION ( 'NONE',  ( 0.000000000000000000, 1.000000000000000000, 0.000000000000000000 ) ) ;
#555 = VECTOR ( 'NONE', #1903, 1000.000000000000114 ) ;
#556 = VECTOR ( 'NONE', #227, 1000.000000000000000 ) ;
#557 = ORIENTED_EDGE ( 'NONE', *, *, #1677, .F. ) ;
#558 = DIRECTION ( 'NONE',  ( 1.000000000000000000, 0.000000000000000000, 0.000000000000000000 ) ) ;
#559 = CARTESIAN_POINT ( 'NONE',  ( -3.000000000000000444, 2.000000000000000000, 1.000000000000000000 ) ) ;
#560 =( NAMED_UNIT ( * ) SI_UNIT ( $, .STERADIAN. ) SOLID_ANGLE_UNIT ( ) );
#561 = DIRECTION ( 'NONE',  ( -1.000000000000000000, -1.131160428604171613E-16, 0.000000000000000000 ) ) ;
#562 = ORIENTED_EDGE ( 'NONE', *, *, #928, .F. ) ;
#563 = EDGE_CURVE ( 'NONE', #1069, #616, #353, .T. ) ;
#564 = PRODUCT_DEFINITION_FORMATION_WITH_SPECIFIED_SOURCE ( 'ANY', '', #640, .NOT_KNOWN. ) ;
#565 = TOROIDAL_SURFACE ( 'NONE', #405, 1.000000000000000000, 1.000000000000000000 ) ;
#566 = VERTEX_POINT ( 'NONE', #1168 ) ;
#567 = DIRECTION ( 'NONE',  ( -0.7071067811865465735, -0.7071067811865484609, 0.000000000000000000 ) ) ;
#568 = CARTESIAN_POINT ( 'NONE',  ( 13.12132034355963484, -65.46446609406723383, 1.000000000000000000 ) ) ;
#569 = EDGE_CURVE ( 'NONE', #1227, #103, #407, .T. ) ;
#570 = AXIS2_PLACEMENT_3D ( 'NONE', #1911, #1594, #1443 ) ;
#571 = EDGE_LOOP ( 'NONE', ( #1559, #1028, #1956, #1912 ) ) ;
#572 = FACE_OUTER_BOUND ( 'NONE', #777, .T. ) ;
#573 = CARTESIAN_POINT ( 'NONE',  ( 11.00000000000000000, 9.000000000000007105, 1.000000000000000000 ) ) ;
#574 = AXIS2_PLACEMENT_3D ( 'NONE', #707, #1205, #558 ) ;
#575 = VERTEX_POINT ( 'NONE', #1180 ) ;
#576 = CARTESIAN_POINT ( 'NONE',  ( 10.99999999999958078, 8.999999999999994671, 3.000000000000000000 ) ) ;
#577 = VERTEX_POINT ( 'NONE', #26 ) ;
#578 = AXIS2_PLACEMENT_3D ( 'NONE', #989, #512, #501 ) ;
#579 = ORIENTED_EDGE ( 'NONE', *, *, #807, .F. ) ;
#580 = EDGE_LOOP ( 'NONE', ( #474, #159, #1891 ) ) ;
#581 = CARTESIAN_POINT ( 'NONE',  ( -13.00000000000000000, 10.00000000000000178, 4.000000000000000000 ) ) ;
#582 = DIRECTION ( 'NONE',  ( -1.000000000000000000, -1.131160428604171613E-16, 0.000000000000000000 ) ) ;
#583 = EDGE_CURVE ( 'NONE', #877, #960, #1632, .T. ) ;
#584 = ADVANCED_FACE ( 'NONE', ( #746 ), #337, .F. ) ;
#585 = PLANE ( 'NONE',  #1701 ) ;
#586 = DIRECTION ( 'NONE',  ( 1.000000000000000000, 0.000000000000000000, -0.000000000000000000 ) ) ;
#587 = AXIS2_PLACEMENT_3D ( 'NONE', #967, #1289, #651 ) ;
#588 = CIRCLE ( 'NONE', #389, 0.9999999999999988898 ) ;
#589 = ORIENTED_EDGE ( 'NONE', *, *, #1909, .F. ) ;
#590 = EDGE_LOOP ( 'NONE', ( #1551, #515, #895, #372, #74, #1524 ) ) ;
#591 = DIRECTION ( 'NONE',  ( 1.445602896647342614E-16, -1.000000000000000000, 0.000000000000000000 ) ) ;
#592 = CARTESIAN_POINT ( 'NONE',  ( 15.00000000000000000, 7.000000000000001776, 2.000000000000000000 ) ) ;
#593 = EDGE_LOOP ( 'NONE', ( #1654, #1106, #1700, #114, #1418 ) ) ;
#594 = ORIENTED_EDGE ( 'NONE', *, *, #1853, .T. ) ;
#595 = EDGE_LOOP ( 'NONE', ( #488, #373, #69, #562 ) ) ;
#596 = CARTESIAN_POINT ( 'NONE',  ( 10.99999999999958078, 8.999999999999994671, 4.000000000000000000 ) ) ;
#597 = DIRECTION ( 'NONE',  ( 1.000000000000000000, 0.000000000000000000, 0.000000000000000000 ) ) ;
#598 = CIRCLE ( 'NONE', #947, 1.000000000000000000 ) ;
#599 = CIRCLE ( 'NONE', #1070, 2.000000000000001776 ) ;
#600 = CARTESIAN_POINT ( 'NONE',  ( 15.00000000000000000, 7.000000000000001776, 2.000000000000000000 ) ) ;
#601 = CARTESIAN_POINT ( 'NONE',  ( 13.82842712474618097, -66.17157287525378706, 3.000000000000000000 ) ) ;
#602 = EDGE_CURVE ( 'NONE', #577, #811, #1735, .T. ) ;
#603 = PLANE ( 'NONE',  #1729 ) ;
#604 = ORIENTED_EDGE ( 'NONE', *, *, #124, .T. ) ;
#605 = DIRECTION ( 'NONE',  ( 1.000000000000000000, -0.000000000000000000, 0.000000000000000000 ) ) ;
#606 = ORIENTED_EDGE ( 'NONE', *, *, #1208, .T. ) ;
#607 = CARTESIAN_POINT ( 'NONE',  ( -2.999999999999985789, 0.000000000000000000, 4.000000000000000000 ) ) ;
#608 = DIRECTION ( 'NONE',  ( 0.000000000000000000, 0.000000000000000000, 1.000000000000000000 ) ) ;
#609 = VECTOR ( 'NONE', #1780, 1000.000000000000000 ) ;
#610 = CARTESIAN_POINT ( 'NONE',  ( -5.000000000000000000, 2.000000000000014211, 4.000000000000000000 ) ) ;
#611 = EDGE_CURVE ( 'NONE', #960, #479, #8, .T. ) ;
#612 = EDGE_CURVE ( 'NONE', #103, #811, #38, .T. ) ;
#613 = DIRECTION ( 'NONE',  ( -1.215760433415192867E-16, 1.000000000000000000, -0.000000000000000000 ) ) ;
#614 = AXIS2_PLACEMENT_3D ( 'NONE', #1320, #1794, #736 ) ;
#615 = ORIENTED_EDGE ( 'NONE', *, *, #191, .T. ) ;
#616 = VERTEX_POINT ( 'NONE', #1686 ) ;
#617 = DIRECTION ( 'NONE',  ( 0.000000000000000000, 0.000000000000000000, -1.000000000000000000 ) ) ;
#618 = ORIENTED_EDGE ( 'NONE', *, *, #775, .T. ) ;
#619 = ORIENTED_EDGE ( 'NONE', *, *, #138, .T. ) ;
#620 = FACE_OUTER_BOUND ( 'NONE', #1655, .T. ) ;
#621 = DIRECTION ( 'NONE',  ( 1.000000000000000000, 0.000000000000000000, 0.000000000000000000 ) ) ;
#622 = DIRECTION ( 'NONE',  ( 0.000000000000000000, 0.000000000000000000, 1.000000000000000000 ) ) ;
#623 = DIRECTION ( 'NONE',  ( 1.000000000000000000, 0.000000000000000000, 0.000000000000000000 ) ) ;
#624 = DIRECTION ( 'NONE',  ( 0.000000000000000000, 0.000000000000000000, -1.000000000000000000 ) ) ;
#625 = VERTEX_POINT ( 'NONE', #1396 ) ;
#626 = CARTESIAN_POINT ( 'NONE',  ( 11.00000000000000000, -63.34314575050758833, 4.000000000000000000 ) ) ;
#627 = DIRECTION ( 'NONE',  ( 1.000000000000000000, 1.215760433415192867E-16, -0.000000000000000000 ) ) ;
#628 = ORIENTED_EDGE ( 'NONE', *, *, #1370, .T. ) ;
#629 = AXIS2_PLACEMENT_3D ( 'NONE', #1480, #549, #423 ) ;
#630 = ADVANCED_BREP_SHAPE_REPRESENTATION ( 'epaper-screen-6', ( #825, #1173 ), #502 ) ;
#631 = FACE_OUTER_BOUND ( 'NONE', #476, .T. ) ;
#632 = DIRECTION ( 'NONE',  ( -1.000000000000000000, -5.782411586589359611E-15, -0.000000000000000000 ) ) ;
#633 = EDGE_CURVE ( 'NONE', #1253, #1918, #1061, .T. ) ;
#634 = ORIENTED_EDGE ( 'NONE', *, *, #138, .F. ) ;
#635 = ORIENTED_EDGE ( 'NONE', *, *, #882, .F. ) ;
#636 = EDGE_CURVE ( 'NONE', #361, #1069, #1366, .T. ) ;
#637 = CARTESIAN_POINT ( 'NONE',  ( -14.00000000000000178, 8.000000000000000000, 3.000000000000000000 ) ) ;
#638 = LINE ( 'NONE', #946, #909 ) ;
#639 = AXIS2_PLACEMENT_3D ( 'NONE', #1512, #868, #434 ) ;
#640 = PRODUCT ( 'epaper-screen-6', 'epaper-screen-6', '', ( #1491 ) ) ;
#641 = AXIS2_PLACEMENT_3D ( 'NONE', #1576, #283, #1927 ) ;
#642 = DIRECTION ( 'NONE',  ( -0.000000000000000000, -0.000000000000000000, -1.000000000000000000 ) ) ;
#643 = CARTESIAN_POINT ( 'NONE',  ( 5.000000000000000888, 7.000000000000000888, 2.000000000000000000 ) ) ;
#644 = ORIENTED_EDGE ( 'NONE', *, *, #784, .T. ) ;
#645 = ORIENTED_EDGE ( 'NONE', *, *, #763, .T. ) ;
#646 = DIRECTION ( 'NONE',  ( -1.000000000000000000, -1.131160428604171613E-16, -0.000000000000000000 ) ) ;
#647 = FACE_OUTER_BOUND ( 'NONE', #1811, .T. ) ;
#648 = ADVANCED_FACE ( 'NONE', ( #1232 ), #668, .T. ) ;
#649 = VECTOR ( 'NONE', #945, 1000.000000000000000 ) ;
#650 = CARTESIAN_POINT ( 'NONE',  ( -4.242640687119312304, -75.75735931288066638, 4.000000000000000000 ) ) ;
#651 = DIRECTION ( 'NONE',  ( 1.000000000000000000, 0.000000000000000000, 0.000000000000000000 ) ) ;
#652 = VERTEX_POINT ( 'NONE', #906 ) ;
#653 = DIRECTION ( 'NONE',  ( 1.000000000000000000, 0.000000000000000000, -0.000000000000000000 ) ) ;
#654 = DIRECTION ( 'NONE',  ( 0.000000000000000000, 0.000000000000000000, 1.000000000000000000 ) ) ;
#655 = EDGE_CURVE ( 'NONE', #251, #1868, #1178, .T. ) ;
#656 = AXIS2_PLACEMENT_3D ( 'NONE', #1542, #188, #1391 ) ;
#657 = CIRCLE ( 'NONE', #913, 1.000000000000000888 ) ;
#658 = AXIS2_PLACEMENT_3D ( 'NONE', #1353, #1508, #855 ) ;
#659 = CARTESIAN_POINT ( 'NONE',  ( 15.00000000000000000, 7.000000000000001776, 2.000000000000000000 ) ) ;
#660 = CARTESIAN_POINT ( 'NONE',  ( -10.99999999999999289, -63.34314575050758833, 0.000000000000000000 ) ) ;
#661 = ORIENTED_EDGE ( 'NONE', *, *, #700, .F. ) ;
#662 = ORIENTED_EDGE ( 'NONE', *, *, #1899, .F. ) ;
#663 = CARTESIAN_POINT ( 'NONE',  ( -5.999999999999991118, -63.34314575050758833, 4.000000000000000000 ) ) ;
#664 = DIRECTION ( 'NONE',  ( -1.000000000000000000, 0.000000000000000000, 0.000000000000000000 ) ) ;
#665 = ORIENTED_EDGE ( 'NONE', *, *, #569, .T. ) ;
#666 = DIRECTION ( 'NONE',  ( -1.000000000000000000, -1.131160428604171613E-16, 0.000000000000000000 ) ) ;
#667 = EDGE_CURVE ( 'NONE', #99, #321, #951, .T. ) ;
#668 = TOROIDAL_SURFACE ( 'NONE', #72, 1.000000000000000888, 1.000000000000000000 ) ;
#669 = DIRECTION ( 'NONE',  ( 0.000000000000000000, 0.000000000000000000, -1.000000000000000000 ) ) ;
#670 = AXIS2_PLACEMENT_3D ( 'NONE', #1390, #14, #1072 ) ;
#671 = VERTEX_POINT ( 'NONE', #756 ) ;
#672 = CARTESIAN_POINT ( 'NONE',  ( -5.000000000000000888, 8.000000000000000000, 4.000000000000000000 ) ) ;
#673 = CARTESIAN_POINT ( 'NONE',  ( 12.99999999999999822, 8.000000000000000000, 3.000000000000000000 ) ) ;
#674 = TOROIDAL_SURFACE ( 'NONE', #1447, 1.000000000000000000, 1.000000000000000000 ) ;
#675 = ORIENTED_EDGE ( 'NONE', *, *, #1614, .F. ) ;
#676 = CARTESIAN_POINT ( 'NONE',  ( -7.000000000000000000, 10.00000000000000000, 3.000000000000000000 ) ) ;
#677 = CIRCLE ( 'NONE', #83, 2.000000000000001776 ) ;
#678 = CARTESIAN_POINT ( 'NONE',  ( 3.535533905932774612, -75.05025253169411315, 3.000000000000000000 ) ) ;
#679 = EDGE_CURVE ( 'NONE', #1739, #428, #1066, .T. ) ;
#680 = ORIENTED_EDGE ( 'NONE', *, *, #394, .T. ) ;
#681 = CARTESIAN_POINT ( 'NONE',  ( -13.99999999999999112, -63.34314575050758833, 4.000000000000000000 ) ) ;
#682 = CARTESIAN_POINT ( 'NONE',  ( -10.99999999999999289, -63.34314575050758833, 3.000000000000000000 ) ) ;
#683 = ORIENTED_EDGE ( 'NONE', *, *, #1544, .F. ) ;
#684 = AXIS2_PLACEMENT_3D ( 'NONE', #305, #1533, #1682 ) ;
#685 = FACE_OUTER_BOUND ( 'NONE', #252, .T. ) ;
#686 = CARTESIAN_POINT ( 'NONE',  ( 13.99999999999999822, -63.34314575050755991, 3.000000000000000000 ) ) ;
#687 = ORIENTED_EDGE ( 'NONE', *, *, #832, .T. ) ;
#688 = DIRECTION ( 'NONE',  ( -0.000000000000000000, -0.000000000000000000, -1.000000000000000000 ) ) ;
#689 = CARTESIAN_POINT ( 'NONE',  ( 5.000000000000000000, 7.999999999999965361, 4.000000000000000000 ) ) ;
#690 = ADVANCED_FACE ( 'NONE', ( #11 ), #424, .T. ) ;
#691 = ORIENTED_EDGE ( 'NONE', *, *, #1280, .F. ) ;
#692 = APPLICATION_CONTEXT ( 'automotive_design' ) ;
#693 = CYLINDRICAL_SURFACE ( 'NONE', #641, 0.9999999999999985567 ) ;
#694 = ORIENTED_EDGE ( 'NONE', *, *, #1118, .T. ) ;
#695 = PLANE ( 'NONE',  #1539 ) ;
#696 = CARTESIAN_POINT ( 'NONE',  ( -15.00000000000000000, 6.999999999999998224, 2.000000000000000000 ) ) ;
#697 = ORIENTED_EDGE ( 'NONE', *, *, #28, .F. ) ;
#698 = DIRECTION ( 'NONE',  ( 1.000000000000000000, 0.000000000000000000, 0.000000000000000000 ) ) ;
#699 = LINE ( 'NONE', #1313, #249 ) ;
#700 = EDGE_CURVE ( 'NONE', #843, #1723, #829, .T. ) ;
#701 = AXIS2_PLACEMENT_3D ( 'NONE', #1342, #582, #1466 ) ;
#702 = FACE_OUTER_BOUND ( 'NONE', #1760, .T. ) ;
#703 = ORIENTED_EDGE ( 'NONE', *, *, #1325, .T. ) ;
#704 = ORIENTED_EDGE ( 'NONE', *, *, #937, .F. ) ;
#705 = CARTESIAN_POINT ( 'NONE',  ( 11.00000000000000000, 9.000000000000007105, 4.000000000000000000 ) ) ;
#706 = DIRECTION ( 'NONE',  ( -1.000000000000000000, -1.131160428604171613E-16, 0.000000000000000000 ) ) ;
#707 = CARTESIAN_POINT ( 'NONE',  ( 12.99999999999999822, 8.000000000000000000, 1.000000000000000000 ) ) ;
#708 = DIRECTION ( 'NONE',  ( -0.000000000000000000, -0.000000000000000000, -1.000000000000000000 ) ) ;
#709 = EDGE_CURVE ( 'NONE', #1537, #1227, #142, .T. ) ;
#710 = CARTESIAN_POINT ( 'NONE',  ( -3.535533905932764398, -75.05025253169411315, 3.000000000000000000 ) ) ;
#711 = CARTESIAN_POINT ( 'NONE',  ( 2.999999999999978240, -1.000000000000000000, 3.000000000000000000 ) ) ;
#712 = ORIENTED_EDGE ( 'NONE', *, *, #633, .F. ) ;
#713 = EDGE_CURVE ( 'NONE', #12, #361, #677, .T. ) ;
#714 = CARTESIAN_POINT ( 'NONE',  ( -4.242640687119312304, -75.75735931288066638, 3.000000000000000000 ) ) ;
#715 = DIRECTION ( 'NONE',  ( 0.000000000000000000, 1.000000000000000000, 0.000000000000000000 ) ) ;
#716 = VECTOR ( 'NONE', #341, 1000.000000000000000 ) ;
#717 = AXIS2_PLACEMENT_3D ( 'NONE', #247, #1275, #511 ) ;
#718 = DIRECTION ( 'NONE',  ( 1.000000000000000000, -0.000000000000000000, 0.000000000000000000 ) ) ;
#719 = DIRECTION ( 'NONE',  ( -0.000000000000000000, -0.000000000000000000, -1.000000000000000000 ) ) ;
#720 = SHAPE_DEFINITION_REPRESENTATION ( #471, #630 ) ;
#721 = DIRECTION ( 'NONE',  ( 1.445602896647342614E-16, -1.000000000000000000, -0.000000000000000000 ) ) ;
#722 = ORIENTED_EDGE ( 'NONE', *, *, #1127, .F. ) ;
#723 = EDGE_CURVE ( 'NONE', #1779, #532, #482, .T. ) ;
#724 = EDGE_LOOP ( 'NONE', ( #933, #161, #1167, #133 ) ) ;
#725 = DIRECTION ( 'NONE',  ( -1.000000000000000000, -1.131160428604171613E-16, 0.000000000000000000 ) ) ;
#726 = CARTESIAN_POINT ( 'NONE',  ( -6.000000000000000000, 2.000000000000014211, 4.000000000000000000 ) ) ;
#727 = CIRCLE ( 'NONE', #225, 1.000000000000000000 ) ;
#728 = CARTESIAN_POINT ( 'NONE',  ( 2.999999999999985789, -1.000000000000000000, 1.000000000000000000 ) ) ;
#729 = CARTESIAN_POINT ( 'NONE',  ( 4.242640687119327403, -75.75735931288066638, 4.000000000000000000 ) ) ;
#730 = ORIENTED_EDGE ( 'NONE', *, *, #1084, .T. ) ;
#731 = DIRECTION ( 'NONE',  ( -1.000000000000000000, 0.000000000000000000, 0.000000000000000000 ) ) ;
#732 = VERTEX_POINT ( 'NONE', #1087 ) ;
#733 = ORIENTED_EDGE ( 'NONE', *, *, #1602, .T. ) ;
#734 = CARTESIAN_POINT ( 'NONE',  ( 5.000000000000000000, 1.999999999999999556, 3.000000000000000000 ) ) ;
#735 = EDGE_CURVE ( 'NONE', #1791, #907, #941, .T. ) ;
#736 = DIRECTION ( 'NONE',  ( 1.000000000000000000, 0.000000000000000000, 0.000000000000000000 ) ) ;
#737 = DIRECTION ( 'NONE',  ( -1.000000000000000000, 7.372574772901430151E-15, 0.000000000000000000 ) ) ;
#738 = PLANE ( 'NONE',  #1774 ) ;
#739 = AXIS2_PLACEMENT_3D ( 'NONE', #660, #1730, #792 ) ;
#740 = AXIS2_PLACEMENT_3D ( 'NONE', #459, #921, #1851 ) ;
#741 = FACE_OUTER_BOUND ( 'NONE', #1942, .T. ) ;
#742 = DIRECTION ( 'NONE',  ( 0.000000000000000000, 0.000000000000000000, 1.000000000000000000 ) ) ;
#743 = AXIS2_PLACEMENT_3D ( 'NONE', #1132, #1157, #698 ) ;
#744 = ORIENTED_EDGE ( 'NONE', *, *, #77, .F. ) ;
#745 = VERTEX_POINT ( 'NONE', #1405 ) ;
#746 = FACE_OUTER_BOUND ( 'NONE', #1528, .T. ) ;
#747 = VERTEX_POINT ( 'NONE', #1446 ) ;
#748 = VECTOR ( 'NONE', #922, 1000.000000000000000 ) ;
#749 = DIRECTION ( 'NONE',  ( 0.000000000000000000, 0.000000000000000000, -1.000000000000000000 ) ) ;
#750 = CARTESIAN_POINT ( 'NONE',  ( 5.000000000000000000, 2.000000000000014211, 1.000000000000000000 ) ) ;
#751 = COLOUR_RGB ( '',0.7921568627450980005, 0.8196078431372548767, 0.9333333333333333481 ) ;
#752 = EDGE_CURVE ( 'NONE', #366, #461, #1610, .T. ) ;
#753 = DIRECTION ( 'NONE',  ( 1.000000000000000000, 0.000000000000000000, 0.000000000000000000 ) ) ;
#754 = DIRECTION ( 'NONE',  ( 1.000000000000000000, 0.000000000000000000, 0.000000000000000000 ) ) ;
#755 = ORIENTED_EDGE ( 'NONE', *, *, #1338, .F. ) ;
#756 = CARTESIAN_POINT ( 'NONE',  ( -5.000000000000000888, 8.000000000000000000, 3.000000000000000000 ) ) ;
#757 = AXIS2_PLACEMENT_3D ( 'NONE', #1386, #1065, #1262 ) ;
#758 = VERTEX_POINT ( 'NONE', #1738 ) ;
#759 = CARTESIAN_POINT ( 'NONE',  ( 6.000000000000000000, 7.999999999999965361, 3.000000000000000000 ) ) ;
#760 = DIRECTION ( 'NONE',  ( 0.000000000000000000, -1.000000000000000000, 0.000000000000000000 ) ) ;
#761 = AXIS2_PLACEMENT_3D ( 'NONE', #450, #1676, #320 ) ;
#762 = AXIS2_PLACEMENT_3D ( 'NONE', #858, #1959, #302 ) ;
#763 = EDGE_CURVE ( 'NONE', #475, #479, #975, .T. ) ;
#764 = DIRECTION ( 'NONE',  ( -0.000000000000000000, -0.000000000000000000, -1.000000000000000000 ) ) ;
#765 = CARTESIAN_POINT ( 'NONE',  ( 13.99999999999999822, -63.34314575050758833, 4.000000000000000000 ) ) ;
#766 = VECTOR ( 'NONE', #1477, 1000.000000000000000 ) ;
#767 = DIRECTION ( 'NONE',  ( 0.000000000000000000, 0.000000000000000000, 1.000000000000000000 ) ) ;
#768 = ORIENTED_EDGE ( 'NONE', *, *, #179, .F. ) ;
#769 = ORIENTED_EDGE ( 'NONE', *, *, #457, .F. ) ;
#770 = ORIENTED_EDGE ( 'NONE', *, *, #1899, .T. ) ;
#771 = CARTESIAN_POINT ( 'NONE',  ( -13.12132034355962773, -65.46446609406723383, 1.000000000000000000 ) ) ;
#772 = DIRECTION ( 'NONE',  ( -0.7071067811865510144, -0.7071067811865441310, 0.000000000000000000 ) ) ;
#773 = EDGE_CURVE ( 'NONE', #321, #732, #336, .T. ) ;
#774 = CARTESIAN_POINT ( 'NONE',  ( 2.999999999999985789, 0.000000000000000000, 3.000000000000000000 ) ) ;
#775 = EDGE_CURVE ( 'NONE', #953, #12, #517, .T. ) ;
#776 = DIRECTION ( 'NONE',  ( 0.000000000000000000, 0.000000000000000000, -1.000000000000000000 ) ) ;
#777 = EDGE_LOOP ( 'NONE', ( #1048, #1339, #273, #1265, #499, #1674 ) ) ;
#778 = ORIENTED_EDGE ( 'NONE', *, *, #27, .F. ) ;
#779 = CARTESIAN_POINT ( 'NONE',  ( -15.00000000000000000, 6.999999999999998224, 3.000000000000000000 ) ) ;
#780 = CARTESIAN_POINT ( 'NONE',  ( 13.99999999999999822, -63.34314575050758833, 0.000000000000000000 ) ) ;
#781 = AXIS2_PLACEMENT_3D ( 'NONE', #576, #102, #1799 ) ;
#782 = DIRECTION ( 'NONE',  ( 0.000000000000000000, -1.000000000000000000, 0.000000000000000000 ) ) ;
#783 = DIRECTION ( 'NONE',  ( 0.000000000000000000, 0.000000000000000000, 1.000000000000000000 ) ) ;
#784 = EDGE_CURVE ( 'NONE', #428, #47, #1951, .T. ) ;
#785 = EDGE_CURVE ( 'NONE', #467, #1868, #360, .T. ) ;
#786 = ORIENTED_EDGE ( 'NONE', *, *, #937, .T. ) ;
#787 = EDGE_LOOP ( 'NONE', ( #310, #1051, #730, #418 ) ) ;
#788 = DIRECTION ( 'NONE',  ( 0.7071067811865492381, -0.7071067811865457964, 0.000000000000000000 ) ) ;
#789 = CARTESIAN_POINT ( 'NONE',  ( 13.99999999999999822, -63.34314575050755991, 1.000000000000000000 ) ) ;
#790 = EDGE_LOOP ( 'NONE', ( #174, #1133, #1665, #1111, #932, #1887, #514, #604, #80, #786, #1097, #1801, #442, #1658, #233, #30, #1608, #1920 ) ) ;
#791 = CARTESIAN_POINT ( 'NONE',  ( -5.000000000000000888, 6.999999999999999112, 2.000000000000000000 ) ) ;
#792 = DIRECTION ( 'NONE',  ( 1.000000000000000000, 0.000000000000000000, 0.000000000000000000 ) ) ;
#793 = VECTOR ( 'NONE', #1607, 1000.000000000000000 ) ;
#794 = EDGE_LOOP ( 'NONE', ( #697, #1461, #1623, #1710 ) ) ;
#795 = VERTEX_POINT ( 'NONE', #78 ) ;
#796 = ADVANCED_FACE ( 'NONE', ( #800 ), #1351, .T. ) ;
#797 = LINE ( 'NONE', #23, #1179 ) ;
#798 = DIRECTION ( 'NONE',  ( 1.000000000000000000, 0.000000000000000000, 0.000000000000000000 ) ) ;
#799 = DIRECTION ( 'NONE',  ( -1.000000000000000000, 0.000000000000000000, 0.000000000000000000 ) ) ;
#800 = FACE_OUTER_BOUND ( 'NONE', #196, .T. ) ;
#801 = VERTEX_POINT ( 'NONE', #1423 ) ;
#802 = ORIENTED_EDGE ( 'NONE', *, *, #1196, .T. ) ;
#803 = DIRECTION ( 'NONE',  ( 1.000000000000000000, 0.000000000000000000, 0.000000000000000000 ) ) ;
#804 = CARTESIAN_POINT ( 'NONE',  ( 15.00000000000000000, 8.000000000000000000, 4.000000000000000000 ) ) ;
#805 = CARTESIAN_POINT ( 'NONE',  ( -7.000000000000000000, 9.000000000000001776, 4.000000000000000000 ) ) ;
#806 = EDGE_CURVE ( 'NONE', #1868, #758, #1416, .T. ) ;
#807 = EDGE_CURVE ( 'NONE', #144, #1739, #657, .T. ) ;
#808 = AXIS2_PLACEMENT_3D ( 'NONE', #1807, #1785, #292 ) ;
#809 = PLANE ( 'NONE',  #131 ) ;
#810 = DIRECTION ( 'NONE',  ( 0.000000000000000000, 1.000000000000000000, 0.000000000000000000 ) ) ;
#811 = VERTEX_POINT ( 'NONE', #45 ) ;
#812 = DIRECTION ( 'NONE',  ( 0.000000000000000000, 0.000000000000000000, 1.000000000000000000 ) ) ;
#813 = LINE ( 'NONE', #1437, #1024 ) ;
#814 = ORIENTED_EDGE ( 'NONE', *, *, #1444, .F. ) ;
#815 = VECTOR ( 'NONE', #1829, 1000.000000000000000 ) ;
#816 = AXIS2_PLACEMENT_3D ( 'NONE', #535, #1271, #1135 ) ;
#817 = DIRECTION ( 'NONE',  ( -0.000000000000000000, -0.000000000000000000, -1.000000000000000000 ) ) ;
#818 = DIRECTION ( 'NONE',  ( 0.000000000000000000, 0.000000000000000000, 1.000000000000000000 ) ) ;
#819 = CIRCLE ( 'NONE', #329, 1.000000000000000000 ) ;
#820 = ORIENTED_EDGE ( 'NONE', *, *, #519, .F. ) ;
#821 = ORIENTED_EDGE ( 'NONE', *, *, #1531, .T. ) ;
#822 = LINE ( 'NONE', #89, #306 ) ;
#823 = FACE_OUTER_BOUND ( 'NONE', #1189, .T. ) ;
#824 = CIRCLE ( 'NONE', #1310, 1.000000000000000000 ) ;
#825 = MANIFOLD_SOLID_BREP ( '¶ê¨¤2', #1197 ) ;
#826 = VERTEX_POINT ( 'NONE', #86 ) ;
#827 = PRODUCT_DEFINITION_CONTEXT ( 'detailed design', #1954, 'design' ) ;
#828 = CARTESIAN_POINT ( 'NONE',  ( 5.000000000000000888, 7.000000000000000888, 1.000000000000000000 ) ) ;
#829 = CIRCLE ( 'NONE', #181, 1.000000000000000000 ) ;
#830 =( NAMED_UNIT ( * ) SI_UNIT ( $, .STERADIAN. ) SOLID_ANGLE_UNIT ( ) );
#831 = AXIS2_PLACEMENT_3D ( 'NONE', #626, #1832, #653 ) ;
#832 = EDGE_CURVE ( 'NONE', #1850, #1424, #1925, .T. ) ;
#833 = ORIENTED_EDGE ( 'NONE', *, *, #124, .F. ) ;
#834 = LINE ( 'NONE', #81, #215 ) ;
#835 = CARTESIAN_POINT ( 'NONE',  ( 11.00000000000000000, 9.000000000000007105, 0.000000000000000000 ) ) ;
#836 = EDGE_LOOP ( 'NONE', ( #1112, #1337, #1429, #1333, #1100, #1079 ) ) ;
#837 = ORIENTED_EDGE ( 'NONE', *, *, #709, .T. ) ;
#838 = CIRCLE ( 'NONE', #1291, 1.000000000000000000 ) ;
#839 = CIRCLE ( 'NONE', #1962, 3.999999999999998224 ) ;
#840 = CARTESIAN_POINT ( 'NONE',  ( -6.000000000000000888, 8.000000000000000000, 3.000000000000000000 ) ) ;
#841 = AXIS2_PLACEMENT_3D ( 'NONE', #151, #1129, #218 ) ;
#842 = DIRECTION ( 'NONE',  ( 1.000000000000000000, 5.204170427930426016E-15, 0.000000000000000000 ) ) ;
#843 = VERTEX_POINT ( 'NONE', #1577 ) ;
#844 = CARTESIAN_POINT ( 'NONE',  ( -13.99999999999999112, -63.34314575050758833, 1.000000000000000000 ) ) ;
#845 = EDGE_CURVE ( 'NONE', #1089, #1789, #1299, .T. ) ;
#846 = DIRECTION ( 'NONE',  ( 1.000000000000000000, 0.000000000000000000, 0.000000000000000000 ) ) ;
#847 = ORIENTED_EDGE ( 'NONE', *, *, #1761, .F. ) ;
#848 = CARTESIAN_POINT ( 'NONE',  ( -7.000000000000000000, 8.000000000000000000, 4.000000000000000000 ) ) ;
#849 = DIRECTION ( 'NONE',  ( 1.000000000000000000, 0.000000000000000000, 0.000000000000000000 ) ) ;
#850 = AXIS2_PLACEMENT_3D ( 'NONE', #1694, #327, #182 ) ;
#851 = UNCERTAINTY_MEASURE_WITH_UNIT (LENGTH_MEASURE( 1.000000000000000082E-05 ), #121, 'distance_accuracy_value', 'NONE');
#852 = PLANE ( 'NONE',  #1395 ) ;
#853 = EDGE_LOOP ( 'NONE', ( #1090, #1724, #1866 ) ) ;
#854 = AXIS2_PLACEMENT_3D ( 'NONE', #1849, #1823, #455 ) ;
#855 = DIRECTION ( 'NONE',  ( 0.000000000000000000, 0.000000000000000000, -1.000000000000000000 ) ) ;
#856 = CARTESIAN_POINT ( 'NONE',  ( 6.000000000000000000, 7.999999999999965361, 4.000000000000000000 ) ) ;
#857 = EDGE_CURVE ( 'NONE', #1955, #625, #66, .T. ) ;
#858 = CARTESIAN_POINT ( 'NONE',  ( 7.077671781985372945E-15, -71.51471862576140381, 4.000000000000000000 ) ) ;
#859 = FACE_OUTER_BOUND ( 'NONE', #379, .T. ) ;
#860 = CIRCLE ( 'NONE', #1575, 3.000000000000000000 ) ;
#861 = ADVANCED_FACE ( 'NONE', ( #1567 ), #995, .T. ) ;
#862 = FACE_OUTER_BOUND ( 'NONE', #894, .T. ) ;
#863 = ORIENTED_EDGE ( 'NONE', *, *, #1650, .F. ) ;
#864 = ORIENTED_EDGE ( 'NONE', *, *, #1919, .T. ) ;
#865 = DIRECTION ( 'NONE',  ( -1.000000000000000000, 0.000000000000000000, 0.000000000000000000 ) ) ;
#866 = CARTESIAN_POINT ( 'NONE',  ( -5.000000000000000888, 6.999999999999999112, 2.000000000000000000 ) ) ;
#867 = CARTESIAN_POINT ( 'NONE',  ( 7.000000000000000000, 7.999999999999965361, 0.000000000000000000 ) ) ;
#868 = DIRECTION ( 'NONE',  ( -1.000000000000000000, -1.131160428604171613E-16, -0.000000000000000000 ) ) ;
#869 = DIRECTION ( 'NONE',  ( 0.000000000000000000, 0.000000000000000000, 1.000000000000000000 ) ) ;
#870 = EDGE_CURVE ( 'NONE', #1223, #361, #1163, .T. ) ;
#871 = FACE_OUTER_BOUND ( 'NONE', #1413, .T. ) ;
#872 = VERTEX_POINT ( 'NONE', #676 ) ;
#873 = EDGE_LOOP ( 'NONE', ( #768, #1564, #1398, #691, #955 ) ) ;
#874 = CARTESIAN_POINT ( 'NONE',  ( -15.00000000000000178, 8.000000000000000000, 1.000000000000000000 ) ) ;
#875 = DIRECTION ( 'NONE',  ( 0.000000000000000000, 0.000000000000000000, 1.000000000000000000 ) ) ;
#876 = AXIS2_PLACEMENT_3D ( 'NONE', #1103, #314, #899 ) ;
#877 = VERTEX_POINT ( 'NONE', #828 ) ;
#878 = DIRECTION ( 'NONE',  ( -0.7071067811865457964, -0.7071067811865492381, -0.000000000000000000 ) ) ;
#879 = LINE ( 'NONE', #729, #290 ) ;
#880 = DIRECTION ( 'NONE',  ( -1.000000000000000000, 7.372574772901430151E-15, 0.000000000000000000 ) ) ;
#881 = ORIENTED_EDGE ( 'NONE', *, *, #259, .F. ) ;
#882 = EDGE_CURVE ( 'NONE', #747, #1955, #155, .T. ) ;
#883 = CIRCLE ( 'NONE', #1502, 3.999999999999998224 ) ;
#884 = ORIENTED_EDGE ( 'NONE', *, *, #1843, .T. ) ;
#885 = ORIENTED_EDGE ( 'NONE', *, *, #354, .F. ) ;
#886 = CARTESIAN_POINT ( 'NONE',  ( -2.999999999999985789, 0.000000000000000000, 1.000000000000000000 ) ) ;
#887 = CARTESIAN_POINT ( 'NONE',  ( -5.000000000000000888, 8.000000000000000000, 4.000000000000000000 ) ) ;
#888 = AXIS2_PLACEMENT_3D ( 'NONE', #85, #1762, #1901 ) ;
#889 = DIRECTION ( 'NONE',  ( 0.000000000000000000, -1.000000000000000000, 0.000000000000000000 ) ) ;
#890 = CYLINDRICAL_SURFACE ( 'NONE', #1523, 1.000000000000000000 ) ;
#891 = FILL_AREA_STYLE_COLOUR ( '', #954 ) ;
#892 = CIRCLE ( 'NONE', #448, 1.000000000000000000 ) ;
#893 = CARTESIAN_POINT ( 'NONE',  ( -4.999999999999990230, -63.34314575050758833, 3.000000000000000000 ) ) ;
#894 = EDGE_LOOP ( 'NONE', ( #1543, #769, #1702, #1448 ) ) ;
#895 = ORIENTED_EDGE ( 'NONE', *, *, #1872, .F. ) ;
#896 = LINE ( 'NONE', #581, #925 ) ;
#897 = EDGE_CURVE ( 'NONE', #907, #953, #250, .T. ) ;
#898 = DIRECTION ( 'NONE',  ( 1.000000000000000000, 0.000000000000000000, 0.000000000000000000 ) ) ;
#899 = DIRECTION ( 'NONE',  ( 1.000000000000000000, 0.000000000000000000, 0.000000000000000000 ) ) ;
#900 = AXIS2_PLACEMENT_3D ( 'NONE', #1102, #956, #788 ) ;
#901 = SURFACE_SIDE_STYLE ('',( #1482 ) ) ;
#902 = FACE_OUTER_BOUND ( 'NONE', #724, .T. ) ;
#903 = CARTESIAN_POINT ( 'NONE',  ( 3.000000000000000444, 1.999999999999999556, 1.000000000000000000 ) ) ;
#904 = ORIENTED_EDGE ( 'NONE', *, *, #1910, .F. ) ;
#905 = ORIENTED_EDGE ( 'NONE', *, *, #312, .F. ) ;
#906 = CARTESIAN_POINT ( 'NONE',  ( -2.999999999999986677, 0.000000000000000000, 3.000000000000000000 ) ) ;
#907 = VERTEX_POINT ( 'NONE', #76 ) ;
#908 = ADVANCED_FACE ( 'NONE', ( #685 ), #1753, .F. ) ;
#909 = VECTOR ( 'NONE', #1092, 1000.000000000000000 ) ;
#910 = ORIENTED_EDGE ( 'NONE', *, *, #533, .F. ) ;
#911 = PLANE ( 'NONE',  #740 ) ;
#912 = CARTESIAN_POINT ( 'NONE',  ( -7.000000000000000000, 8.000000000000000000, 3.000000000000000000 ) ) ;
#913 = AXIS2_PLACEMENT_3D ( 'NONE', #1754, #818, #1893 ) ;
#914 = AXIS2_PLACEMENT_3D ( 'NONE', #1666, #1957, #1155 ) ;
#915 = DIRECTION ( 'NONE',  ( 1.000000000000000000, 0.000000000000000000, 0.000000000000000000 ) ) ;
#916 = DIRECTION ( 'NONE',  ( 0.000000000000000000, 1.000000000000000000, -0.000000000000000000 ) ) ;
#917 = DIRECTION ( 'NONE',  ( -0.000000000000000000, -0.000000000000000000, -1.000000000000000000 ) ) ;
#918 = STYLED_ITEM ( 'NONE', ( #1207 ), #630 ) ;
#919 = VECTOR ( 'NONE', #613, 1000.000000000000000 ) ;
#920 = ORIENTED_EDGE ( 'NONE', *, *, #735, .F. ) ;
#921 = DIRECTION ( 'NONE',  ( 1.000000000000000000, 0.000000000000000000, 0.000000000000000000 ) ) ;
#922 = DIRECTION ( 'NONE',  ( -0.000000000000000000, -0.000000000000000000, -1.000000000000000000 ) ) ;
#923 = AXIS2_PLACEMENT_3D ( 'NONE', #966, #1144, #992 ) ;
#924 = EDGE_CURVE ( 'NONE', #1089, #795, #398, .T. ) ;
#925 = VECTOR ( 'NONE', #276, 1000.000000000000000 ) ;
#926 = CIRCLE ( 'NONE', #412, 1.000000000000000888 ) ;
#927 = ORIENTED_EDGE ( 'NONE', *, *, #1370, .F. ) ;
#928 = EDGE_CURVE ( 'NONE', #461, #531, #1936, .T. ) ;
#929 = DIRECTION ( 'NONE',  ( 1.000000000000000000, 0.000000000000000000, 0.000000000000000000 ) ) ;
#930 = CIRCLE ( 'NONE', #1510, 1.000000000000000000 ) ;
#931 = DIRECTION ( 'NONE',  ( 1.000000000000000000, -0.000000000000000000, 0.000000000000000000 ) ) ;
#932 = ORIENTED_EDGE ( 'NONE', *, *, #1481, .T. ) ;
#933 = ORIENTED_EDGE ( 'NONE', *, *, #374, .F. ) ;
#934 = CARTESIAN_POINT ( 'NONE',  ( -13.00000000000000000, 10.00000000000000178, 3.000000000000000000 ) ) ;
#935 = CARTESIAN_POINT ( 'NONE',  ( 5.000000000000000000, 2.000000000000014211, 1.000000000000000000 ) ) ;
#936 = AXIS2_PLACEMENT_3D ( 'NONE', #678, #367, #54 ) ;
#937 = EDGE_CURVE ( 'NONE', #1223, #1101, #1600, .T. ) ;
#938 = ADVANCED_FACE ( 'NONE', ( #1727 ), #525, .T. ) ;
#939 = CARTESIAN_POINT ( 'NONE',  ( 13.12132034355963306, -65.46446609406723383, 3.000000000000000000 ) ) ;
#940 = CIRCLE ( 'NONE', #1263, 1.000000000000000000 ) ;
#941 = LINE ( 'NONE', #1557, #1190 ) ;
#942 = ORIENTED_EDGE ( 'NONE', *, *, #602, .T. ) ;
#943 = ORIENTED_EDGE ( 'NONE', *, *, #1006, .T. ) ;
#944 = ORIENTED_EDGE ( 'NONE', *, *, #679, .T. ) ;
#945 = DIRECTION ( 'NONE',  ( -0.000000000000000000, -0.000000000000000000, -1.000000000000000000 ) ) ;
#946 = CARTESIAN_POINT ( 'NONE',  ( 10.99999999999958078, 8.999999999999994671, 0.000000000000000000 ) ) ;
#947 = AXIS2_PLACEMENT_3D ( 'NONE', #1323, #561, #1175 ) ;
#948 = ORIENTED_EDGE ( 'NONE', *, *, #1315, .F. ) ;
#949 = DIRECTION ( 'NONE',  ( 0.000000000000000000, 0.000000000000000000, 1.000000000000000000 ) ) ;
#950 = EDGE_CURVE ( 'NONE', #745, #158, #1744, .T. ) ;
#951 = LINE ( 'NONE', #1967, #1712 ) ;
#952 = ORIENTED_EDGE ( 'NONE', *, *, #509, .F. ) ;
#953 = VERTEX_POINT ( 'NONE', #1871 ) ;
#954 = COLOUR_RGB ( '',0.7921568627450980005, 0.8196078431372548767, 0.9333333333333333481 ) ;
#955 = ORIENTED_EDGE ( 'NONE', *, *, #763, .F. ) ;
#956 = DIRECTION ( 'NONE',  ( -0.7071067811865466846, -0.7071067811865485719, 0.000000000000000000 ) ) ;
#957 = CARTESIAN_POINT ( 'NONE',  ( -5.000000000000000000, 2.000000000000014211, 3.000000000000000000 ) ) ;
#958 = CARTESIAN_POINT ( 'NONE',  ( 12.99999999999998579, 10.00000000000000000, 4.000000000000000000 ) ) ;
#959 = VECTOR ( 'NONE', #1050, 1000.000000000000000 ) ;
#960 = VERTEX_POINT ( 'NONE', #1612 ) ;
#961 = ORIENTED_EDGE ( 'NONE', *, *, #505, .F. ) ;
#962 = ADVANCED_FACE ( 'NONE', ( #985 ), #1176, .T. ) ;
#963 = LINE ( 'NONE', #70, #996 ) ;
#964 = ADVANCED_FACE ( 'NONE', ( #974 ), #809, .F. ) ;
#965 = DIRECTION ( 'NONE',  ( 0.000000000000000000, -1.000000000000000000, 0.000000000000000000 ) ) ;
#966 = CARTESIAN_POINT ( 'NONE',  ( 6.999999999999993783, 8.999999999999966249, 3.000000000000000000 ) ) ;
#967 = CARTESIAN_POINT ( 'NONE',  ( -10.99999999999999289, -63.34314575050758833, 1.000000000000000000 ) ) ;
#968 = ORIENTED_EDGE ( 'NONE', *, *, #149, .F. ) ;
#969 = DIRECTION ( 'NONE',  ( 1.445602896647342614E-16, -1.000000000000000000, 0.000000000000000000 ) ) ;
#970 = DIRECTION ( 'NONE',  ( -0.000000000000000000, -0.000000000000000000, -1.000000000000000000 ) ) ;
#971 = ADVANCED_FACE ( 'NONE', ( #222 ), #1892, .T. ) ;
#972 = ORIENTED_EDGE ( 'NONE', *, *, #1731, .T. ) ;
#973 = VECTOR ( 'NONE', #1184, 1000.000000000000000 ) ;
#974 = FACE_OUTER_BOUND ( 'NONE', #1317, .T. ) ;
#975 = LINE ( 'NONE', #206, #1258 ) ;
#976 = ORIENTED_EDGE ( 'NONE', *, *, #1639, .T. ) ;
#977 = DIRECTION ( 'NONE',  ( -1.215760433415192867E-16, 1.000000000000000000, 0.000000000000000000 ) ) ;
#978 = DIRECTION ( 'NONE',  ( 1.000000000000000000, 0.000000000000000000, 0.000000000000000000 ) ) ;
#979 = ORIENTED_EDGE ( 'NONE', *, *, #1582, .F. ) ;
#980 = ORIENTED_EDGE ( 'NONE', *, *, #1131, .F. ) ;
#981 = EDGE_CURVE ( 'NONE', #540, #361, #231, .T. ) ;
#982 = CIRCLE ( 'NONE', #128, 1.000000000000000888 ) ;
#983 = EDGE_CURVE ( 'NONE', #195, #404, #378, .T. ) ;
#984 = AXIS2_PLACEMENT_3D ( 'NONE', #1288, #53, #799 ) ;
#985 = FACE_OUTER_BOUND ( 'NONE', #1036, .T. ) ;
#986 = FILL_AREA_STYLE ('',( #1864 ) ) ;
#987 = ORIENTED_EDGE ( 'NONE', *, *, #1343, .F. ) ;
#988 = CARTESIAN_POINT ( 'NONE',  ( 15.00000000000000000, 8.000000000000001776, 2.000000000000000000 ) ) ;
#989 = CARTESIAN_POINT ( 'NONE',  ( -13.00000000000000000, 8.000000000000000000, 4.000000000000000000 ) ) ;
#990 = ORIENTED_EDGE ( 'NONE', *, *, #1579, .F. ) ;
#991 = ORIENTED_EDGE ( 'NONE', *, *, #394, .F. ) ;
#992 = DIRECTION ( 'NONE',  ( 6.071532165918819308E-15, -1.000000000000000000, 0.000000000000000000 ) ) ;
#993 = EDGE_CURVE ( 'NONE', #1101, #12, #1082, .T. ) ;
#994 = VECTOR ( 'NONE', #1875, 1000.000000000000000 ) ;
#995 = CYLINDRICAL_SURFACE ( 'NONE', #1365, 2.000000000000001776 ) ;
#996 = VECTOR ( 'NONE', #1425, 1000.000000000000000 ) ;
#997 = CARTESIAN_POINT ( 'NONE',  ( -5.999999999999991118, -63.34314575050758833, 1.000000000000000000 ) ) ;
#998 = DIRECTION ( 'NONE',  ( -0.000000000000000000, -0.000000000000000000, -1.000000000000000000 ) ) ;
#999 = CARTESIAN_POINT ( 'NONE',  ( 13.82842712474619162, -66.17157287525377285, 3.000000000000000000 ) ) ;
#1000 = VECTOR ( 'NONE', #108, 1000.000000000000000 ) ;
#1001 = DIRECTION ( 'NONE',  ( 0.000000000000000000, -1.000000000000000000, 0.000000000000000000 ) ) ;
#1002 = EDGE_LOOP ( 'NONE', ( #1318, #1711, #942, #1350, #1792 ) ) ;
#1003 = AXIS2_PLACEMENT_3D ( 'NONE', #261, #1033, #1489 ) ;
#1004 = MECHANICAL_DESIGN_GEOMETRIC_PRESENTATION_REPRESENTATION (  '', ( #56 ), #1621 ) ;
#1005 = AXIS2_PLACEMENT_3D ( 'NONE', #1733, #1449, #1121 ) ;
#1006 = EDGE_CURVE ( 'NONE', #295, #671, #727, .T. ) ;
#1007 = LINE ( 'NONE', #596, #156 ) ;
#1008 = DIRECTION ( 'NONE',  ( 0.000000000000000000, 0.000000000000000000, -1.000000000000000000 ) ) ;
#1009 = ORIENTED_EDGE ( 'NONE', *, *, #655, .F. ) ;
#1010 = CYLINDRICAL_SURFACE ( 'NONE', #170, 1.000000000000000000 ) ;
#1011 = CARTESIAN_POINT ( 'NONE',  ( -13.00000000000000000, 8.000000000000000000, 0.000000000000000000 ) ) ;
#1012 = CARTESIAN_POINT ( 'NONE',  ( 5.000000000000000000, 7.999999999999965361, 4.000000000000000000 ) ) ;
#1013 = AXIS2_PLACEMENT_3D ( 'NONE', #1393, #1863, #1241 ) ;
#1014 = CYLINDRICAL_SURFACE ( 'NONE', #1460, 2.000000000000000000 ) ;
#1015 = EDGE_LOOP ( 'NONE', ( #1292, #1304, #976, #557 ) ) ;
#1016 = ORIENTED_EDGE ( 'NONE', *, *, #18, .T. ) ;
#1017 = AXIS2_PLACEMENT_3D ( 'NONE', #553, #1656, #288 ) ;
#1018 = CARTESIAN_POINT ( 'NONE',  ( -5.000000000000000888, 8.000000000000000000, 1.000000000000000000 ) ) ;
#1019 = CARTESIAN_POINT ( 'NONE',  ( 6.000000000000000000, 1.999999999999999556, 1.000000000000000000 ) ) ;
#1020 = ADVANCED_FACE ( 'NONE', ( #504 ), #693, .T. ) ;
#1021 = EDGE_CURVE ( 'NONE', #1450, #1253, #1439, .T. ) ;
#1022 = CARTESIAN_POINT ( 'NONE',  ( 13.99999999999999822, -63.34314575050758833, 3.000000000000000000 ) ) ;
#1023 = DIRECTION ( 'NONE',  ( 1.000000000000000000, 0.000000000000000000, -0.000000000000000000 ) ) ;
#1024 = VECTOR ( 'NONE', #1285, 1000.000000000000000 ) ;
#1025 = DIRECTION ( 'NONE',  ( -6.938893903907228378E-15, 1.000000000000000000, 0.000000000000000000 ) ) ;
#1026 = DIRECTION ( 'NONE',  ( -1.000000000000000000, 0.000000000000000000, 0.000000000000000000 ) ) ;
#1027 = ORIENTED_EDGE ( 'NONE', *, *, #1385, .F. ) ;
#1028 = ORIENTED_EDGE ( 'NONE', *, *, #1034, .F. ) ;
#1029 = VERTEX_POINT ( 'NONE', #1492 ) ;
#1030 = LINE ( 'NONE', #1329, #57 ) ;
#1031 = DIRECTION ( 'NONE',  ( 1.000000000000000000, 0.000000000000000000, 0.000000000000000000 ) ) ;
#1032 = FACE_OUTER_BOUND ( 'NONE', #1516, .T. ) ;
#1033 = DIRECTION ( 'NONE',  ( -0.000000000000000000, -0.000000000000000000, -1.000000000000000000 ) ) ;
#1034 = EDGE_CURVE ( 'NONE', #1450, #1690, #112, .T. ) ;
#1035 = CYLINDRICAL_SURFACE ( 'NONE', #781, 1.000000000000000888 ) ;
#1036 = EDGE_LOOP ( 'NONE', ( #1277, #881, #943, #1645 ) ) ;
#1037 = TOROIDAL_SURFACE ( 'NONE', #684, 1.000000000000000888, 1.000000000000000000 ) ;
#1038 = ORIENTED_EDGE ( 'NONE', *, *, #1355, .T. ) ;
#1039 = DIRECTION ( 'NONE',  ( 0.000000000000000000, 0.000000000000000000, 1.000000000000000000 ) ) ;
#1040 = CARTESIAN_POINT ( 'NONE',  ( -3.535533905932759957, -75.05025253169411315, 4.000000000000000000 ) ) ;
#1041 = DIRECTION ( 'NONE',  ( 7.372574772901430151E-15, 1.000000000000000000, -0.000000000000000000 ) ) ;
#1042 = FACE_OUTER_BOUND ( 'NONE', #836, .T. ) ;
#1043 = CARTESIAN_POINT ( 'NONE',  ( 0.000000000000000000, 0.000000000000000000, 0.000000000000000000 ) ) ;
#1044 = CARTESIAN_POINT ( 'NONE',  ( 6.999999999999987566, 9.999999999999966249, 1.000000000000000000 ) ) ;
#1045 = ORIENTED_EDGE ( 'NONE', *, *, #1490, .F. ) ;
#1046 = EDGE_CURVE ( 'NONE', #953, #1457, #598, .T. ) ;
#1047 = ORIENTED_EDGE ( 'NONE', *, *, #1782, .T. ) ;
#1048 = ORIENTED_EDGE ( 'NONE', *, *, #1469, .F. ) ;
#1049 = LINE ( 'NONE', #705, #609 ) ;
#1050 = DIRECTION ( 'NONE',  ( -1.000000000000000000, -1.131160428604171613E-16, -0.000000000000000000 ) ) ;
#1051 = ORIENTED_EDGE ( 'NONE', *, *, #542, .F. ) ;
#1052 = ORIENTED_EDGE ( 'NONE', *, *, #1481, .F. ) ;
#1053 = ORIENTED_EDGE ( 'NONE', *, *, #1840, .T. ) ;
#1054 = FACE_OUTER_BOUND ( 'NONE', #1827, .T. ) ;
#1055 = CYLINDRICAL_SURFACE ( 'NONE', #4, 1.000000000000000000 ) ;
#1056 = ORIENTED_EDGE ( 'NONE', *, *, #928, .T. ) ;
#1057 = CIRCLE ( 'NONE', #203, 1.000000000000000222 ) ;
#1058 = DIRECTION ( 'NONE',  ( -1.000000000000000000, 0.000000000000000000, 0.000000000000000000 ) ) ;
#1059 = ADVANCED_FACE ( 'NONE', ( #702 ), #1014, .T. ) ;
#1060 = ORIENTED_EDGE ( 'NONE', *, *, #1270, .F. ) ;
#1061 = LINE ( 'NONE', #1721, #1474 ) ;
#1062 = EDGE_LOOP ( 'NONE', ( #1392, #991, #1346, #905, #722 ) ) ;
#1063 = DIRECTION ( 'NONE',  ( 1.445602896647342614E-16, -1.000000000000000000, 0.000000000000000000 ) ) ;
#1064 = CARTESIAN_POINT ( 'NONE',  ( -10.99999999999999289, -63.34314575050758833, 1.000000000000000000 ) ) ;
#1065 = DIRECTION ( 'NONE',  ( 1.000000000000000000, 0.000000000000000000, 0.000000000000000000 ) ) ;
#1066 = LINE ( 'NONE', #1376, #1287 ) ;
#1067 = EDGE_CURVE ( 'NONE', #811, #532, #278, .T. ) ;
#1068 = ORIENTED_EDGE ( 'NONE', *, *, #285, .F. ) ;
#1069 = VERTEX_POINT ( 'NONE', #1044 ) ;
#1070 = AXIS2_PLACEMENT_3D ( 'NONE', #673, #970, #1122 ) ;
#1071 = ADVANCED_FACE ( 'NONE', ( #1631 ), #852, .F. ) ;
#1072 = DIRECTION ( 'NONE',  ( 0.7071067811865492381, -0.7071067811865457964, 0.000000000000000000 ) ) ;
#1073 = DIRECTION ( 'NONE',  ( 1.000000000000000000, 0.000000000000000000, 0.000000000000000000 ) ) ;
#1074 = CARTESIAN_POINT ( 'NONE',  ( 12.99999999999999112, 9.000000000000001776, 0.000000000000000000 ) ) ;
#1075 = LINE ( 'NONE', #454, #255 ) ;
#1076 = DIRECTION ( 'NONE',  ( 0.000000000000000000, -1.000000000000000000, 0.000000000000000000 ) ) ;
#1077 = CIRCLE ( 'NONE', #850, 5.000000000000003553 ) ;
#1078 = ORIENTED_EDGE ( 'NONE', *, *, #1034, .T. ) ;
#1079 = ORIENTED_EDGE ( 'NONE', *, *, #5, .F. ) ;
#1080 = PLANE ( 'NONE',  #1881 ) ;
#1081 = LINE ( 'NONE', #1861, #1963 ) ;
#1082 = CIRCLE ( 'NONE', #1250, 1.000000000000000000 ) ;
#1083 = EDGE_CURVE ( 'NONE', #1130, #1177, #839, .T. ) ;
#1084 = EDGE_CURVE ( 'NONE', #22, #872, #1362, .T. ) ;
#1085 = CIRCLE ( 'NONE', #1379, 1.000000000000000000 ) ;
#1086 = LINE ( 'NONE', #171, #1115 ) ;
#1087 = CARTESIAN_POINT ( 'NONE',  ( -13.99999999999999112, -63.34314575050758833, 0.000000000000000000 ) ) ;
#1088 = EDGE_LOOP ( 'NONE', ( #1273, #1052, #864, #820 ) ) ;
#1089 = VERTEX_POINT ( 'NONE', #1643 ) ;
#1090 = ORIENTED_EDGE ( 'NONE', *, *, #1469, .T. ) ;
#1091 = FACE_OUTER_BOUND ( 'NONE', #853, .T. ) ;
#1092 = DIRECTION ( 'NONE',  ( 1.000000000000000000, 5.782411586589359611E-15, -0.000000000000000000 ) ) ;
#1093 = ORIENTED_EDGE ( 'NONE', *, *, #481, .T. ) ;
#1094 = VECTOR ( 'NONE', #1272, 1000.000000000000000 ) ;
#1095 = AXIS2_PLACEMENT_3D ( 'NONE', #848, #340, #1248 ) ;
#1096 = EDGE_CURVE ( 'NONE', #430, #1570, #427, .T. ) ;
#1097 = ORIENTED_EDGE ( 'NONE', *, *, #1593, .T. ) ;
#1098 = DIRECTION ( 'NONE',  ( 0.7071067811865457964, 0.7071067811865492381, -0.000000000000000000 ) ) ;
#1099 = EDGE_LOOP ( 'NONE', ( #1236, #308, #243, #778 ) ) ;
#1100 = ORIENTED_EDGE ( 'NONE', *, *, #1096, .F. ) ;
#1101 = VERTEX_POINT ( 'NONE', #272 ) ;
#1102 = CARTESIAN_POINT ( 'NONE',  ( 13.12132034355964372, -65.46446609406721961, 3.000000000000000000 ) ) ;
#1103 = CARTESIAN_POINT ( 'NONE',  ( 11.00000000000000000, -63.34314575050758833, 1.000000000000000000 ) ) ;
#1104 = VECTOR ( 'NONE', #1473, 1000.000000000000000 ) ;
#1105 = CIRCLE ( 'NONE', #1620, 2.000000000000000888 ) ;
#1106 = ORIENTED_EDGE ( 'NONE', *, *, #679, .F. ) ;
#1107 = AXIS2_PLACEMENT_3D ( 'NONE', #1279, #1454, #205 ) ;
#1108 = DIRECTION ( 'NONE',  ( 1.000000000000000000, 0.000000000000000000, 0.000000000000000000 ) ) ;
#1109 = ADVANCED_FACE ( 'NONE', ( #871 ), #122, .F. ) ;
#1110 = SURFACE_STYLE_USAGE ( .BOTH. , #497 ) ;
#1111 = ORIENTED_EDGE ( 'NONE', *, *, #505, .T. ) ;
#1112 = ORIENTED_EDGE ( 'NONE', *, *, #1046, .F. ) ;
#1113 = DIRECTION ( 'NONE',  ( 0.000000000000000000, 0.000000000000000000, -1.000000000000000000 ) ) ;
#1114 = FACE_OUTER_BOUND ( 'NONE', #1688, .T. ) ;
#1115 = VECTOR ( 'NONE', #1221, 1000.000000000000000 ) ;
#1116 = AXIS2_PLACEMENT_3D ( 'NONE', #1486, #725, #1341 ) ;
#1117 = CARTESIAN_POINT ( 'NONE',  ( -15.00000000000000178, 8.000000000000000000, 4.000000000000000000 ) ) ;
#1118 = EDGE_CURVE ( 'NONE', #144, #240, #1556, .T. ) ;
#1119 = CIRCLE ( 'NONE', #1763, 1.000000000000000000 ) ;
#1120 = ORIENTED_EDGE ( 'NONE', *, *, #723, .F. ) ;
#1121 = DIRECTION ( 'NONE',  ( 5.204170427930416550E-15, -1.000000000000000000, 0.000000000000000000 ) ) ;
#1122 = DIRECTION ( 'NONE',  ( 1.000000000000000000, 0.000000000000000000, 0.000000000000000000 ) ) ;
#1123 = EDGE_LOOP ( 'NONE', ( #661, #814, #1038, #1027 ) ) ;
#1124 = DIRECTION ( 'NONE',  ( -0.000000000000000000, -0.000000000000000000, -1.000000000000000000 ) ) ;
#1125 = CARTESIAN_POINT ( 'NONE',  ( -13.99999999999999112, -63.34314575050758833, 3.000000000000000000 ) ) ;
#1126 = ORIENTED_EDGE ( 'NONE', *, *, #297, .T. ) ;
#1127 = EDGE_CURVE ( 'NONE', #671, #265, #1198, .T. ) ;
#1128 = CARTESIAN_POINT ( 'NONE',  ( 5.000000000000000000, 7.999999999999965361, 3.000000000000000000 ) ) ;
#1129 = DIRECTION ( 'NONE',  ( 1.000000000000000000, 6.071532165918830352E-15, 0.000000000000000000 ) ) ;
#1130 = VERTEX_POINT ( 'NONE', #1483 ) ;
#1131 = EDGE_CURVE ( 'NONE', #251, #467, #1361, .T. ) ;
#1132 = CARTESIAN_POINT ( 'NONE',  ( -7.000000000000000000, 8.000000000000000000, 0.000000000000000000 ) ) ;
#1133 = ORIENTED_EDGE ( 'NONE', *, *, #28, .T. ) ;
#1134 = TOROIDAL_SURFACE ( 'NONE', #281, 5.000000000000003553, 1.000000000000000000 ) ;
#1135 = DIRECTION ( 'NONE',  ( -5.204170427930416550E-15, 1.000000000000000000, 0.000000000000000000 ) ) ;
#1136 = DIRECTION ( 'NONE',  ( 0.000000000000000000, -1.000000000000000000, 0.000000000000000000 ) ) ;
#1137 = EDGE_LOOP ( 'NONE', ( #173, #275, #94 ) ) ;
#1138 = CARTESIAN_POINT ( 'NONE',  ( -13.12132034355962951, -65.46446609406723383, 0.000000000000000000 ) ) ;
#1139 = DIRECTION ( 'NONE',  ( 0.7071067811865465735, 0.7071067811865484609, -0.000000000000000000 ) ) ;
#1140 = LINE ( 'NONE', #999, #1616 ) ;
#1141 = ADVANCED_FACE ( 'NONE', ( #862 ), #1035, .T. ) ;
#1142 = ADVANCED_FACE ( 'NONE', ( #1652 ), #1950, .F. ) ;
#1143 = CIRCLE ( 'NONE', #1758, 1.999999999999999556 ) ;
#1144 = DIRECTION ( 'NONE',  ( -1.000000000000000000, -6.071532165918830352E-15, 0.000000000000000000 ) ) ;
#1145 = DIRECTION ( 'NONE',  ( 1.215760433415192867E-16, -1.000000000000000000, -0.000000000000000000 ) ) ;
#1146 = DIRECTION ( 'NONE',  ( 0.000000000000000000, 0.000000000000000000, 1.000000000000000000 ) ) ;
#1147 = LINE ( 'NONE', #887, #1795 ) ;
#1148 = CIRCLE ( 'NONE', #298, 5.000000000000003553 ) ;
#1149 = CARTESIAN_POINT ( 'NONE',  ( 15.00000000000000000, 7.000000000000001776, 2.000000000000000000 ) ) ;
#1150 = ADVANCED_FACE ( 'NONE', ( #1514 ), #1037, .T. ) ;
#1151 = DIRECTION ( 'NONE',  ( 1.000000000000000000, 0.000000000000000000, 0.000000000000000000 ) ) ;
#1152 = ORIENTED_EDGE ( 'NONE', *, *, #245, .T. ) ;
#1153 = VECTOR ( 'NONE', #688, 1000.000000000000000 ) ;
#1154 = ORIENTED_EDGE ( 'NONE', *, *, #1411, .T. ) ;
#1155 = DIRECTION ( 'NONE',  ( 1.000000000000000000, 0.000000000000000000, 0.000000000000000000 ) ) ;
#1156 = CARTESIAN_POINT ( 'NONE',  ( 15.00000000000000000, 8.000000000000000000, 3.000000000000000000 ) ) ;
#1157 = DIRECTION ( 'NONE',  ( -0.000000000000000000, -0.000000000000000000, -1.000000000000000000 ) ) ;
#1158 = DIRECTION ( 'NONE',  ( -1.000000000000000000, -1.131160428604171613E-16, -0.000000000000000000 ) ) ;
#1159 =( NAMED_UNIT ( * ) PLANE_ANGLE_UNIT ( ) SI_UNIT ( $, .RADIAN. ) );
#1160 = DIRECTION ( 'NONE',  ( 1.000000000000000000, 0.000000000000000000, 0.000000000000000000 ) ) ;
#1161 = ORIENTED_EDGE ( 'NONE', *, *, #543, .T. ) ;
#1162 = CIRCLE ( 'NONE', #1003, 2.999999999999999556 ) ;
#1163 = CIRCLE ( 'NONE', #495, 1.000000000000000888 ) ;
#1164 = VECTOR ( 'NONE', #126, 1000.000000000000000 ) ;
#1165 = EDGE_CURVE ( 'NONE', #1699, #652, #87, .T. ) ;
#1166 = ADVANCED_FACE ( 'NONE', ( #902 ), #154, .T. ) ;
#1167 = ORIENTED_EDGE ( 'NONE', *, *, #1614, .T. ) ;
#1168 = CARTESIAN_POINT ( 'NONE',  ( 4.242640687119327403, -75.75735931288066638, 1.000000000000000000 ) ) ;
#1169 = DIRECTION ( 'NONE',  ( 0.000000000000000000, -1.000000000000000000, 0.000000000000000000 ) ) ;
#1170 = DIRECTION ( 'NONE',  ( -0.000000000000000000, -0.000000000000000000, -1.000000000000000000 ) ) ;
#1171 = LINE ( 'NONE', #1358, #1427 ) ;
#1172 = CARTESIAN_POINT ( 'NONE',  ( -14.00000000000000178, 8.000000000000000000, 0.000000000000000000 ) ) ;
#1173 = AXIS2_PLACEMENT_3D ( 'NONE', #1043, #869, #426 ) ;
#1174 = AXIS2_PLACEMENT_3D ( 'NONE', #1673, #157, #754 ) ;
#1175 = DIRECTION ( 'NONE',  ( 0.000000000000000000, -1.000000000000000000, 0.000000000000000000 ) ) ;
#1176 = TOROIDAL_SURFACE ( 'NONE', #888, 0.9999999999999995559, 1.000000000000000000 ) ;
#1177 = VERTEX_POINT ( 'NONE', #1219 ) ;
#1178 = CIRCLE ( 'NONE', #854, 1.000000000000000000 ) ;
#1179 = VECTOR ( 'NONE', #646, 1000.000000000000000 ) ;
#1180 = CARTESIAN_POINT ( 'NONE',  ( 12.99999999999999112, 9.000000000000001776, 4.000000000000000000 ) ) ;
#1181 = ADVANCED_FACE ( 'NONE', ( #7 ), #565, .T. ) ;
#1182 = CARTESIAN_POINT ( 'NONE',  ( 15.00000000000000000, 7.000000000000001776, 2.000000000000000000 ) ) ;
#1183 = DIRECTION ( 'NONE',  ( -1.215760433415192867E-16, 1.000000000000000000, 0.000000000000000000 ) ) ;
#1184 = DIRECTION ( 'NONE',  ( 1.000000000000000000, -0.000000000000000000, -0.000000000000000000 ) ) ;
#1185 = AXIS2_PLACEMENT_3D ( 'NONE', #1019, #715, #875 ) ;
#1186 = FILL_AREA_STYLE ('',( #891 ) ) ;
#1187 = CARTESIAN_POINT ( 'NONE',  ( 15.00000000000000000, 8.000000000000000000, 4.000000000000000000 ) ) ;
#1188 = ORIENTED_EDGE ( 'NONE', *, *, #993, .F. ) ;
#1189 = EDGE_LOOP ( 'NONE', ( #33, #968, #644, #39 ) ) ;
#1190 = VECTOR ( 'NONE', #192, 1000.000000000000000 ) ;
#1191 = CIRCLE ( 'NONE', #1095, 1.000000000000000000 ) ;
#1192 = DIRECTION ( 'NONE',  ( 1.000000000000000000, 0.000000000000000000, 0.000000000000000000 ) ) ;
#1193 = CYLINDRICAL_SURFACE ( 'NONE', #614, 1.000000000000000000 ) ;
#1194 = CARTESIAN_POINT ( 'NONE',  ( -3.535533905932764398, -75.05025253169411315, 0.000000000000000000 ) ) ;
#1195 = CYLINDRICAL_SURFACE ( 'NONE', #639, 1.000000000000000000 ) ;
#1196 = EDGE_CURVE ( 'NONE', #1699, #1227, #1372, .T. ) ;
#1197 = CLOSED_SHELL ( 'NONE', ( #1506, #62, #1862, #962, #1778, #1592, #493, #1303, #436, #1741, #1141, #648, #137, #1532, #271, #690, #1705, #1749, #938, #1495, #1071, #1929, #1109, #964, #1431, #1150, #362, #796, #1020, #1642, #180, #1625, #435, #79, #971, #1181, #1769, #1260, #20, #1555, #393, #309, #1569, #1222, #1282, #530, #1166, #1718, #861, #201, #1059, #232, #584, #51, #908, #220, #480, #164, #1707, #111, #1409, #456, #167, #551, #221, #1455, #1142, #1421 ) ) ;
#1198 = LINE ( 'NONE', #893, #246 ) ;
#1199 = EDGE_LOOP ( 'NONE', ( #61, #1549, #35, #1417, #821 ) ) ;
#1200 = AXIS2_PLACEMENT_3D ( 'NONE', #1187, #141, #544 ) ;
#1201 = VECTOR ( 'NONE', #350, 1000.000000000000000 ) ;
#1202 = ORIENTED_EDGE ( 'NONE', *, *, #1615, .T. ) ;
#1203 = CARTESIAN_POINT ( 'NONE',  ( 6.000000000000000000, 1.999999999999999556, 4.000000000000000000 ) ) ;
#1204 = CARTESIAN_POINT ( 'NONE',  ( -2.999999999999979572, -1.000000000000000000, 1.000000000000000000 ) ) ;
#1205 = DIRECTION ( 'NONE',  ( 0.000000000000000000, 0.000000000000000000, 1.000000000000000000 ) ) ;
#1206 = CARTESIAN_POINT ( 'NONE',  ( 15.00000000000000000, 7.000000000000001776, 2.000000000000000000 ) ) ;
#1207 = PRESENTATION_STYLE_ASSIGNMENT (( #1513 ) ) ;
#1208 = EDGE_CURVE ( 'NONE', #758, #745, #1783, .T. ) ;
#1209 = CARTESIAN_POINT ( 'NONE',  ( 15.00000000000000000, 8.000000000000000000, 4.000000000000000000 ) ) ;
#1210 = PRESENTATION_LAYER_ASSIGNMENT (  '', '', ( #918 ) ) ;
#1211 = AXIS2_PLACEMENT_3D ( 'NONE', #1854, #1696, #929 ) ;
#1212 = ORIENTED_EDGE ( 'NONE', *, *, #1224, .T. ) ;
#1213 = DIRECTION ( 'NONE',  ( -1.000000000000000000, 0.000000000000000000, 0.000000000000000000 ) ) ;
#1214 = ORIENTED_EDGE ( 'NONE', *, *, #1808, .T. ) ;
#1215 = ORIENTED_EDGE ( 'NONE', *, *, #1355, .F. ) ;
#1216 = FACE_OUTER_BOUND ( 'NONE', #339, .T. ) ;
#1217 = CARTESIAN_POINT ( 'NONE',  ( -15.00000000000000178, 8.000000000000000000, 4.000000000000000000 ) ) ;
#1218 = VECTOR ( 'NONE', #1765, 1000.000000000000114 ) ;
#1219 = CARTESIAN_POINT ( 'NONE',  ( 15.00000000000000000, -63.34314575050755991, 1.000000000000000000 ) ) ;
#1220 = EDGE_CURVE ( 'NONE', #1424, #1499, #883, .T. ) ;
#1221 = DIRECTION ( 'NONE',  ( -0.000000000000000000, 1.000000000000000000, -0.000000000000000000 ) ) ;
#1222 = ADVANCED_FACE ( 'NONE', ( #1230 ), #603, .F. ) ;
#1223 = VERTEX_POINT ( 'NONE', #1074 ) ;
#1224 = EDGE_CURVE ( 'NONE', #1789, #366, #1077, .T. ) ;
#1225 = ORIENTED_EDGE ( 'NONE', *, *, #713, .T. ) ;
#1226 = DIRECTION ( 'NONE',  ( -1.445602896647342614E-16, 1.000000000000000000, -0.000000000000000000 ) ) ;
#1227 = VERTEX_POINT ( 'NONE', #330 ) ;
#1228 = FACE_OUTER_BOUND ( 'NONE', #1966, .T. ) ;
#1229 = CARTESIAN_POINT ( 'NONE',  ( -6.000000000000000000, 2.000000000000021760, 0.000000000000000000 ) ) ;
#1230 = FACE_OUTER_BOUND ( 'NONE', #1199, .T. ) ;
#1231 = DIRECTION ( 'NONE',  ( -0.7071067811865492381, 0.7071067811865457964, 0.000000000000000000 ) ) ;
#1232 = FACE_OUTER_BOUND ( 'NONE', #1015, .T. ) ;
#1233 = PRODUCT_RELATED_PRODUCT_CATEGORY ( 'part', '', ( #640 ) ) ;
#1234 = EDGE_CURVE ( 'NONE', #1690, #652, #1438, .T. ) ;
#1235 = ORIENTED_EDGE ( 'NONE', *, *, #1432, .F. ) ;
#1236 = ORIENTED_EDGE ( 'NONE', *, *, #1293, .F. ) ;
#1237 = TOROIDAL_SURFACE ( 'NONE', #1684, 3.000000000000000000, 1.000000000000000000 ) ;
#1238 = CARTESIAN_POINT ( 'NONE',  ( 5.000000000000000888, 7.000000000000000888, 2.000000000000000000 ) ) ;
#1239 = LINE ( 'NONE', #935, #716 ) ;
#1240 = ORIENTED_EDGE ( 'NONE', *, *, #1325, .F. ) ;
#1241 = DIRECTION ( 'NONE',  ( 0.000000000000000000, 0.000000000000000000, 1.000000000000000000 ) ) ;
#1242 = DIRECTION ( 'NONE',  ( 1.000000000000000000, 0.000000000000000000, 0.000000000000000000 ) ) ;
#1243 = CIRCLE ( 'NONE', #36, 1.000000000000000000 ) ;
#1244 = ORIENTED_EDGE ( 'NONE', *, *, #1131, .T. ) ;
#1245 = EDGE_LOOP ( 'NONE', ( #1496, #948, #123, #322 ) ) ;
#1246 = ORIENTED_EDGE ( 'NONE', *, *, #806, .T. ) ;
#1247 = EDGE_CURVE ( 'NONE', #1457, #12, #484, .T. ) ;
#1248 = DIRECTION ( 'NONE',  ( 1.000000000000000000, 0.000000000000000000, 0.000000000000000000 ) ) ;
#1249 = DIRECTION ( 'NONE',  ( 1.000000000000000000, 0.000000000000000000, 0.000000000000000000 ) ) ;
#1250 = AXIS2_PLACEMENT_3D ( 'NONE', #1433, #242, #63 ) ;
#1251 = CARTESIAN_POINT ( 'NONE',  ( -2.999999999999986677, -1.000000000000000000, 3.000000000000000000 ) ) ;
#1252 = DIRECTION ( 'NONE',  ( -0.000000000000000000, -0.000000000000000000, -1.000000000000000000 ) ) ;
#1253 = VERTEX_POINT ( 'NONE', #774 ) ;
#1254 = ORIENTED_EDGE ( 'NONE', *, *, #296, .F. ) ;
#1255 = CYLINDRICAL_SURFACE ( 'NONE', #670, 0.9999999999999988898 ) ;
#1256 = FACE_OUTER_BOUND ( 'NONE', #274, .T. ) ;
#1257 = VERTEX_POINT ( 'NONE', #37 ) ;
#1258 = VECTOR ( 'NONE', #1585, 1000.000000000000000 ) ;
#1259 = VECTOR ( 'NONE', #31, 1000.000000000000000 ) ;
#1260 = ADVANCED_FACE ( 'NONE', ( #631 ), #96, .T. ) ;
#1261 = EDGE_CURVE ( 'NONE', #47, #230, #9, .T. ) ;
#1262 = DIRECTION ( 'NONE',  ( 0.000000000000000000, 0.000000000000000000, -1.000000000000000000 ) ) ;
#1263 = AXIS2_PLACEMENT_3D ( 'NONE', #1648, #1041, #737 ) ;
#1264 = SURFACE_STYLE_FILL_AREA ( #986 ) ;
#1265 = ORIENTED_EDGE ( 'NONE', *, *, #1909, .T. ) ;
#1266 = DIRECTION ( 'NONE',  ( 1.445602896647342614E-16, -1.000000000000000000, -0.000000000000000000 ) ) ;
#1267 = FACE_OUTER_BOUND ( 'NONE', #1062, .T. ) ;
#1268 = TOROIDAL_SURFACE ( 'NONE', #876, 2.999999999999998224, 1.000000000000000000 ) ;
#1269 = CIRCLE ( 'NONE', #1838, 2.000000000000000000 ) ;
#1270 = EDGE_CURVE ( 'NONE', #47, #758, #1075, .T. ) ;
#1271 = DIRECTION ( 'NONE',  ( 1.000000000000000000, 5.782411586589359611E-15, -0.000000000000000000 ) ) ;
#1272 = DIRECTION ( 'NONE',  ( -0.000000000000000000, -0.000000000000000000, -1.000000000000000000 ) ) ;
#1273 = ORIENTED_EDGE ( 'NONE', *, *, #52, .F. ) ;
#1274 =( GEOMETRIC_REPRESENTATION_CONTEXT ( 3 ) GLOBAL_UNCERTAINTY_ASSIGNED_CONTEXT ( ( #534 ) ) GLOBAL_UNIT_ASSIGNED_CONTEXT ( ( #282, #1630, #560 ) ) REPRESENTATION_CONTEXT ( 'NONE', 'WORKASPACE' ) );
#1275 = DIRECTION ( 'NONE',  ( 0.7071067811865479058, 0.7071067811865471286, -0.000000000000000000 ) ) ;
#1276 = DIRECTION ( 'NONE',  ( 0.000000000000000000, 1.000000000000000000, 0.000000000000000000 ) ) ;
#1277 = ORIENTED_EDGE ( 'NONE', *, *, #1084, .F. ) ;
#1278 = VECTOR ( 'NONE', #1226, 1000.000000000000000 ) ;
#1279 = CARTESIAN_POINT ( 'NONE',  ( 3.000000000000000444, 1.999999999999999556, 0.000000000000000000 ) ) ;
#1280 = EDGE_CURVE ( 'NONE', #479, #415, #1086, .T. ) ;
#1281 = AXIS2_PLACEMENT_3D ( 'NONE', #1204, #1937, #1025 ) ;
#1282 = ADVANCED_FACE ( 'NONE', ( #1522 ), #19, .F. ) ;
#1283 = ORIENTED_EDGE ( 'NONE', *, *, #1664, .F. ) ;
#1284 = DIRECTION ( 'NONE',  ( -1.000000000000000000, -1.445602896647342614E-16, 0.000000000000000000 ) ) ;
#1285 = DIRECTION ( 'NONE',  ( -0.000000000000000000, -1.000000000000000000, -0.000000000000000000 ) ) ;
#1286 = DIRECTION ( 'NONE',  ( 0.000000000000000000, 0.000000000000000000, -1.000000000000000000 ) ) ;
#1287 = VECTOR ( 'NONE', #160, 1000.000000000000000 ) ;
#1288 = CARTESIAN_POINT ( 'NONE',  ( -13.99999999999999112, -63.34314575050758833, 3.000000000000000000 ) ) ;
#1289 = DIRECTION ( 'NONE',  ( 0.000000000000000000, 0.000000000000000000, 1.000000000000000000 ) ) ;
#1290 = VERTEX_POINT ( 'NONE', #1708 ) ;
#1291 = AXIS2_PLACEMENT_3D ( 'NONE', #1149, #548, #965 ) ;
#1292 = ORIENTED_EDGE ( 'NONE', *, *, #425, .F. ) ;
#1293 = EDGE_CURVE ( 'NONE', #208, #1499, #1874, .T. ) ;
#1294 = CARTESIAN_POINT ( 'NONE',  ( 15.00000000000000000, 6.000000000000001776, 2.000000000000000000 ) ) ;
#1295 = DIRECTION ( 'NONE',  ( 0.000000000000000000, 0.000000000000000000, 1.000000000000000000 ) ) ;
#1296 = AXIS2_PLACEMENT_3D ( 'NONE', #294, #1938, #1348 ) ;
#1297 = ORIENTED_EDGE ( 'NONE', *, *, #1830, .F. ) ;
#1298 = DIRECTION ( 'NONE',  ( -1.215760433415192867E-16, 1.000000000000000000, 0.000000000000000000 ) ) ;
#1299 = LINE ( 'NONE', #1434, #555 ) ;
#1300 = ORIENTED_EDGE ( 'NONE', *, *, #1693, .F. ) ;
#1301 = CARTESIAN_POINT ( 'NONE',  ( 12.99999999999998579, 10.00000000000000000, 1.000000000000000000 ) ) ;
#1302 = FACE_OUTER_BOUND ( 'NONE', #552, .T. ) ;
#1303 = ADVANCED_FACE ( 'NONE', ( #307 ), #223, .T. ) ;
#1304 = ORIENTED_EDGE ( 'NONE', *, *, #166, .F. ) ;
#1305 = CARTESIAN_POINT ( 'NONE',  ( 7.077671781985372945E-15, -71.51471862576140381, 3.000000000000000000 ) ) ;
#1306 = ORIENTED_EDGE ( 'NONE', *, *, #1830, .T. ) ;
#1307 = ORIENTED_EDGE ( 'NONE', *, *, #1385, .T. ) ;
#1308 = CARTESIAN_POINT ( 'NONE',  ( -13.00000000000000000, 8.000000000000000000, 3.000000000000000000 ) ) ;
#1309 = DIRECTION ( 'NONE',  ( -1.000000000000000000, -1.131160428604171613E-16, 0.000000000000000000 ) ) ;
#1310 = AXIS2_PLACEMENT_3D ( 'NONE', #1781, #554, #289 ) ;
#1311 = ORIENTED_EDGE ( 'NONE', *, *, #611, .T. ) ;
#1312 = CARTESIAN_POINT ( 'NONE',  ( -13.99999999999999112, -63.34314575050758833, 0.000000000000000000 ) ) ;
#1313 = CARTESIAN_POINT ( 'NONE',  ( 10.99999999999957545, 9.999999999999987566, 3.000000000000000000 ) ) ;
#1314 = ORIENTED_EDGE ( 'NONE', *, *, #245, .F. ) ;
#1315 = EDGE_CURVE ( 'NONE', #208, #1850, #376, .T. ) ;
#1316 = DIRECTION ( 'NONE',  ( -1.000000000000000000, 0.000000000000000000, 0.000000000000000000 ) ) ;
#1317 = EDGE_LOOP ( 'NONE', ( #1060, #1507, #299, #589, #1246 ) ) ;
#1318 = ORIENTED_EDGE ( 'NONE', *, *, #709, .F. ) ;
#1319 = CARTESIAN_POINT ( 'NONE',  ( 5.000000000000000888, 7.000000000000000888, 3.000000000000000000 ) ) ;
#1320 = CARTESIAN_POINT ( 'NONE',  ( -5.999999999999991118, -63.34314575050758833, 3.000000000000000000 ) ) ;
#1321 = DIRECTION ( 'NONE',  ( 1.000000000000000000, 1.215760433415192867E-16, -0.000000000000000000 ) ) ;
#1322 = DIRECTION ( 'NONE',  ( 0.000000000000000000, 0.000000000000000000, -1.000000000000000000 ) ) ;
#1323 = CARTESIAN_POINT ( 'NONE',  ( 15.00000000000000000, 7.000000000000001776, 2.000000000000000000 ) ) ;
#1324 = ORIENTED_EDGE ( 'NONE', *, *, #519, .T. ) ;
#1325 = EDGE_CURVE ( 'NONE', #1850, #1367, #190, .T. ) ;
#1326 = AXIS2_PLACEMENT_3D ( 'NONE', #1217, #627, #324 ) ;
#1327 = AXIS2_PLACEMENT_3D ( 'NONE', #209, #1896, #1113 ) ;
#1328 = ORIENTED_EDGE ( 'NONE', *, *, #27, .T. ) ;
#1329 = CARTESIAN_POINT ( 'NONE',  ( -2.999999999999986677, 0.000000000000000000, 4.000000000000000000 ) ) ;
#1330 = DIRECTION ( 'NONE',  ( -0.000000000000000000, -0.000000000000000000, -1.000000000000000000 ) ) ;
#1331 = CARTESIAN_POINT ( 'NONE',  ( -13.00000000000000000, 10.00000000000000000, 1.000000000000000000 ) ) ;
#1332 = DIRECTION ( 'NONE',  ( 1.000000000000000000, 0.000000000000000000, 0.000000000000000000 ) ) ;
#1333 = ORIENTED_EDGE ( 'NONE', *, *, #1898, .F. ) ;
#1334 = CARTESIAN_POINT ( 'NONE',  ( -5.999999999999991118, -63.34314575050758833, 0.000000000000000000 ) ) ;
#1335 = AXIS2_PLACEMENT_3D ( 'NONE', #316, #1964, #1058 ) ;
#1336 = CARTESIAN_POINT ( 'NONE',  ( -15.00000000000000178, 8.000000000000000000, 4.000000000000000000 ) ) ;
#1337 = ORIENTED_EDGE ( 'NONE', *, *, #365, .T. ) ;
#1338 = EDGE_CURVE ( 'NONE', #1546, #1918, #1143, .T. ) ;
#1339 = ORIENTED_EDGE ( 'NONE', *, *, #1910, .T. ) ;
#1340 = AXIS2_PLACEMENT_3D ( 'NONE', #867, #1170, #898 ) ;
#1341 = DIRECTION ( 'NONE',  ( 0.000000000000000000, -1.000000000000000000, 0.000000000000000000 ) ) ;
#1342 = CARTESIAN_POINT ( 'NONE',  ( -15.00000000000000000, 6.999999999999998224, 2.000000000000000000 ) ) ;
#1343 = EDGE_CURVE ( 'NONE', #1253, #475, #470, .T. ) ;
#1344 = DIRECTION ( 'NONE',  ( 0.000000000000000000, -1.000000000000000000, 0.000000000000000000 ) ) ;
#1345 = DIRECTION ( 'NONE',  ( 0.000000000000000000, 0.000000000000000000, 1.000000000000000000 ) ) ;
#1346 = ORIENTED_EDGE ( 'NONE', *, *, #77, .T. ) ;
#1347 = APPLICATION_PROTOCOL_DEFINITION ( 'draft international standard', 'automotive_design', 1998, #1954 ) ;
#1348 = DIRECTION ( 'NONE',  ( 0.000000000000000000, 0.000000000000000000, 1.000000000000000000 ) ) ;
#1349 = ORIENTED_EDGE ( 'NONE', *, *, #1919, .F. ) ;
#1350 = ORIENTED_EDGE ( 'NONE', *, *, #612, .F. ) ;
#1351 = TOROIDAL_SURFACE ( 'NONE', #587, 2.999999999999998224, 1.000000000000000000 ) ;
#1352 = CIRCLE ( 'NONE', #1953, 1.000000000000000222 ) ;
#1353 = CARTESIAN_POINT ( 'NONE',  ( 11.00000000000000000, -1.000000000000000888, 3.000000000000000000 ) ) ;
#1354 = CARTESIAN_POINT ( 'NONE',  ( 11.00000000000000000, 9.000000000000007105, 3.000000000000000000 ) ) ;
#1355 = EDGE_CURVE ( 'NONE', #1928, #467, #1470, .T. ) ;
#1356 = EDGE_CURVE ( 'NONE', #103, #801, #1243, .T. ) ;
#1357 = CYLINDRICAL_SURFACE ( 'NONE', #762, 6.000000000000003553 ) ;
#1358 = CARTESIAN_POINT ( 'NONE',  ( 11.00000000000000000, -1.000000000000000888, 0.000000000000000000 ) ) ;
#1359 = AXIS2_PLACEMENT_3D ( 'NONE', #211, #1440, #1286 ) ;
#1360 =( NAMED_UNIT ( * ) SI_UNIT ( $, .STERADIAN. ) SOLID_ANGLE_UNIT ( ) );
#1361 = LINE ( 'NONE', #1336, #524 ) ;
#1362 = CIRCLE ( 'NONE', #1296, 1.000000000000000000 ) ;
#1363 = AXIS2_PLACEMENT_3D ( 'NONE', #789, #760, #1562 ) ;
#1364 = ORIENTED_EDGE ( 'NONE', *, *, #1234, .T. ) ;
#1365 = AXIS2_PLACEMENT_3D ( 'NONE', #1613, #95, #1464 ) ;
#1366 = LINE ( 'NONE', #1831, #411 ) ;
#1367 = VERTEX_POINT ( 'NONE', #1847 ) ;
#1368 = DIRECTION ( 'NONE',  ( 0.000000000000000000, 0.000000000000000000, 1.000000000000000000 ) ) ;
#1369 = CARTESIAN_POINT ( 'NONE',  ( 13.99999999999999822, 8.000000000000000000, 3.000000000000000000 ) ) ;
#1370 = EDGE_CURVE ( 'NONE', #531, #158, #44, .T. ) ;
#1371 = DIRECTION ( 'NONE',  ( 1.000000000000000000, 0.000000000000000000, 0.000000000000000000 ) ) ;
#1372 = LINE ( 'NONE', #610, #1627 ) ;
#1373 = AXIS2_PLACEMENT_3D ( 'NONE', #939, #1098, #1231 ) ;
#1374 = LINE ( 'NONE', #270, #165 ) ;
#1375 = ORIENTED_EDGE ( 'NONE', *, *, #1579, .T. ) ;
#1376 = CARTESIAN_POINT ( 'NONE',  ( -13.99999999999999112, -63.34314575050758833, 4.000000000000000000 ) ) ;
#1377 = ORIENTED_EDGE ( 'NONE', *, *, #1519, .T. ) ;
#1378 = CIRCLE ( 'NONE', #1880, 6.000000000000003553 ) ;
#1379 = AXIS2_PLACEMENT_3D ( 'NONE', #637, #489, #451 ) ;
#1380 = ORIENTED_EDGE ( 'NONE', *, *, #41, .F. ) ;
#1381 = DIRECTION ( 'NONE',  ( 0.000000000000000000, 0.000000000000000000, -1.000000000000000000 ) ) ;
#1382 = DIRECTION ( 'NONE',  ( 0.000000000000000000, 1.000000000000000000, 0.000000000000000000 ) ) ;
#1383 = CIRCLE ( 'NONE', #701, 1.000000000000000000 ) ;
#1384 = DIRECTION ( 'NONE',  ( 0.000000000000000000, 0.000000000000000000, 1.000000000000000000 ) ) ;
#1385 = EDGE_CURVE ( 'NONE', #1723, #467, #1599, .T. ) ;
#1386 = CARTESIAN_POINT ( 'NONE',  ( 5.000000000000000000, 2.000000000000014211, 4.000000000000000000 ) ) ;
#1387 = DIRECTION ( 'NONE',  ( 0.000000000000000000, 0.000000000000000000, -1.000000000000000000 ) ) ;
#1388 = ORIENTED_EDGE ( 'NONE', *, *, #312, .T. ) ;
#1389 = ORIENTED_EDGE ( 'NONE', *, *, #457, .T. ) ;
#1390 = CARTESIAN_POINT ( 'NONE',  ( 13.12132034355964372, -65.46446609406721961, 1.000000000000000000 ) ) ;
#1391 = DIRECTION ( 'NONE',  ( 1.000000000000000000, 0.000000000000000000, 0.000000000000000000 ) ) ;
#1392 = ORIENTED_EDGE ( 'NONE', *, *, #1006, .F. ) ;
#1393 = CARTESIAN_POINT ( 'NONE',  ( -14.00000000000000178, 8.000000000000000000, 1.000000000000000000 ) ) ;
#1394 = EDGE_CURVE ( 'NONE', #230, #1290, #1374, .T. ) ;
#1395 = AXIS2_PLACEMENT_3D ( 'NONE', #253, #414, #1503 ) ;
#1396 = CARTESIAN_POINT ( 'NONE',  ( 6.000000000000000000, 7.999999999999965361, 0.000000000000000000 ) ) ;
#1397 = ORIENTED_EDGE ( 'NONE', *, *, #1728, .F. ) ;
#1398 = ORIENTED_EDGE ( 'NONE', *, *, #296, .T. ) ;
#1399 = ORIENTED_EDGE ( 'NONE', *, *, #1808, .F. ) ;
#1400 = CIRCLE ( 'NONE', #841, 1.000000000000000888 ) ;
#1401 = CARTESIAN_POINT ( 'NONE',  ( 6.999999999999993783, 8.999999999999966249, 4.000000000000000000 ) ) ;
#1402 = DIRECTION ( 'NONE',  ( 0.000000000000000000, -1.000000000000000000, 0.000000000000000000 ) ) ;
#1403 = DIRECTION ( 'NONE',  ( 0.000000000000000000, 0.000000000000000000, 1.000000000000000000 ) ) ;
#1404 = VECTOR ( 'NONE', #110, 1000.000000000000000 ) ;
#1405 = CARTESIAN_POINT ( 'NONE',  ( -13.82842712474617564, -66.17157287525378706, 1.000000000000000000 ) ) ;
#1406 = AXIS2_PLACEMENT_3D ( 'NONE', #903, #949, #1565 ) ;
#1407 = ORIENTED_EDGE ( 'NONE', *, *, #924, .T. ) ;
#1408 = ORIENTED_EDGE ( 'NONE', *, *, #1280, .T. ) ;
#1409 = ADVANCED_FACE ( 'NONE', ( #1773 ), #1472, .T. ) ;
#1410 = DIRECTION ( 'NONE',  ( -0.7071067811865492381, -0.7071067811865457964, 0.000000000000000000 ) ) ;
#1411 = EDGE_CURVE ( 'NONE', #461, #566, #879, .T. ) ;
#1412 = LINE ( 'NONE', #780, #1494 ) ;
#1413 = EDGE_LOOP ( 'NONE', ( #468, #1560, #92 ) ) ;
#1414 = AXIS2_PLACEMENT_3D ( 'NONE', #682, #1295, #798 ) ;
#1415 = DIRECTION ( 'NONE',  ( -1.000000000000000000, -1.445602896647342614E-16, 0.000000000000000000 ) ) ;
#1416 = LINE ( 'NONE', #224, #994 ) ;
#1417 = ORIENTED_EDGE ( 'NONE', *, *, #374, .T. ) ;
#1418 = ORIENTED_EDGE ( 'NONE', *, *, #1261, .F. ) ;
#1419 = CARTESIAN_POINT ( 'NONE',  ( 6.999999999999987566, 9.999999999999966249, 4.000000000000000000 ) ) ;
#1420 = LINE ( 'NONE', #357, #1722 ) ;
#1421 = ADVANCED_FACE ( 'NONE', ( #1649 ), #1195, .F. ) ;
#1422 = CARTESIAN_POINT ( 'NONE',  ( 12.99999999999999822, 8.000000000000000000, 0.000000000000000000 ) ) ;
#1423 = CARTESIAN_POINT ( 'NONE',  ( -5.000000000000000888, 5.999999999999999112, 2.000000000000000000 ) ) ;
#1424 = VERTEX_POINT ( 'NONE', #1501 ) ;
#1425 = DIRECTION ( 'NONE',  ( -0.000000000000000000, -0.000000000000000000, -1.000000000000000000 ) ) ;
#1426 = DIRECTION ( 'NONE',  ( 0.000000000000000000, 0.000000000000000000, 1.000000000000000000 ) ) ;
#1427 = VECTOR ( 'NONE', #586, 1000.000000000000000 ) ;
#1428 = AXIS2_PLACEMENT_3D ( 'NONE', #384, #817, #359 ) ;
#1429 = ORIENTED_EDGE ( 'NONE', *, *, #583, .F. ) ;
#1430 = CIRCLE ( 'NONE', #464, 1.000000000000000000 ) ;
#1431 = ADVANCED_FACE ( 'NONE', ( #1935 ), #1055, .T. ) ;
#1432 = EDGE_CURVE ( 'NONE', #417, #1029, #109, .T. ) ;
#1433 = CARTESIAN_POINT ( 'NONE',  ( 13.99999999999999822, 8.000000000000000000, 1.000000000000000000 ) ) ;
#1434 = CARTESIAN_POINT ( 'NONE',  ( -2.121320343559653931, -76.46446609406723383, 4.000000000000000000 ) ) ;
#1435 = ORIENTED_EDGE ( 'NONE', *, *, #542, .T. ) ;
#1436 = CYLINDRICAL_SURFACE ( 'NONE', #1611, 1.000000000000000888 ) ;
#1437 = CARTESIAN_POINT ( 'NONE',  ( 15.00000000000000000, -63.34314575050758833, 3.000000000000000000 ) ) ;
#1438 = CIRCLE ( 'NONE', #1933, 1.000000000000000000 ) ;
#1439 = CIRCLE ( 'NONE', #68, 1.000000000000000000 ) ;
#1440 = DIRECTION ( 'NONE',  ( 1.000000000000000000, 0.000000000000000000, -0.000000000000000000 ) ) ;
#1441 = AXIS2_PLACEMENT_3D ( 'NONE', #183, #1076, #776 ) ;
#1442 = CIRCLE ( 'NONE', #1790, 0.9999999999999994449 ) ;
#1443 = DIRECTION ( 'NONE',  ( 0.7071067811865492381, 0.7071067811865457964, 0.000000000000000000 ) ) ;
#1444 = EDGE_CURVE ( 'NONE', #1928, #843, #982, .T. ) ;
#1445 = EDGE_CURVE ( 'NONE', #240, #872, #1671, .T. ) ;
#1446 = CARTESIAN_POINT ( 'NONE',  ( 2.999999999999978240, -1.000000000000000000, 0.000000000000000000 ) ) ;
#1447 = AXIS2_PLACEMENT_3D ( 'NONE', #1889, #1426, #978 ) ;
#1448 = ORIENTED_EDGE ( 'NONE', *, *, #1519, .F. ) ;
#1449 = DIRECTION ( 'NONE',  ( -1.000000000000000000, -5.204170427930426016E-15, 0.000000000000000000 ) ) ;
#1450 = VERTEX_POINT ( 'NONE', #1629 ) ;
#1451 = CARTESIAN_POINT ( 'NONE',  ( 11.00000000000000000, 0.000000000000000000, 3.000000000000000000 ) ) ;
#1452 = AXIS2_PLACEMENT_3D ( 'NONE', #1125, #1136, #669 ) ;
#1453 = VECTOR ( 'NONE', #1905, 1000.000000000000000 ) ;
#1454 = DIRECTION ( 'NONE',  ( 0.000000000000000000, 0.000000000000000000, 1.000000000000000000 ) ) ;
#1455 = ADVANCED_FACE ( 'NONE', ( #1798 ), #738, .F. ) ;
#1456 = ORIENTED_EDGE ( 'NONE', *, *, #806, .F. ) ;
#1457 = VERTEX_POINT ( 'NONE', #1923 ) ;
#1458 = DIRECTION ( 'NONE',  ( 0.000000000000000000, -1.000000000000000000, 0.000000000000000000 ) ) ;
#1459 = CYLINDRICAL_SURFACE ( 'NONE', #75, 0.9999999999999985567 ) ;
#1460 = AXIS2_PLACEMENT_3D ( 'NONE', #1788, #1776, #731 ) ;
#1461 = ORIENTED_EDGE ( 'NONE', *, *, #723, .T. ) ;
#1462 = CIRCLE ( 'NONE', #1363, 1.000000000000000000 ) ;
#1463 = DIRECTION ( 'NONE',  ( 0.000000000000000000, 1.000000000000000000, 0.000000000000000000 ) ) ;
#1464 = DIRECTION ( 'NONE',  ( -1.000000000000000000, 0.000000000000000000, 0.000000000000000000 ) ) ;
#1465 = DIRECTION ( 'NONE',  ( -1.000000000000000000, 0.000000000000000000, 0.000000000000000000 ) ) ;
#1466 = DIRECTION ( 'NONE',  ( 0.000000000000000000, -1.000000000000000000, 0.000000000000000000 ) ) ;
#1467 = EDGE_CURVE ( 'NONE', #287, #1227, #1589, .T. ) ;
#1468 = PRODUCT_DEFINITION ( 'UNKNOWN', '', #564, #827 ) ;
#1469 = EDGE_CURVE ( 'NONE', #826, #103, #462, .T. ) ;
#1470 = CIRCLE ( 'NONE', #1013, 1.000000000000000000 ) ;
#1471 = LINE ( 'NONE', #1312, #1717 ) ;
#1472 = CYLINDRICAL_SURFACE ( 'NONE', #326, 3.999999999999998224 ) ;
#1473 = DIRECTION ( 'NONE',  ( -1.000000000000000000, -1.131160428604171613E-16, -0.000000000000000000 ) ) ;
#1474 = VECTOR ( 'NONE', #917, 1000.000000000000000 ) ;
#1475 = ORIENTED_EDGE ( 'NONE', *, *, #845, .F. ) ;
#1476 = FACE_OUTER_BOUND ( 'NONE', #88, .T. ) ;
#1477 = DIRECTION ( 'NONE',  ( -0.000000000000000000, -0.000000000000000000, -1.000000000000000000 ) ) ;
#1478 = TOROIDAL_SURFACE ( 'NONE', #1414, 2.999999999999998224, 1.000000000000000000 ) ;
#1479 = FACE_OUTER_BOUND ( 'NONE', #545, .T. ) ;
#1480 = CARTESIAN_POINT ( 'NONE',  ( -5.000000000000000888, 6.999999999999999112, 2.000000000000000000 ) ) ;
#1481 = EDGE_CURVE ( 'NONE', #1902, #747, #1171, .T. ) ;
#1482 = SURFACE_STYLE_FILL_AREA ( #1186 ) ;
#1483 = CARTESIAN_POINT ( 'NONE',  ( 13.82842712474618097, -66.17157287525378706, 1.000000000000000000 ) ) ;
#1484 = EDGE_LOOP ( 'NONE', ( #1876, #1475, #1407, #885 ) ) ;
#1485 = ORIENTED_EDGE ( 'NONE', *, *, #421, .F. ) ;
#1486 = CARTESIAN_POINT ( 'NONE',  ( -15.00000000000000000, 6.999999999999998224, 2.000000000000000000 ) ) ;
#1487 = CARTESIAN_POINT ( 'NONE',  ( -15.00000000000000000, 6.999999999999998224, 1.000000000000000000 ) ) ;
#1488 = CARTESIAN_POINT ( 'NONE',  ( -10.99999999999999289, -63.34314575050758833, 4.000000000000000000 ) ) ;
#1489 = DIRECTION ( 'NONE',  ( 1.000000000000000000, 0.000000000000000000, 0.000000000000000000 ) ) ;
#1490 = EDGE_CURVE ( 'NONE', #537, #1450, #1162, .T. ) ;
#1491 = PRODUCT_CONTEXT ( 'NONE', #692, 'mechanical' ) ;
#1492 = CARTESIAN_POINT ( 'NONE',  ( 3.535533905932774612, -75.05025253169411315, 0.000000000000000000 ) ) ;
#1493 = ORIENTED_EDGE ( 'NONE', *, *, #166, .T. ) ;
#1494 = VECTOR ( 'NONE', #1402, 1000.000000000000000 ) ;
#1495 = ADVANCED_FACE ( 'NONE', ( #859 ), #120, .T. ) ;
#1496 = ORIENTED_EDGE ( 'NONE', *, *, #832, .F. ) ;
#1497 = DIRECTION ( 'NONE',  ( -0.000000000000000000, -0.000000000000000000, -1.000000000000000000 ) ) ;
#1498 = DIRECTION ( 'NONE',  ( -0.000000000000000000, -0.000000000000000000, -1.000000000000000000 ) ) ;
#1499 = VERTEX_POINT ( 'NONE', #601 ) ;
#1500 = FACE_OUTER_BOUND ( 'NONE', #84, .T. ) ;
#1501 = CARTESIAN_POINT ( 'NONE',  ( 15.00000000000000000, -63.34314575050755991, 3.000000000000000000 ) ) ;
#1502 = AXIS2_PLACEMENT_3D ( 'NONE', #1835, #764, #17 ) ;
#1503 = DIRECTION ( 'NONE',  ( 1.445602896647342614E-16, -1.000000000000000000, 0.000000000000000000 ) ) ;
#1504 = ORIENTED_EDGE ( 'NONE', *, *, #1782, .F. ) ;
#1505 = VECTOR ( 'NONE', #1026, 1000.000000000000000 ) ;
#1506 = ADVANCED_FACE ( 'NONE', ( #1042 ), #890, .F. ) ;
#1507 = ORIENTED_EDGE ( 'NONE', *, *, #1261, .T. ) ;
#1508 = DIRECTION ( 'NONE',  ( 1.000000000000000000, 0.000000000000000000, -0.000000000000000000 ) ) ;
#1509 = CARTESIAN_POINT ( 'NONE',  ( 4.242640687119327403, -75.75735931288066638, 1.000000000000000000 ) ) ;
#1510 = AXIS2_PLACEMENT_3D ( 'NONE', #866, #1771, #1169 ) ;
#1511 = DIRECTION ( 'NONE',  ( 1.000000000000000000, 0.000000000000000000, 0.000000000000000000 ) ) ;
#1512 = CARTESIAN_POINT ( 'NONE',  ( 15.00000000000000000, 7.000000000000001776, 2.000000000000000000 ) ) ;
#1513 = SURFACE_STYLE_USAGE ( .BOTH. , #901 ) ;
#1514 = FACE_OUTER_BOUND ( 'NONE', #1123, .T. ) ;
#1515 = VERTEX_POINT ( 'NONE', #445 ) ;
#1516 = EDGE_LOOP ( 'NONE', ( #1188, #704, #486, #332 ) ) ;
#1517 = CIRCLE ( 'NONE', #1713, 1.000000000000000000 ) ;
#1518 = FACE_OUTER_BOUND ( 'NONE', #29, .T. ) ;
#1519 = EDGE_CURVE ( 'NONE', #404, #540, #699, .T. ) ;
#1520 = CARTESIAN_POINT ( 'NONE',  ( 6.000000000000000000, 1.999999999999999556, 3.000000000000000000 ) ) ;
#1521 = CARTESIAN_POINT ( 'NONE',  ( -3.000000000000000444, 2.000000000000000000, 3.000000000000000000 ) ) ;
#1522 = FACE_OUTER_BOUND ( 'NONE', #1137, .T. ) ;
#1523 = AXIS2_PLACEMENT_3D ( 'NONE', #1206, #1158, #1816 ) ;
#1524 = ORIENTED_EDGE ( 'NONE', *, *, #611, .F. ) ;
#1525 = ORIENTED_EDGE ( 'NONE', *, *, #1886, .T. ) ;
#1526 = VECTOR ( 'NONE', #386, 1000.000000000000000 ) ;
#1527 = DIRECTION ( 'NONE',  ( -0.7071067811865471286, 0.7071067811865479058, 0.000000000000000000 ) ) ;
#1528 = EDGE_LOOP ( 'NONE', ( #712, #1930, #1817, #1946 ) ) ;
#1529 = CARTESIAN_POINT ( 'NONE',  ( -2.999999999999986677, 0.000000000000000000, 1.000000000000000000 ) ) ;
#1530 = CARTESIAN_POINT ( 'NONE',  ( 7.077671781985372945E-15, -71.51471862576140381, 1.000000000000000000 ) ) ;
#1531 = EDGE_CURVE ( 'NONE', #1177, #1457, #1081, .T. ) ;
#1532 = ADVANCED_FACE ( 'NONE', ( #460 ), #214, .T. ) ;
#1533 = DIRECTION ( 'NONE',  ( 0.000000000000000000, 0.000000000000000000, 1.000000000000000000 ) ) ;
#1534 = VECTOR ( 'NONE', #496, 1000.000000000000000 ) ;
#1535 = DIRECTION ( 'NONE',  ( 1.000000000000000000, 0.000000000000000000, 0.000000000000000000 ) ) ;
#1536 = CARTESIAN_POINT ( 'NONE',  ( 7.077671781985372945E-15, -71.51471862576140381, 3.000000000000000000 ) ) ;
#1537 = VERTEX_POINT ( 'NONE', #1229 ) ;
#1538 = ORIENTED_EDGE ( 'NONE', *, *, #383, .F. ) ;
#1539 = AXIS2_PLACEMENT_3D ( 'NONE', #1803, #1931, #567 ) ;
#1540 = TOROIDAL_SURFACE ( 'NONE', #574, 1.000000000000000888, 1.000000000000000000 ) ;
#1541 = CARTESIAN_POINT ( 'NONE',  ( -15.00000000000000000, 8.000000000000000000, 2.000000000000000000 ) ) ;
#1542 = CARTESIAN_POINT ( 'NONE',  ( 11.00000000000000000, -63.34314575050758833, 3.000000000000000000 ) ) ;
#1543 = ORIENTED_EDGE ( 'NONE', *, *, #983, .F. ) ;
#1544 = EDGE_CURVE ( 'NONE', #1257, #1223, #638, .T. ) ;
#1545 = VECTOR ( 'NONE', #90, 1000.000000000000000 ) ;
#1546 = VERTEX_POINT ( 'NONE', #2 ) ;
#1547 = DIRECTION ( 'NONE',  ( 0.000000000000000000, 0.000000000000000000, 1.000000000000000000 ) ) ;
#1548 = CARTESIAN_POINT ( 'NONE',  ( -6.000000000000000000, 2.000000000000014211, 1.000000000000000000 ) ) ;
#1549 = ORIENTED_EDGE ( 'NONE', *, *, #1872, .T. ) ;
#1550 = AXIS2_PLACEMENT_3D ( 'NONE', #1536, #767, #1242 ) ;
#1551 = ORIENTED_EDGE ( 'NONE', *, *, #365, .F. ) ;
#1552 = CARTESIAN_POINT ( 'NONE',  ( -7.000000000000000000, 8.000000000000000000, 1.000000000000000000 ) ) ;
#1553 = LINE ( 'NONE', #750, #1837 ) ;
#1554 = AXIS2_PLACEMENT_3D ( 'NONE', #600, #1628, #1344 ) ;
#1555 = ADVANCED_FACE ( 'NONE', ( #452 ), #315, .T. ) ;
#1556 = CIRCLE ( 'NONE', #189, 1.000000000000000000 ) ;
#1557 = CARTESIAN_POINT ( 'NONE',  ( 15.00000000000000000, -63.34314575050758833, 3.000000000000000000 ) ) ;
#1558 = EDGE_LOOP ( 'NONE', ( #148, #1093, #1161, #1307, #980 ) ) ;
#1559 = ORIENTED_EDGE ( 'NONE', *, *, #1234, .F. ) ;
#1560 = ORIENTED_EDGE ( 'NONE', *, *, #735, .T. ) ;
#1561 = FACE_OUTER_BOUND ( 'NONE', #1099, .T. ) ;
#1562 = DIRECTION ( 'NONE',  ( 0.000000000000000000, 0.000000000000000000, -1.000000000000000000 ) ) ;
#1563 = ORIENTED_EDGE ( 'NONE', *, *, #1270, .T. ) ;
#1564 = ORIENTED_EDGE ( 'NONE', *, *, #1731, .F. ) ;
#1565 = DIRECTION ( 'NONE',  ( 1.000000000000000000, 0.000000000000000000, 0.000000000000000000 ) ) ;
#1566 = AXIS2_PLACEMENT_3D ( 'NONE', #710, #1787, #446 ) ;
#1567 = FACE_OUTER_BOUND ( 'NONE', #438, .T. ) ;
#1568 = EDGE_CURVE ( 'NONE', #518, #1177, #1462, .T. ) ;
#1569 = ADVANCED_FACE ( 'NONE', ( #647 ), #1692, .F. ) ;
#1570 = VERTEX_POINT ( 'NONE', #1716 ) ;
#1571 = ORIENTED_EDGE ( 'NONE', *, *, #1467, .T. ) ;
#1572 = DIRECTION ( 'NONE',  ( 0.000000000000000000, 0.000000000000000000, -1.000000000000000000 ) ) ;
#1573 = LINE ( 'NONE', #228, #793 ) ;
#1574 = ORIENTED_EDGE ( 'NONE', *, *, #981, .F. ) ;
#1575 = AXIS2_PLACEMENT_3D ( 'NONE', #1958, #1498, #846 ) ;
#1576 = CARTESIAN_POINT ( 'NONE',  ( -2.121320343559653931, -76.46446609406723383, 1.000000000000000000 ) ) ;
#1577 = CARTESIAN_POINT ( 'NONE',  ( -13.00000000000000000, 9.000000000000001776, 0.000000000000000000 ) ) ;
#1578 = EDGE_LOOP ( 'NONE', ( #1859, #683, #1768, #1661 ) ) ;
#1579 = EDGE_CURVE ( 'NONE', #877, #1546, #1239, .T. ) ;
#1580 = CARTESIAN_POINT ( 'NONE',  ( -4.999999999999990230, -63.34314575050758833, 3.000000000000000000 ) ) ;
#1581 = DIRECTION ( 'NONE',  ( -0.000000000000000000, -0.000000000000000000, -1.000000000000000000 ) ) ;
#1582 = EDGE_CURVE ( 'NONE', #616, #877, #1553, .T. ) ;
#1583 = CYLINDRICAL_SURFACE ( 'NONE', #1359, 1.000000000000000000 ) ;
#1584 = DIRECTION ( 'NONE',  ( 1.000000000000000000, 1.215760433415192867E-16, -0.000000000000000000 ) ) ;
#1585 = DIRECTION ( 'NONE',  ( -0.000000000000000000, 1.000000000000000000, -0.000000000000000000 ) ) ;
#1586 = ORIENTED_EDGE ( 'NONE', *, *, #1315, .T. ) ;
#1587 = LINE ( 'NONE', #663, #556 ) ;
#1588 = LINE ( 'NONE', #689, #1201 ) ;
#1589 = CIRCLE ( 'NONE', #494, 2.000000000000000000 ) ;
#1590 = CARTESIAN_POINT ( 'NONE',  ( 15.00000000000000000, 8.000000000000000000, 1.000000000000000000 ) ) ;
#1591 = CIRCLE ( 'NONE', #1005, 1.000000000000000888 ) ;
#1592 = ADVANCED_FACE ( 'NONE', ( #1704 ), #1237, .T. ) ;
#1593 = EDGE_CURVE ( 'NONE', #1101, #518, #1412, .T. ) ;
#1594 = DIRECTION ( 'NONE',  ( 0.7071067811865466846, -0.7071067811865483499, 0.000000000000000000 ) ) ;
#1595 = ORIENTED_EDGE ( 'NONE', *, *, #1853, .F. ) ;
#1596 = ORIENTED_EDGE ( 'NONE', *, *, #259, .T. ) ;
#1597 = LINE ( 'NONE', #988, #1453 ) ;
#1598 = CARTESIAN_POINT ( 'NONE',  ( 5.000000000000000000, 1.999999999999999556, 4.000000000000000000 ) ) ;
#1599 = CIRCLE ( 'NONE', #1174, 2.000000000000000000 ) ;
#1600 = CIRCLE ( 'NONE', #1848, 1.000000000000000888 ) ;
#1601 = EDGE_LOOP ( 'NONE', ( #1120, #847, #392, #113 ) ) ;
#1602 = EDGE_CURVE ( 'NONE', #872, #671, #368, .T. ) ;
#1603 = DIRECTION ( 'NONE',  ( -0.000000000000000000, -0.000000000000000000, -1.000000000000000000 ) ) ;
#1604 =( NAMED_UNIT ( * ) PLANE_ANGLE_UNIT ( ) SI_UNIT ( $, .RADIAN. ) );
#1605 = ORIENTED_EDGE ( 'NONE', *, *, #1961, .F. ) ;
#1606 = CYLINDRICAL_SURFACE ( 'NONE', #1685, 1.000000000000000000 ) ;
#1607 = DIRECTION ( 'NONE',  ( 0.000000000000000000, -1.000000000000000000, 0.000000000000000000 ) ) ;
#1608 = ORIENTED_EDGE ( 'NONE', *, *, #41, .T. ) ;
#1609 = ORIENTED_EDGE ( 'NONE', *, *, #52, .T. ) ;
#1610 = CIRCLE ( 'NONE', #936, 1.000000000000001110 ) ;
#1611 = AXIS2_PLACEMENT_3D ( 'NONE', #844, #977, #1465 ) ;
#1612 = CARTESIAN_POINT ( 'NONE',  ( 5.000000000000000888, 7.999999999999965361, 2.000000000000000000 ) ) ;
#1613 = CARTESIAN_POINT ( 'NONE',  ( 12.99999999999999822, 8.000000000000000000, 4.000000000000000000 ) ) ;
#1614 = EDGE_CURVE ( 'NONE', #1499, #1130, #1852, .T. ) ;
#1615 = EDGE_CURVE ( 'NONE', #99, #158, #1924, .T. ) ;
#1616 = VECTOR ( 'NONE', #1619, 1000.000000000000114 ) ;
#1617 = CARTESIAN_POINT ( 'NONE',  ( 6.000000000000000000, -63.34314575050758833, 3.000000000000000000 ) ) ;
#1618 = CARTESIAN_POINT ( 'NONE',  ( 15.00000000000000000, 8.000000000000000000, 4.000000000000000000 ) ) ;
#1619 = DIRECTION ( 'NONE',  ( -0.7071067811865465735, -0.7071067811865484609, -0.000000000000000000 ) ) ;
#1620 = AXIS2_PLACEMENT_3D ( 'NONE', #529, #371, #1879 ) ;
#1621 =( GEOMETRIC_REPRESENTATION_CONTEXT ( 3 ) GLOBAL_UNCERTAINTY_ASSIGNED_CONTEXT ( ( #6 ) ) GLOBAL_UNIT_ASSIGNED_CONTEXT ( ( #377, #1604, #830 ) ) REPRESENTATION_CONTEXT ( 'NONE', 'WORKASPACE' ) );
#1622 = DIRECTION ( 'NONE',  ( -7.372574772901430151E-15, -1.000000000000000000, 0.000000000000000000 ) ) ;
#1623 = ORIENTED_EDGE ( 'NONE', *, *, #1067, .F. ) ;
#1624 = PLANE ( 'NONE',  #262 ) ;
#1625 = ADVANCED_FACE ( 'NONE', ( #490 ), #1268, .T. ) ;
#1626 = FACE_OUTER_BOUND ( 'NONE', #787, .T. ) ;
#1627 = VECTOR ( 'NONE', #453, 1000.000000000000000 ) ;
#1628 = DIRECTION ( 'NONE',  ( -1.000000000000000000, -1.131160428604171613E-16, -0.000000000000000000 ) ) ;
#1629 = CARTESIAN_POINT ( 'NONE',  ( 2.999999999999985789, -1.000000000000000000, 4.000000000000000000 ) ) ;
#1630 =( NAMED_UNIT ( * ) PLANE_ANGLE_UNIT ( ) SI_UNIT ( $, .RADIAN. ) );
#1631 = FACE_OUTER_BOUND ( 'NONE', #286, .T. ) ;
#1632 = CIRCLE ( 'NONE', #761, 1.000000000000000222 ) ;
#1633 = ORIENTED_EDGE ( 'NONE', *, *, #1411, .F. ) ;
#1634 = AXIS2_PLACEMENT_3D ( 'NONE', #1488, #269, #1511 ) ;
#1635 = ORIENTED_EDGE ( 'NONE', *, *, #354, .T. ) ;
#1636 = DIRECTION ( 'NONE',  ( -1.445602896647342614E-16, 1.000000000000000000, -0.000000000000000000 ) ) ;
#1637 = CYLINDRICAL_SURFACE ( 'NONE', #43, 1.000000000000000000 ) ;
#1638 = VECTOR ( 'NONE', #268, 1000.000000000000000 ) ;
#1639 = EDGE_CURVE ( 'NONE', #1367, #1791, #25, .T. ) ;
#1640 = DIRECTION ( 'NONE',  ( 0.000000000000000000, -0.000000000000000000, -1.000000000000000000 ) ) ;
#1641 = DIRECTION ( 'NONE',  ( -1.000000000000000000, 0.000000000000000000, 0.000000000000000000 ) ) ;
#1642 = ADVANCED_FACE ( 'NONE', ( #1256 ), #1134, .T. ) ;
#1643 = CARTESIAN_POINT ( 'NONE',  ( -13.12132034355962773, -65.46446609406723383, 4.000000000000000000 ) ) ;
#1644 = ORIENTED_EDGE ( 'NONE', *, *, #1639, .F. ) ;
#1645 = ORIENTED_EDGE ( 'NONE', *, *, #1602, .F. ) ;
#1646 = LINE ( 'NONE', #886, #1164 ) ;
#1647 = DIRECTION ( 'NONE',  ( 1.000000000000000000, 0.000000000000000000, -0.000000000000000000 ) ) ;
#1648 = CARTESIAN_POINT ( 'NONE',  ( -6.000000000000000000, 2.000000000000021760, 3.000000000000000000 ) ) ;
#1649 = FACE_OUTER_BOUND ( 'NONE', #590, .T. ) ;
#1650 = EDGE_CURVE ( 'NONE', #1257, #1069, #1400, .T. ) ;
#1651 = EDGE_CURVE ( 'NONE', #475, #1546, #1748, .T. ) ;
#1652 = FACE_OUTER_BOUND ( 'NONE', #40, .T. ) ;
#1653 = ORIENTED_EDGE ( 'NONE', *, *, #509, .T. ) ;
#1654 = ORIENTED_EDGE ( 'NONE', *, *, #784, .F. ) ;
#1655 = EDGE_LOOP ( 'NONE', ( #1504, #1377, #449, #125 ) ) ;
#1656 = DIRECTION ( 'NONE',  ( 0.000000000000000000, 0.000000000000000000, 1.000000000000000000 ) ) ;
#1657 = DIRECTION ( 'NONE',  ( -0.000000000000000000, -0.000000000000000000, -1.000000000000000000 ) ) ;
#1658 = ORIENTED_EDGE ( 'NONE', *, *, #1873, .T. ) ;
#1659 = PLANE ( 'NONE',  #73 ) ;
#1660 = CARTESIAN_POINT ( 'NONE',  ( 11.00000000000000000, -63.34314575050758833, 0.000000000000000000 ) ) ;
#1661 = ORIENTED_EDGE ( 'NONE', *, *, #636, .F. ) ;
#1662 = CARTESIAN_POINT ( 'NONE',  ( 11.00000000000000000, -63.34314575050758833, 1.000000000000000000 ) ) ;
#1663 = ORIENTED_EDGE ( 'NONE', *, *, #1843, .F. ) ;
#1664 = EDGE_CURVE ( 'NONE', #960, #616, #1588, .T. ) ;
#1665 = ORIENTED_EDGE ( 'NONE', *, *, #1960, .T. ) ;
#1666 = CARTESIAN_POINT ( 'NONE',  ( -3.000000000000000444, 2.000000000000000000, 0.000000000000000000 ) ) ;
#1667 = CARTESIAN_POINT ( 'NONE',  ( 2.999999999999985789, 0.000000000000000000, 1.000000000000000000 ) ) ;
#1668 = ORIENTED_EDGE ( 'NONE', *, *, #345, .T. ) ;
#1669 = AXIS2_PLACEMENT_3D ( 'NONE', #568, #248, #1914 ) ;
#1670 = CARTESIAN_POINT ( 'NONE',  ( -13.00000000000000000, 9.000000000000001776, 4.000000000000000000 ) ) ;
#1671 = LINE ( 'NONE', #130, #973 ) ;
#1672 = LINE ( 'NONE', #1334, #64 ) ;
#1673 = CARTESIAN_POINT ( 'NONE',  ( -13.00000000000000000, 8.000000000000000000, 1.000000000000000000 ) ) ;
#1674 = ORIENTED_EDGE ( 'NONE', *, *, #1356, .F. ) ;
#1675 = ORIENTED_EDGE ( 'NONE', *, *, #633, .T. ) ;
#1676 = DIRECTION ( 'NONE',  ( 1.000000000000000000, 0.000000000000000000, 0.000000000000000000 ) ) ;
#1677 = EDGE_CURVE ( 'NONE', #540, #1791, #599, .T. ) ;
#1678 = EDGE_CURVE ( 'NONE', #366, #208, #1420, .T. ) ;
#1679 = DIRECTION ( 'NONE',  ( -0.7071067811865457964, 0.7071067811865492381, 0.000000000000000000 ) ) ;
#1680 = CARTESIAN_POINT ( 'NONE',  ( -3.535533905932759957, -75.05025253169411315, 1.000000000000000000 ) ) ;
#1681 = ORIENTED_EDGE ( 'NONE', *, *, #785, .T. ) ;
#1682 = DIRECTION ( 'NONE',  ( 1.000000000000000000, 0.000000000000000000, 0.000000000000000000 ) ) ;
#1683 = CARTESIAN_POINT ( 'NONE',  ( 11.00000000000000000, -63.34314575050758833, 4.000000000000000000 ) ) ;
#1684 = AXIS2_PLACEMENT_3D ( 'NONE', #177, #32, #335 ) ;
#1685 = AXIS2_PLACEMENT_3D ( 'NONE', #1617, #235, #1146 ) ;
#1686 = CARTESIAN_POINT ( 'NONE',  ( 5.000000000000000000, 7.999999999999965361, 1.000000000000000000 ) ) ;
#1687 = ORIENTED_EDGE ( 'NONE', *, *, #1615, .F. ) ;
#1688 = EDGE_LOOP ( 'NONE', ( #58, #145, #1743 ) ) ;
#1689 = EDGE_CURVE ( 'NONE', #415, #404, #1105, .T. ) ;
#1690 = VERTEX_POINT ( 'NONE', #1870 ) ;
#1691 = PLANE ( 'NONE',  #1940 ) ;
#1692 = PLANE ( 'NONE',  #1326 ) ;
#1693 = EDGE_CURVE ( 'NONE', #732, #758, #1865, .T. ) ;
#1694 = CARTESIAN_POINT ( 'NONE',  ( 7.077671781985372945E-15, -71.51471862576140381, 4.000000000000000000 ) ) ;
#1695 = AXIS2_PLACEMENT_3D ( 'NONE', #1064, #622, #915 ) ;
#1696 = DIRECTION ( 'NONE',  ( 0.000000000000000000, 0.000000000000000000, 1.000000000000000000 ) ) ;
#1697 = VECTOR ( 'NONE', #213, 1000.000000000000000 ) ;
#1698 = DIRECTION ( 'NONE',  ( 1.000000000000000000, 0.000000000000000000, 0.000000000000000000 ) ) ;
#1699 = VERTEX_POINT ( 'NONE', #957 ) ;
#1700 = ORIENTED_EDGE ( 'NONE', *, *, #212, .T. ) ;
#1701 = AXIS2_PLACEMENT_3D ( 'NONE', #279, #1815, #1640 ) ;
#1702 = ORIENTED_EDGE ( 'NONE', *, *, #425, .T. ) ;
#1703 = LINE ( 'NONE', #1580, #483 ) ;
#1704 = FACE_OUTER_BOUND ( 'NONE', #16, .T. ) ;
#1705 = ADVANCED_FACE ( 'NONE', ( #1757 ), #1459, .T. ) ;
#1706 = AXIS2_PLACEMENT_3D ( 'NONE', #804, #664, #1742 ) ;
#1707 = ADVANCED_FACE ( 'NONE', ( #539 ), #522, .T. ) ;
#1708 = CARTESIAN_POINT ( 'NONE',  ( -15.00000000000000178, 8.000000000000000000, 3.000000000000000000 ) ) ;
#1709 = DIRECTION ( 'NONE',  ( 0.000000000000000000, 0.000000000000000000, -1.000000000000000000 ) ) ;
#1710 = ORIENTED_EDGE ( 'NONE', *, *, #602, .F. ) ;
#1711 = ORIENTED_EDGE ( 'NONE', *, *, #1960, .F. ) ;
#1712 = VECTOR ( 'NONE', #1527, 1000.000000000000114 ) ;
#1713 = AXIS2_PLACEMENT_3D ( 'NONE', #759, #334, #1572 ) ;
#1714 = EDGE_LOOP ( 'NONE', ( #1215, #1380, #311, #1456, #199 ) ) ;
#1715 = FACE_OUTER_BOUND ( 'NONE', #492, .T. ) ;
#1716 = CARTESIAN_POINT ( 'NONE',  ( 5.000000000000000888, 6.000000000000000888, 2.000000000000000000 ) ) ;
#1717 = VECTOR ( 'NONE', #1915, 1000.000000000000000 ) ;
#1718 = ADVANCED_FACE ( 'NONE', ( #1114 ), #1734, .F. ) ;
#1719 = CARTESIAN_POINT ( 'NONE',  ( 3.000000000000000444, 1.999999999999999556, 1.000000000000000000 ) ) ;
#1720 = AXIS2_PLACEMENT_3D ( 'NONE', #1809, #437, #1160 ) ;
#1721 = CARTESIAN_POINT ( 'NONE',  ( 2.999999999999985789, 0.000000000000000000, 4.000000000000000000 ) ) ;
#1722 = VECTOR ( 'NONE', #1139, 1000.000000000000114 ) ;
#1723 = VERTEX_POINT ( 'NONE', #210 ) ;
#1724 = ORIENTED_EDGE ( 'NONE', *, *, #612, .T. ) ;
#1725 = DIRECTION ( 'NONE',  ( -1.000000000000000000, -1.445602896647342614E-16, 0.000000000000000000 ) ) ;
#1726 = DIRECTION ( 'NONE',  ( 0.000000000000000000, 1.000000000000000000, 0.000000000000000000 ) ) ;
#1727 = FACE_OUTER_BOUND ( 'NONE', #593, .T. ) ;
#1728 = EDGE_CURVE ( 'NONE', #907, #1424, #813, .T. ) ;
#1729 = AXIS2_PLACEMENT_3D ( 'NONE', #1209, #1819, #463 ) ;
#1730 = DIRECTION ( 'NONE',  ( -0.000000000000000000, -0.000000000000000000, -1.000000000000000000 ) ) ;
#1731 = EDGE_CURVE ( 'NONE', #1900, #537, #1573, .T. ) ;
#1732 = ORIENTED_EDGE ( 'NONE', *, *, #345, .F. ) ;
#1733 = CARTESIAN_POINT ( 'NONE',  ( 12.99999999999999112, 9.000000000000001776, 3.000000000000000000 ) ) ;
#1734 = PLANE ( 'NONE',  #1706 ) ;
#1735 = CIRCLE ( 'NONE', #1441, 1.000000000000000000 ) ;
#1736 = CIRCLE ( 'NONE', #1669, 0.9999999999999988898 ) ;
#1737 = DIRECTION ( 'NONE',  ( 1.000000000000000000, 0.000000000000000000, 0.000000000000000000 ) ) ;
#1738 = CARTESIAN_POINT ( 'NONE',  ( -14.99999999999999112, -63.34314575050758833, 1.000000000000000000 ) ) ;
#1739 = VERTEX_POINT ( 'NONE', #202 ) ;
#1740 = DIRECTION ( 'NONE',  ( 0.000000000000000000, 0.000000000000000000, 1.000000000000000000 ) ) ;
#1741 = ADVANCED_FACE ( 'NONE', ( #236 ), #674, .T. ) ;
#1742 = DIRECTION ( 'NONE',  ( 0.000000000000000000, 0.000000000000000000, 1.000000000000000000 ) ) ;
#1743 = ORIENTED_EDGE ( 'NONE', *, *, #775, .F. ) ;
#1744 = LINE ( 'NONE', #375, #1759 ) ;
#1745 = CARTESIAN_POINT ( 'NONE',  ( -15.00000000000000178, 8.000000000000000000, 1.000000000000000000 ) ) ;
#1746 = ORIENTED_EDGE ( 'NONE', *, *, #1165, .F. ) ;
#1747 = DIRECTION ( 'NONE',  ( -0.000000000000000000, -0.000000000000000000, -1.000000000000000000 ) ) ;
#1748 = LINE ( 'NONE', #1598, #526 ) ;
#1749 = ADVANCED_FACE ( 'NONE', ( #823 ), #1478, .T. ) ;
#1750 = AXIS2_PLACEMENT_3D ( 'NONE', #912, #1826, #1249 ) ;
#1751 = ORIENTED_EDGE ( 'NONE', *, *, #1886, .F. ) ;
#1752 = ORIENTED_EDGE ( 'NONE', *, *, #1568, .F. ) ;
#1753 = CYLINDRICAL_SURFACE ( 'NONE', #1428, 2.000000000000000444 ) ;
#1754 = CARTESIAN_POINT ( 'NONE',  ( -13.00000000000000000, 8.000000000000000000, 4.000000000000000000 ) ) ;
#1755 = EDGE_LOOP ( 'NONE', ( #1485, #1968, #1563, #606 ) ) ;
#1756 = DIRECTION ( 'NONE',  ( -0.7071067811865471286, 0.7071067811865479058, -0.000000000000000000 ) ) ;
#1757 = FACE_OUTER_BOUND ( 'NONE', #1484, .T. ) ;
#1758 = AXIS2_PLACEMENT_3D ( 'NONE', #1719, #24, #623 ) ;
#1759 = VECTOR ( 'NONE', #352, 1000.000000000000114 ) ;
#1760 = EDGE_LOOP ( 'NONE', ( #1605, #348, #1047, #216, #1283 ) ) ;
#1761 = EDGE_CURVE ( 'NONE', #843, #1779, #1897, .T. ) ;
#1762 = DIRECTION ( 'NONE',  ( 0.000000000000000000, 0.000000000000000000, 1.000000000000000000 ) ) ;
#1763 = AXIS2_PLACEMENT_3D ( 'NONE', #1182, #1309, #116 ) ;
#1764 = CARTESIAN_POINT ( 'NONE',  ( 13.12132034355963306, -65.46446609406723383, 0.000000000000000000 ) ) ;
#1765 = DIRECTION ( 'NONE',  ( 0.7071067811865465735, 0.7071067811865484609, -0.000000000000000000 ) ) ;
#1766 = DIRECTION ( 'NONE',  ( 1.000000000000000000, -0.000000000000000000, -0.000000000000000000 ) ) ;
#1767 = DIRECTION ( 'NONE',  ( 0.000000000000000000, 0.000000000000000000, 1.000000000000000000 ) ) ;
#1768 = ORIENTED_EDGE ( 'NONE', *, *, #1650, .T. ) ;
#1769 = ADVANCED_FACE ( 'NONE', ( #1302 ), #49, .T. ) ;
#1770 = CARTESIAN_POINT ( 'NONE',  ( -7.000000000000000000, 8.000000000000000000, 4.000000000000000000 ) ) ;
#1771 = DIRECTION ( 'NONE',  ( -1.000000000000000000, -1.445602896647342614E-16, 0.000000000000000000 ) ) ;
#1772 = CARTESIAN_POINT ( 'NONE',  ( -14.99999999999999112, -63.34314575050758833, 3.000000000000000000 ) ) ;
#1773 = FACE_OUTER_BOUND ( 'NONE', #1755, .T. ) ;
#1774 = AXIS2_PLACEMENT_3D ( 'NONE', #1660, #1345, #1023 ) ;
#1775 = AXIS2_PLACEMENT_3D ( 'NONE', #1770, #1497, #865 ) ;
#1776 = DIRECTION ( 'NONE',  ( -0.000000000000000000, -0.000000000000000000, -1.000000000000000000 ) ) ;
#1777 = ORIENTED_EDGE ( 'NONE', *, *, #950, .F. ) ;
#1778 = ADVANCED_FACE ( 'NONE', ( #1267 ), #1193, .T. ) ;
#1779 = VERTEX_POINT ( 'NONE', #1922 ) ;
#1780 = DIRECTION ( 'NONE',  ( -1.000000000000000000, 0.000000000000000000, 0.000000000000000000 ) ) ;
#1781 = CARTESIAN_POINT ( 'NONE',  ( 6.000000000000000000, 7.999999999999965361, 1.000000000000000000 ) ) ;
#1782 = EDGE_CURVE ( 'NONE', #404, #1069, #1804, .T. ) ;
#1783 = CIRCLE ( 'NONE', #1695, 3.999999999999998224 ) ;
#1784 = DIRECTION ( 'NONE',  ( 0.7071067811865497932, -0.7071067811865454633, 0.000000000000000000 ) ) ;
#1785 = DIRECTION ( 'NONE',  ( 0.000000000000000000, 0.000000000000000000, 1.000000000000000000 ) ) ;
#1786 = AXIS2_PLACEMENT_3D ( 'NONE', #1305, #1603, #1737 ) ;
#1787 = DIRECTION ( 'NONE',  ( 0.7071067811865460184, -0.7071067811865491270, 0.000000000000000000 ) ) ;
#1788 = CARTESIAN_POINT ( 'NONE',  ( 7.000000000000000000, 7.999999999999965361, 4.000000000000000000 ) ) ;
#1789 = VERTEX_POINT ( 'NONE', #1040 ) ;
#1790 = AXIS2_PLACEMENT_3D ( 'NONE', #129, #878, #1784 ) ;
#1791 = VERTEX_POINT ( 'NONE', #1156 ) ;
#1792 = ORIENTED_EDGE ( 'NONE', *, *, #569, .F. ) ;
#1793 = FACE_OUTER_BOUND ( 'NONE', #571, .T. ) ;
#1794 = DIRECTION ( 'NONE',  ( 1.445602896647342614E-16, -1.000000000000000000, 0.000000000000000000 ) ) ;
#1795 = VECTOR ( 'NONE', #998, 1000.000000000000000 ) ;
#1796 = EDGE_CURVE ( 'NONE', #795, #47, #541, .T. ) ;
#1797 = CYLINDRICAL_SURFACE ( 'NONE', #1554, 1.000000000000000000 ) ;
#1798 = FACE_OUTER_BOUND ( 'NONE', #790, .T. ) ;
#1799 = DIRECTION ( 'NONE',  ( -5.204170427930416550E-15, 1.000000000000000000, 0.000000000000000000 ) ) ;
#1800 = AXIS2_PLACEMENT_3D ( 'NONE', #331, #605, #1709 ) ;
#1801 = ORIENTED_EDGE ( 'NONE', *, *, #1917, .T. ) ;
#1802 = ORIENTED_EDGE ( 'NONE', *, *, #383, .T. ) ;
#1803 = CARTESIAN_POINT ( 'NONE',  ( 4.242640687119327403, -75.75735931288066638, 4.000000000000000000 ) ) ;
#1804 = LINE ( 'NONE', #388, #766 ) ;
#1805 = AXIS2_PLACEMENT_3D ( 'NONE', #728, #718, #1934 ) ;
#1806 = CARTESIAN_POINT ( 'NONE',  ( -5.000000000000000888, 6.999999999999999112, 1.000000000000000000 ) ) ;
#1807 = CARTESIAN_POINT ( 'NONE',  ( -13.00000000000000000, 8.000000000000000000, 3.000000000000000000 ) ) ;
#1808 = EDGE_CURVE ( 'NONE', #625, #616, #824, .T. ) ;
#1809 = CARTESIAN_POINT ( 'NONE',  ( -7.000000000000000000, 8.000000000000000000, 1.000000000000000000 ) ) ;
#1810 = EDGE_LOOP ( 'NONE', ( #863, #833, #1214, #458 ) ) ;
#1811 = EDGE_LOOP ( 'NONE', ( #1244, #1681, #1009 ) ) ;
#1812 = CYLINDRICAL_SURFACE ( 'NONE', #658, 1.000000000000000000 ) ;
#1813 = DIRECTION ( 'NONE',  ( -0.000000000000000000, -0.000000000000000000, -1.000000000000000000 ) ) ;
#1814 = ORIENTED_EDGE ( 'NONE', *, *, #1531, .F. ) ;
#1815 = DIRECTION ( 'NONE',  ( 0.000000000000000000, -1.000000000000000000, 0.000000000000000000 ) ) ;
#1816 = DIRECTION ( 'NONE',  ( 0.000000000000000000, -1.000000000000000000, 0.000000000000000000 ) ) ;
#1817 = ORIENTED_EDGE ( 'NONE', *, *, #1651, .T. ) ;
#1818 = DIRECTION ( 'NONE',  ( 0.000000000000000000, 0.000000000000000000, -1.000000000000000000 ) ) ;
#1819 = DIRECTION ( 'NONE',  ( -1.000000000000000000, 0.000000000000000000, 0.000000000000000000 ) ) ;
#1820 = EDGE_CURVE ( 'NONE', #1791, #953, #420, .T. ) ;
#1821 = EDGE_CURVE ( 'NONE', #826, #811, #1147, .T. ) ;
#1822 = ORIENTED_EDGE ( 'NONE', *, *, #1467, .F. ) ;
#1823 = DIRECTION ( 'NONE',  ( -1.000000000000000000, -1.131160428604171613E-16, 0.000000000000000000 ) ) ;
#1824 = CIRCLE ( 'NONE', #1185, 1.000000000000000000 ) ;
#1825 = CARTESIAN_POINT ( 'NONE',  ( -5.000000000000000888, 8.000000000000000000, 4.000000000000000000 ) ) ;
#1826 = DIRECTION ( 'NONE',  ( -0.000000000000000000, -0.000000000000000000, -1.000000000000000000 ) ) ;
#1827 = EDGE_LOOP ( 'NONE', ( #952, #1016, #1675, #1324 ) ) ;
#1828 = DIRECTION ( 'NONE',  ( 1.000000000000000000, 0.000000000000000000, 0.000000000000000000 ) ) ;
#1829 = DIRECTION ( 'NONE',  ( -0.000000000000000000, 1.000000000000000000, -0.000000000000000000 ) ) ;
#1830 = EDGE_CURVE ( 'NONE', #801, #265, #930, .T. ) ;
#1831 = CARTESIAN_POINT ( 'NONE',  ( 6.999999999999987566, 9.999999999999966249, 1.000000000000000000 ) ) ;
#1832 = DIRECTION ( 'NONE',  ( 0.000000000000000000, 0.000000000000000000, 1.000000000000000000 ) ) ;
#1833 = DIRECTION ( 'NONE',  ( -0.000000000000000000, 1.000000000000000000, -0.000000000000000000 ) ) ;
#1834 = ORIENTED_EDGE ( 'NONE', *, *, #1961, .T. ) ;
#1835 = CARTESIAN_POINT ( 'NONE',  ( 11.00000000000000000, -63.34314575050758833, 3.000000000000000000 ) ) ;
#1836 = CARTESIAN_POINT ( 'NONE',  ( -14.99999999999999289, -63.34314575050758833, 3.000000000000000000 ) ) ;
#1837 = VECTOR ( 'NONE', #469, 1000.000000000000000 ) ;
#1838 = AXIS2_PLACEMENT_3D ( 'NONE', #1308, #1921, #1192 ) ;
#1839 = DIRECTION ( 'NONE',  ( 0.000000000000000000, 0.000000000000000000, 1.000000000000000000 ) ) ;
#1840 = EDGE_CURVE ( 'NONE', #230, #251, #892, .T. ) ;
#1841 = ORIENTED_EDGE ( 'NONE', *, *, #807, .T. ) ;
#1842 = ORIENTED_EDGE ( 'NONE', *, *, #543, .F. ) ;
#1843 = EDGE_CURVE ( 'NONE', #566, #1130, #1945, .T. ) ;
#1844 = FACE_OUTER_BOUND ( 'NONE', #794, .T. ) ;
#1845 = CARTESIAN_POINT ( 'NONE',  ( -3.000000000000000444, 2.000000000000000000, 1.000000000000000000 ) ) ;
#1846 = VECTOR ( 'NONE', #280, 1000.000000000000114 ) ;
#1847 = CARTESIAN_POINT ( 'NONE',  ( 13.99999999999999822, 8.000000000000000000, 4.000000000000000000 ) ) ;
#1848 = AXIS2_PLACEMENT_3D ( 'NONE', #1422, #1124, #1108 ) ;
#1849 = CARTESIAN_POINT ( 'NONE',  ( -15.00000000000000000, 6.999999999999998224, 2.000000000000000000 ) ) ;
#1850 = VERTEX_POINT ( 'NONE', #107 ) ;
#1851 = DIRECTION ( 'NONE',  ( 0.000000000000000000, 0.000000000000000000, -1.000000000000000000 ) ) ;
#1852 = LINE ( 'NONE', #303, #748 ) ;
#1853 = EDGE_CURVE ( 'NONE', #1955, #1546, #1824, .T. ) ;
#1854 = CARTESIAN_POINT ( 'NONE',  ( 3.000000000000000444, 1.999999999999999556, 3.000000000000000000 ) ) ;
#1855 = CARTESIAN_POINT ( 'NONE',  ( 12.99999999999999822, 8.000000000000000000, 3.000000000000000000 ) ) ;
#1856 = ORIENTED_EDGE ( 'NONE', *, *, #1127, .T. ) ;
#1857 = AXIS2_PLACEMENT_3D ( 'NONE', #1548, #21, #624 ) ;
#1858 = AXIS2_PLACEMENT_3D ( 'NONE', #1552, #812, #217 ) ;
#1859 = ORIENTED_EDGE ( 'NONE', *, *, #870, .F. ) ;
#1860 = DIRECTION ( 'NONE',  ( 5.782411586589359611E-15, -1.000000000000000000, 0.000000000000000000 ) ) ;
#1861 = CARTESIAN_POINT ( 'NONE',  ( 15.00000000000000000, 8.000000000000000000, 1.000000000000000000 ) ) ;
#1862 = ADVANCED_FACE ( 'NONE', ( #1626 ), #1637, .T. ) ;
#1863 = DIRECTION ( 'NONE',  ( 0.000000000000000000, 1.000000000000000000, 0.000000000000000000 ) ) ;
#1864 = FILL_AREA_STYLE_COLOUR ( '', #751 ) ;
#1865 = CIRCLE ( 'NONE', #397, 1.000000000000000000 ) ;
#1866 = ORIENTED_EDGE ( 'NONE', *, *, #1821, .F. ) ;
#1867 = PRESENTATION_LAYER_ASSIGNMENT (  '', '', ( #56 ) ) ;
#1868 = VERTEX_POINT ( 'NONE', #1487 ) ;
#1869 = LINE ( 'NONE', #672, #1153 ) ;
#1870 = CARTESIAN_POINT ( 'NONE',  ( -2.999999999999979572, -1.000000000000000000, 4.000000000000000000 ) ) ;
#1871 = CARTESIAN_POINT ( 'NONE',  ( 15.00000000000000000, 8.000000000000000000, 2.000000000000000000 ) ) ;
#1872 = EDGE_CURVE ( 'NONE', #430, #907, #1119, .T. ) ;
#1873 = EDGE_CURVE ( 'NONE', #1029, #99, #1148, .T. ) ;
#1874 = CIRCLE ( 'NONE', #1373, 0.9999999999999988898 ) ;
#1875 = DIRECTION ( 'NONE',  ( 1.215760433415192867E-16, -1.000000000000000000, -0.000000000000000000 ) ) ;
#1876 = ORIENTED_EDGE ( 'NONE', *, *, #1944, .F. ) ;
#1877 = ORIENTED_EDGE ( 'NONE', *, *, #50, .T. ) ;
#1878 = FACE_OUTER_BOUND ( 'NONE', #1002, .T. ) ;
#1879 = DIRECTION ( 'NONE',  ( 1.000000000000000000, 0.000000000000000000, 0.000000000000000000 ) ) ;
#1880 = AXIS2_PLACEMENT_3D ( 'NONE', #1943, #1039, #440 ) ;
#1881 = AXIS2_PLACEMENT_3D ( 'NONE', #1825, #1725, #1063 ) ;
#1882 = EDGE_LOOP ( 'NONE', ( #1752, #1941, #184, #1895, #1814 ) ) ;
#1883 = CIRCLE ( 'NONE', #175, 2.999999999999999112 ) ;
#1884 = DIRECTION ( 'NONE',  ( 0.000000000000000000, -1.000000000000000000, 0.000000000000000000 ) ) ;
#1885 = DIRECTION ( 'NONE',  ( 0.000000000000000000, 0.000000000000000000, 1.000000000000000000 ) ) ;
#1886 = EDGE_CURVE ( 'NONE', #417, #1130, #1736, .T. ) ;
#1887 = ORIENTED_EDGE ( 'NONE', *, *, #882, .T. ) ;
#1888 = CARTESIAN_POINT ( 'NONE',  ( 7.000000000000000000, 7.999999999999965361, 4.000000000000000000 ) ) ;
#1889 = CARTESIAN_POINT ( 'NONE',  ( 7.000000000000000000, 7.999999999999965361, 3.000000000000000000 ) ) ;
#1890 = ORIENTED_EDGE ( 'NONE', *, *, #481, .F. ) ;
#1891 = ORIENTED_EDGE ( 'NONE', *, *, #258, .T. ) ;
#1892 = CYLINDRICAL_SURFACE ( 'NONE', #816, 1.000000000000000888 ) ;
#1893 = DIRECTION ( 'NONE',  ( 1.000000000000000000, 0.000000000000000000, 0.000000000000000000 ) ) ;
#1894 = AXIS2_PLACEMENT_3D ( 'NONE', #592, #391, #1001 ) ;
#1895 = ORIENTED_EDGE ( 'NONE', *, *, #1247, .F. ) ;
#1896 = DIRECTION ( 'NONE',  ( 0.000000000000000000, -1.000000000000000000, 0.000000000000000000 ) ) ;
#1897 = LINE ( 'NONE', #835, #1545 ) ;
#1898 = EDGE_CURVE ( 'NONE', #1570, #877, #1057, .T. ) ;
#1899 = EDGE_CURVE ( 'NONE', #1690, #1908, #860, .T. ) ;
#1900 = VERTEX_POINT ( 'NONE', #856 ) ;
#1901 = DIRECTION ( 'NONE',  ( 1.000000000000000000, 0.000000000000000000, 0.000000000000000000 ) ) ;
#1902 = VERTEX_POINT ( 'NONE', #127 ) ;
#1903 = DIRECTION ( 'NONE',  ( 0.7071067811865471286, -0.7071067811865479058, 0.000000000000000000 ) ) ;
#1904 = ORIENTED_EDGE ( 'NONE', *, *, #1196, .F. ) ;
#1905 = DIRECTION ( 'NONE',  ( -1.000000000000000000, -1.131160428604171613E-16, -0.000000000000000000 ) ) ;
#1906 = CARTESIAN_POINT ( 'NONE',  ( 6.000000000000000000, -63.34314575050758833, 1.000000000000000000 ) ) ;
#1907 = ORIENTED_EDGE ( 'NONE', *, *, #421, .T. ) ;
#1908 = VERTEX_POINT ( 'NONE', #726 ) ;
#1909 = EDGE_CURVE ( 'NONE', #1868, #1515, #1383, .T. ) ;
#1910 = EDGE_CURVE ( 'NONE', #826, #251, #98, .T. ) ;
#1911 = CARTESIAN_POINT ( 'NONE',  ( -13.12132034355962951, -65.46446609406723383, 3.000000000000000000 ) ) ;
#1912 = ORIENTED_EDGE ( 'NONE', *, *, #18, .F. ) ;
#1913 = FACE_OUTER_BOUND ( 'NONE', #498, .T. ) ;
#1914 = DIRECTION ( 'NONE',  ( 0.7071067811865492381, -0.7071067811865457964, 0.000000000000000000 ) ) ;
#1915 = DIRECTION ( 'NONE',  ( -1.215760433415192867E-16, 1.000000000000000000, 0.000000000000000000 ) ) ;
#1916 = DIRECTION ( 'NONE',  ( 1.000000000000000000, 5.782411586589359611E-15, -0.000000000000000000 ) ) ;
#1917 = EDGE_CURVE ( 'NONE', #518, #417, #1883, .T. ) ;
#1918 = VERTEX_POINT ( 'NONE', #1667 ) ;
#1919 = EDGE_CURVE ( 'NONE', #1902, #287, #104, .T. ) ;
#1920 = ORIENTED_EDGE ( 'NONE', *, *, #1444, .T. ) ;
#1921 = DIRECTION ( 'NONE',  ( -0.000000000000000000, -0.000000000000000000, -1.000000000000000000 ) ) ;
#1922 = CARTESIAN_POINT ( 'NONE',  ( -7.000000000000000000, 9.000000000000001776, 0.000000000000000000 ) ) ;
#1923 = CARTESIAN_POINT ( 'NONE',  ( 15.00000000000000000, 7.000000000000001776, 1.000000000000000000 ) ) ;
#1924 = CIRCLE ( 'NONE', #153, 1.000000000000001332 ) ;
#1925 = CIRCLE ( 'NONE', #1965, 1.000000000000000000 ) ;
#1926 = CIRCLE ( 'NONE', #914, 3.000000000000000000 ) ;
#1927 = DIRECTION ( 'NONE',  ( -0.7071067811865490160, -0.7071067811865460184, 0.000000000000000000 ) ) ;
#1928 = VERTEX_POINT ( 'NONE', #1172 ) ;
#1929 = ADVANCED_FACE ( 'NONE', ( #741 ), #304, .F. ) ;
#1930 = ORIENTED_EDGE ( 'NONE', *, *, #1343, .T. ) ;
#1931 = DIRECTION ( 'NONE',  ( -0.7071067811865484609, 0.7071067811865465735, 0.000000000000000000 ) ) ;
#1932 = CARTESIAN_POINT ( 'NONE',  ( 5.000000000000000888, 7.000000000000000888, 2.000000000000000000 ) ) ;
#1933 = AXIS2_PLACEMENT_3D ( 'NONE', #1251, #472, #1403 ) ;
#1934 = DIRECTION ( 'NONE',  ( 0.000000000000000000, 0.000000000000000000, -1.000000000000000000 ) ) ;
#1935 = FACE_OUTER_BOUND ( 'NONE', #1601, .T. ) ;
#1936 = CIRCLE ( 'NONE', #1786, 6.000000000000003553 ) ;
#1937 = DIRECTION ( 'NONE',  ( 1.000000000000000000, 6.938893903907228378E-15, 0.000000000000000000 ) ) ;
#1938 = DIRECTION ( 'NONE',  ( -1.000000000000000000, 0.000000000000000000, 0.000000000000000000 ) ) ;
#1939 = ORIENTED_EDGE ( 'NONE', *, *, #149, .T. ) ;
#1940 = AXIS2_PLACEMENT_3D ( 'NONE', #1419, #1860, #313 ) ;
#1941 = ORIENTED_EDGE ( 'NONE', *, *, #1593, .F. ) ;
#1942 = EDGE_LOOP ( 'NONE', ( #284, #645, #1126, #100, #1375 ) ) ;
#1943 = CARTESIAN_POINT ( 'NONE',  ( 7.077671781985372945E-15, -71.51471862576140381, 1.000000000000000000 ) ) ;
#1944 = EDGE_CURVE ( 'NONE', #1789, #531, #3, .T. ) ;
#1945 = LINE ( 'NONE', #1509, #1218 ) ;
#1946 = ORIENTED_EDGE ( 'NONE', *, *, #1338, .T. ) ;
#1947 = DIRECTION ( 'NONE',  ( 0.000000000000000000, 0.000000000000000000, -1.000000000000000000 ) ) ;
#1948 = DIRECTION ( 'NONE',  ( 1.000000000000000000, 0.000000000000000000, -0.000000000000000000 ) ) ;
#1949 = ORIENTED_EDGE ( 'NONE', *, *, #1821, .T. ) ;
#1950 = CYLINDRICAL_SURFACE ( 'NONE', #1894, 1.000000000000000000 ) ;
#1951 = CIRCLE ( 'NONE', #1452, 1.000000000000000000 ) ;
#1952 = EDGE_LOOP ( 'NONE', ( #1349, #961, #837, #1822 ) ) ;
#1953 = AXIS2_PLACEMENT_3D ( 'NONE', #1238, #200, #1381 ) ;
#1954 = APPLICATION_CONTEXT ( 'automotive_design' ) ;
#1955 = VERTEX_POINT ( 'NONE', #152 ) ;
#1956 = ORIENTED_EDGE ( 'NONE', *, *, #1021, .T. ) ;
#1957 = DIRECTION ( 'NONE',  ( 0.000000000000000000, 0.000000000000000000, 1.000000000000000000 ) ) ;
#1958 = CARTESIAN_POINT ( 'NONE',  ( -3.000000000000000444, 2.000000000000000000, 4.000000000000000000 ) ) ;
#1959 = DIRECTION ( 'NONE',  ( -0.000000000000000000, -0.000000000000000000, -1.000000000000000000 ) ) ;
#1960 = EDGE_CURVE ( 'NONE', #577, #1537, #1672, .T. ) ;
#1961 = EDGE_CURVE ( 'NONE', #415, #960, #413, .T. ) ;
#1962 = AXIS2_PLACEMENT_3D ( 'NONE', #1662, #1767, #1151 ) ;
#1963 = VECTOR ( 'NONE', #1833, 1000.000000000000000 ) ;
#1964 = DIRECTION ( 'NONE',  ( -0.000000000000000000, -0.000000000000000000, -1.000000000000000000 ) ) ;
#1965 = AXIS2_PLACEMENT_3D ( 'NONE', #686, #810, #1885 ) ;
#1966 = EDGE_LOOP ( 'NONE', ( #1435, #1841, #944, #1939, #510, #1212, #178, #1586, #703, #1493, #1389, #1802, #972, #406, #1078, #770, #680, #1596 ) ) ;
#1967 = CARTESIAN_POINT ( 'NONE',  ( -2.121320343559657484, -76.46446609406723383, 0.000000000000000000 ) ) ;
#1968 = ORIENTED_EDGE ( 'NONE', *, *, #1796, .T. ) ;
ENDSEC;
END-ISO-10303-21;
